dissecting scalpel, no. 1, 15 cm
dissecting scalpel, no. 2, 15 cm
dissecting scalpel, no. 3, 15.5 cm
dissecting scalpel, no. 4, 16 cm
dissecting scalpel, no. 5, 16 cm
dissecting scalpel, no. 6, 15 cm
dissecting scalpel, no. 7, 15 cm
dissecting scalpel, no. 8, 16 cm
dissecting scalpel, no. 9, 16 cm
dissecting scalpel, no. 10, 17 cm
brain knife, virchow, 30 cm
brain knife, virchow, 33.5 cm
brain knife, virchow, 38 cm
modeling knife handle, nagata, small
modeling knife handle, nagata, big
modeling knife blade, nagata, 3,0 mm
modeling knife blade, nagata, 4,5 mm
modeling knife blade, nagata, 6,0 mm
bladeholder, troutman-chris, str., 9 cm
bladeholder, castroviejo, 13 cm
scalpel handle, no. 4, 13.5 cm
scalpel handle, no 3 & 4, double, 16 cm
scalpel handle, no. 4l, long, 21 cm
scalpel handle, no. 4l, ang., 20.5 cm
scalpel handle, collin, no. 9, 14.5 cm
swivel head scalpel handle, 15.5 cm
scalpel handle, no. 3, 16 cm
scalpel handle, no. 3, 12 cm
scalpel handle, no. 3, shape as no. 4
scalpel handle, no. 3, cm-scale, 12 cm
scalpel handle, no. 3l, long, 21.5 cm
scalpel handle, no. 3l, ang., 21.5 cm
scalpel handle,no. 3xl, 26 cm
scalpel handle, no. 7, solid, 16 cm
scalpel handle, no. 7k, solid, short
scalpel handle, round, no. 3, 15.5 cm
scalpel handle, plastic, no. 3, 12.5 cm
scalpel handle round, str., no. 3, 14 cm
scalpel handle round, ang., no. 3, 14 cm
scalpel handle kaye, round, no. 3, 15 cm
scalpel handle, landolt, bay., 21 cm
scalpel handle, landolt, bay., 25 cm
scalpel handle, long, fine, 21,5 cm
scalpel handle, bay., 21 cm
scalpel handle, mini, round, 15,5 cm
scalpel blade, no. 10, sterile
scalpel blade, no. 11, sterile
scalpel blade, no. 12, sterile
scalpel blade, no. 15, sterile
scalpel blade, no. 18, sterile
scalpel blade, no. 20, sterile
scalpel blade, no. 21, sterile
scalpel blade, no. 22, sterile
scalpel blade, no. 23, sterile
scalpel blade, no. 24, sterile
scalpel blade, no. 36, sterile
scalpel blade, no. 12d, sterile
scalpel blade, no. 15c, sterile
scalpel handle f. microblade, 13.5 cm
kling-ex, scalpel blade remover
disposable scalpel, no. 20, sterile
disposable scalpel, no. 21, sterile
disposable scalpel, no. 22, sterile
disposable scalpel, no. 23, sterile
disposable scalpel, no. 24, sterile
disposable scalpel, no. 10, sterile
disposable scalpel, no. 11, sterile
disposable scalpel, no. 12, sterile
disposable scalpel, no. 15, sterile
disposable scalpel, no. 12d, sterile
disposable scalpel, no. 15c, sterile
amputating knife, cut 190 mm, 32 cm
resection knife, solid, 19 cm
dermatome, humby, complete, 32 cm
dermatome, schink, complete, 30 cm
dermatome, silver, 19.5 cm
operating scissors, bl/bl, str., 12 cm
operating scissors, bl/bl, str., 13 cm
operating scissors, bl/bl, str., 14.5 cm
operating scissors, bl/bl, str., 16.5 cm
operating scissors, bl/bl, str., 18.5 cm
operating scissors, bl/bl, str., 20.5 cm
operating scissors, sh/bl, str., 12 cm
operating scissors, sh/bl, str., 13 cm
operating scissors, sh/bl, str., 14.5 cm
operating scissors, sh/bl, str., 16.5 cm
operating scissors, sh/bl, str., 18.5 cm
operating scissors, sh/bl, str., 20.5 cm
operating scissors, sh/sh, str., 12 cm
operating scissors, sh/sh, str., 13 cm
operating scissors, sh/sh, str., 14.5 cm
operating scissors, sh/sh, str., 16.5 cm
operating scissors, bl/bl, cvd., 12 cm
operating scissors, bl/bl, cvd., 13 cm
operating scissors, bl/bl, cvd., 14.5 cm
operating scissors, bl/bl, cvd., 16.5 cm
operating scissors, bl/bl, cvd., 18.5 cm
operating scissors, bl/bl, cvd., 20.5 cm
operating scissors, sh/bl, cvd., 12 cm
operating scissors, sh/bl, cvd., 13 cm
operating scissors, sh/bl, cvd., 14.5 cm
operating scissors, sh/bl, cvd., 16.5 cm
operating scissors, sh/bl, cvd., 18.5 cm
operating scissors, sh/bl, cvd., 20.5 cm
operating scissors, sh/sh, cvd., 12 cm
operating scissors, sh/sh, cvd., 13 cm
operating scissors, sh/sh, cvd., 14.5 cm
operating scissors, sh/sh, cvd., 16.5 cm
scissor, fine, sh/sh, str., 11 cm
scissor, fine, sh/sh, cvd., 11 cm
scissor, knapp, bl/bl, str., 12 cm
scissor, knapp, bl/bl, cvd., 12 cm
scissors, delicate, bl/bl, str., 14.5 cm
scissors, delicate, sh/bl, str., 14.5 cm
scissors, delicate, sh/sh, str., 14.5 cm
scissors, delicate, bl/bl, cvd., 14.5 cm
scissors, delicate, sh/bl, cvd., 14.5 cm
scissors, delicate, sh/sh, cvd., 14.5 cm
incision scissors, str., 14.5 cm
scissors, deaver, pd/bl, str., 14.5 cm
scissors, deaver, pd/bl, cvd., 14.5 cm
scissors, mayo, str., 14.5 cm
scissors, mayo, str., 17 cm
scissors, mayo, str., 23.5 cm
scissors, mayo, cvd., 14.5 cm
scissors, mayo, cvd., 17 cm
scissors, mayo, cvd., 23.5 cm
scissors, mayo-harrington, str., 23 cm
scissors, mayo-harrington, cvd., 23 cm
scissors, mayo-harrington, cvd., 28 cm
scissors, mayo-stille, str., 15 cm
scissors, mayo-stille, str., 17 cm
scissors, mayo-stille, cvd., 15 cm
scissors, mayo-stille, cvd., 17 cm
scissors, mayo-stille, str., 16 cm
scissors, mayo-stille, str., 19.5 cm
scissors, mayo-stille, str., 21.5 cm
scissors, mayo-stille, cvd., 16 cm
scissors, mayo-stille, cvd., 19.5 cm
scissors, mayo-stille, cvd., 21.5 cm
scissors, mayo-noble, str., 16.5 cm
scissors, mayo-noble, cvd., 16.5 cm
scissors, sims, bl/bl, str., 20 cm
scissors, sims, bl/bl, str., 23 cm
scissors, sims, bl/bl, cvd., 20 cm
scissors, sims, bl/bl, cvd., 23 cm
scissors, kelly, str., 16 cm
scissors, kelly, cvd., 16 cm
scissors, doyen, bl/bl, str., 18.5 cm
scissors, doyen, bl/bl, cvd., 18.5 cm
scissors, sims-siebold, str., 24.5 cm
scissors, sims-siebold, cvd., 24.5 cm
uterine scissors, cvd., 20 cm
uterine scissors, cvd., 23 cm
dissect. scissors, bl/bl, str., 11.5 cm
dissect. scissors, bl/bl, cvd., 11.5 cm
dissect. scissors, bl/bl, str., 14.5 cm
dissect. scissors, sh/bl, str., 14.5 cm
dissect. scissors, sh/sh, str., 14.5 cm
dissect. scissors, bl/bl, cvd., 14.5 cm
dissect. scissors, sh/bl, cvd., 14.5 cm
dissect. scissors, sh/sh, cvd., 14.5 cm
dissect. scissors, bl/bl, str., 15.5 cm
dissect. scissors, bl/bl, cvd., 15.5 cm
scissors, diss.,metzenb.,bl/bl,str.,18cm
scissors,diss.,metzenb.,bl/bl,str,20,5cm
scissors, diss.,metzenb.,bl/bl,str.,23cm
scissors, diss.,metzenb.,bl/bl,str.,26cm
scissors,diss.,metzenb.,bl/bl,str,28,5cm
scissors, diss.,metzenb.,bl/bl,str.,31cm
dissecting scissors, sh/sh, str., 18 cm
dissecting scissors, str., 20.5 cm
dissecting scissors, cvd., 18 cm
dissecting scissors, cvd., 20.5 cm
dissecting scissors, cvd., 23 cm
dissecting scissors, cvd., 26 cm
dissecting scissors, cvd., 28.5 cm
dissecting scissors, cvd., 31 cm
dissect. scissors, serr., str., 14.5 cm
dissect. scissors, serr., cvd., 14.5 cm
dissect. scissors, sh/sh, str., 15.5 cm
dissect. scissors, sh/sh, cvd., 15.5 cm
scissors, dissecting, kübler 15 cm
scissors, kaye, cvd., serr., 18.5 cm
scissors, gorney, str., serr., 12.5 cm
scissors, gorney, str., serr., 19.5 cm
scissors, gorney, cvd., serr., 19.5 cm
face-lift scissors, aston, str., 17 cm
dissecting scissors, lexer, str., 16 cm
dissecting scissors, lexer, cvd., 16 cm
tc-dissect scissors, hohenfellner, 18 cm
tc-dissect scissors, hohenfellner, 21 cm
tc-dissect scissors, hohenfellner, 24 cm
tc-dissect scissors, debakey, 17,5 cm
tc-dissect scissors, debakey, 20 cm
nasal scissors, cinelli, 11.5 cm
nasal scissors, fomon, cvd., 14 cm
dissect. scissors, thorek, cvd., 18.5 cm
diss. scissors, lexer-baby, str., 10 cm
diss. scissors, lexer-baby, cvd., 10 cm
scissors, lexer, fine, str., 16.5 cm
scissors, lexer, fine, cvd., 16.5 cm
dissect. scissors, fine, str., 14.5 cm
dissect. scissors, fine, cvd., 14.5 cm
scissors, fine, sh/sh, str., 14.5 cm
scissors, fine, sh/sh, cvd., 14.5 cm
scissor, diss., fine, sh/sh, cvd., 18cm
scissor, diss., fine, sh/sh, cvd., 20cm
dissecting scissors, fine, str., 18 cm
dissecting scissors, fine, str., 20.5 cm
dissect. scissors, fine, str., 23 cm
dissect. scissors, fine, cvd., 18 cm
dissect. scissors, fine, cvd., 20.5 cm
dissect. scissors, fine, cvd., 23 cm
dissect. scissors, fine, s-shape, 18 cm
diss. scissors, fine, s-shape, 20.5 cm
dissect. scissors, fine, s-shape, 23 cm
cleft palate scissors, cvd., 12.5 cm
cleft palate scissors, cvd., 18 cm
scissors, sanvenero, sh/sh, str., 14 cm
scissors, sanvenero, sh/sh, cvd., 14 cm
dissect. scissors, fine, str., 11 cm
dissect. scissors, fine, cvd., 11 cm
scissors, joseph, sh/sh, str., 14.5 cm
scissors, joseph, sh/sh, cvd., 14.5 cm
scissors, peck-joseph, str., sh, 14.5 cm
scissors, peck-joseph, cvd., sh, 14.5 cm
scissors, peck-joseph, str., bl, 14.5 cm
scissors, peck-joseph, cvd., bl, 14.5 cm
vein scissors, shea, cvd., 12 cm
dissecting & gum scissors, 13 cm
dissecting scissors, kilner, cvd., 12 cm
dissecting scissors, kilner, cvd., 15 cm
scissor, diss., kilner, bl/bl, cvd.,18cm
scissor, diss., kilner, bl/bl, cvd.,20cm
dissecting scissors, str., 14.5 cm
dissecting scissors, cvd., 14.5 cm
scissor, diss., reynolds, str., 14 cm
scissors, reynolds, str., 15.5 cm
scissor, diss., reynolds, str., 18 cm
scissor, diss., reynolds, cvd., 14 cm
scissors, reynolds, cvd., 15.5 cm
scissors, reynolds, cvd., 18 cm
scissors, jameson, cvd., 15.5 cm
scissors, jameson, cvd., serr., 15.5 cm
micro scissors, str., sh/sh, 12 cm
micro scissors, str., sh/sh, 12 cm
micro scissors, cvd., sh/sh, 12 cm
micro scissors, cvd, sh/bl, 12 cm
micro scissors, cvd, bl/bl, 12 cm
micro scissors, cvd., button-end, 12 cm
micro scissors, cvd., sh/sh, 12 cm
micro scissors, cvd., sh/bl, 12 cm
micro scissors, cvd., bl/bl, 12 cm
micro scissors, cvd., button-end, 12 cm
vasc. scissors, fine, sh/sh, str., 20 cm
vasc. scissors, fine, sh/sh, cvd., 20 cm
vasc. scissors, satinsky, s-shp, 25.5 cm
scissors, diethrich-salyer, ang., 13 cm
scissors, dietrich-potts, 10mm,25°,18cm
scissors, dietrich-potts, 10mm,45°,18cm
scissors, dietrich-potts, 10mm,60°,18cm
scissors, dietrich-potts, 10mm,90°,18cm
scissors, dietrich-potts, 10mm,125°,18cm
dietrich scissors 125 deg wg
sc-scissors,dietrich-potts,10mm,25°,18cm
sc-scissors,dietrich-potts,10mm,45°,18cm
sc-scissors,dietrich-potts,10mm,60°,18cm
sc-scissors,dietrich-potts,10mm,90°,18cm
sc-scissors,dietr.-potts,10mm,125°,18cm
scissors, dietrich-potts, 7mm,25°,18cm
scissors, dietrich-potts, 7mm,45°,18cm
scissors, dietrich-potts, 7mm,60°,18cm
scissors, dietrich-potts, 7mm,90°,18cm
scissors, dietrich-potts, 7mm,125°18cm
sc-scissors,dietrich-potts,7mm,25°,18cm
sc-scissors,dietrich-potts,7mm,45°,18cm
sc-scissors,dietrich-potts,7mm,60°,18cm
sc-scissors,dietrich-potts,7mm,90°,18cm
sc-scissors,dietrich-potts,7mm,125°,18cm
coronary scissors, 25°, 10mm, fl, 21 cm
coronary scissors, 45°, 10mm, fl, 21 cm
coronary scissors, 60°, 10mm, fl, 21 cm
coronary scissors, 90°, 10mm, fl, 21 cm
coronary scissors, 125°, 10mm, fl, 21cm
scissors,dietrich-hegemann,15mm,25°,18cm
scissors,dietrich-hegemann,15mm,45°,18cm
scissors,dietrich-hegemann,15mm,60°,18cm
scissors,dietrich-hegemann,15mm,90°,18cm
scissors,dietr.-hegemann,15mm,125°,18cm
scissors,dietrich-hegemann,15mm,25°,14cm
scissors,dietrich-hegemann,15mm,45°,14cm
scissors,dietrich-hegemann,15mm,60°,14cm
scissors,dietrich-hegemann,15mm,90°,14cm
scissors,dietr.-hegemann,15mm,125°,14cm
vascular scissors, 45°, 16.5 cm
vascular scissors, 60°, 16 cm
scissors, angled 60°, button end, 18 cm
scissors, angled 60°, 18 cm
scissors, angled 40°, 18.5 cm
scissors, angled 25°, 19 cm
tc-scissors, potts-smith, 18 cm
scissors, potts, angled upw., 19.5 cm
tc-scissors, potts-smith, 18,5 cm
coronary scissors, 25°, 10 mm, 18 cm
coronary scissors, 45°, 10 mm, 18 cm
coronary scissors, 60°, 10 mm, 18 cm
coronary scissors, 90°, 10 mm, 18 cm
coronary scissors, 125°, 10 mm, 18 cm
coronary scissors, 25°, 10 mm, rd, 18 cm
coronary scissors, 45°, 10 mm, rd, 18 cm
coronary scissors, 60°, 10 mm, rd, 18 cm
coronary scissors, 90°, 10 mm, rd, 18 cm
coronary sciss., 125°, 10 mm, rd, 18 cm
vascular scissors, favaloro, 14.5 cm
vascular scissors, button, str., 12 cm
coronary scissors, 25°, 10mm, rd, 21 cm
coronary scissors, 45°, 10mm, rd, 21 cm
coronary scissors, 60°, 10mm, rd, 21 cm
coronary scissors, 90°, 10mm, rd, 21 cm
coronary scissors, 125°, 10mm, rd, 21cm
scissors, strully, bl/bl, cvd., 22 cm
scissors, strully, pd/pd, cvd., 22 cm
scissor, schmieden-taylor, 16.5 cm
scissors, toennis-adson, cvd., 17.5 cm
scissors, olivecrona, knee bent, 13 cm
scissors, dean, angled upw., 17.5 cm
scissors, dean, serr., ang. up., 17.5 cm
tonsil scissors, good, cvd., 19.5 cm
tc-nasal scissors, fomon, cvd., 14.5 cm
tc-nasal scissors, cottle, cvd., 16 cm
nasal scissors, fomon, knee bent, 14 cm
scissor, faden, littler, 12 cm
scissor, nose, cottle-m., sh., cvd.,10cm
scissor, nose, fomon, cvd., 12,5 cm
scissor, nose, converse, str., 13,5 cm
nasal scissors, cottle, 15.5 cm
scissor, nose, cottle, angl., 18 cm
scissor, nose, heymann, angl., 20 cm
scissor, nose, cottle-m., bl., cvd.,10cm
nasal scissors, heymann, 18 cm
tc-scissor, nose, giunta, cvd., 13,5 cm
scissor, nose, aufricht, cvd., 14 cm
nasal scissors, heymann, serr., 18 cm
scissor, cart., mcindoe, str., 19 cm
scissors, converse, bl/bl, 10.5 cm
scissors, converse, sh/sh, 10.5 cm
episiotomy scissors, waldmann, 18 cm
perineum sciss., braun-stadler, 14.5 cm
perineum sciss., braun-stadler, 22 cm
umbilical scissors, us type, 10.5 cm
umbilical scissors, schuhmacher, 15.5 cm
umbilical scissors, busch, 16 cm
umbilical scissors, busch, serr., 16 cm
scissors, goldm.-fox, str., serr., 13 cm
scissors, goldm.-fox, cvd., serr., 13 cm
scissors, wagner, sh/sh, str., 12 cm
scissors, wagner, sh/sh, cvd., 12 cm
scissors, delicate, sh/bl, str., 12 cm
scissors, delicate, sh/sh, str., 12 cm
scissors, delicate, sh/bl, cvd., 12 cm
scissors, delicate, sh/sh, cvd., 12 cm
gum scissors, s-shape, 11.5 cm
scissors, delicate, bl/bl, str., 11.5 cm
scissors, delicate, bl/bl, cvd., 11.5 cm
scissors, locklin, angled, serr., 16 cm
scissors, locklin, cvd., serr., 16 cm
scissors, delicate, sh/sh, str., 9 cm
scissors, delicate, sh/sh, cvd., 9 cm
iris scissors, sh/sh, str., 9 cm
iris scissors, sh/sh, str., 10.5 cm
iris scissors, sh/sh, cvd., 9 cm
iris scissors, sh/sh, cvd., 10.5 cm
iris scissors, sh/sh, flat, str.,10.5 cm
iris scissors, bonn, bl/bl, str., 9 cm
iris scissors, bonn, bl/bl, cvd., 9 cm
iris scissors, sh/sh, str., 11.5 cm
iris scissors, sh/sh, cvd., 11.5 cm
iris scissors, sh/sh, cvd. down, 11.5 cm
iris scissors, sh/sh, angled, 11.5 cm
iris scissors, sh/sh, str., 12.5 cm
iris scissors, sh/sh, cvd., 12.5 cm
sc-scissor, fine, sh/sh, str., 11 cm
sc-scissor, fine, sh/sh, cvd., 11 cm
sc-scissor, jabaley, sh/sh, str., 13 cm
sc-scissor, jabaley, sh/sh, cvd., 13 cm
sc scissors, chir., sh/bl, str., 14.5 cm
sc scissors, chir., sh/bl, cvd., 14.5 cm
sc scissors, mayo, str., 14,5 cm
sc scissors, mayo, str., 17 cm
sc scissors, mayo, str., 23,5 cm
sc scissors, mayo, cvd., 14,5 cm
sc scissors, mayo, cvd., 17 cm
sc scissors, mayo, cvd., 23,5 cm
sc scissors, mayo-stille, str., 15 cm
sc scissors, mayo-stille, str., 17 cm
sc scissors, mayo-stille, cvd., 15 cm
sc scissors, mayo-stille, cvd., 17 cm
sc scissors, kelly, str., 16 cm
sc scissors, kelly, cvd., 16 cm
sc-dissect.scissors,metzenb.str. 11,5 cm
sc-dissect.scissors,metzenb.str. 14,5 cm
sc-dissect.scissors,metzenb.cvd. 11,5 cm
sc-dissect.scissors,metzenb.cvd. 14,5 cm
sc-dissect.scissors,metzenb.str. 18 cm
sc-dissect.scissors,metzenb.str. 20,5 cm
sc-dissect.scissors,metzenb.str. 23 cm
sc-dissect.scissors,metzenb.str. 26 cm
sc-dissect.scissors,metzenb.str. 28,5 cm
sc-dissect.scissors,metzenb.str. 31 cm
sc-dissect.scissors,metzenb.cvd. 18 cm
sc-dissect.scissors,metzenb.cvd. 20,5 cm
sc-dissect.scissors,metzenb.cvd. 23 cm
sc-dissect.scissors,metzenb.cvd. 26 cm
sc-dissect.scissors,metzenb.cvd. 28,5 cm
sc-dissect.scissors,metzenb.cvd. 31 cm
sc-diss.scissors,lexer-baby, str., 10 cm
sc-dissect.scissors, lexer, str., 16 cm
sc-diss.scissors,lexer-baby, cvd., 10 cm
sc-dissect.scissors, lexer, cvd., 16 cm
sc-diss.scissors, metz.fine,cvd,14,5 cm
sc-diss.scissors, metz.fine,cvd, 18cm
sc-diss.scissors, metz.fine,cvd, 20,5cm
sc-diss.scissors, metz.fine,cvd, 23cm
sc-scissors, joseph, sh/sh, str., 14,5cm
sc-scissors, joseph, sh/sh, cvc., 14,5cm
sc-dissect.scissors, kilner, cvd., 12 cm
sc-dissect.scissors, kilner, cvd., 15 cm
sc-scissor, diss., kilner, cvd., 18 cm
sc-scissors, reynolds, cvd., 15,5 cm
sc-scissors, reynolds, cvd., 18 cm
sc-scissor, iris, sh/sh, str., 10,5 cm
sc-iris scissors, sh/sh, str., 11,5 cm
sc-scissor, iris, sh/sh, cvd., 10,5 cm
sc-iris scissors, sh/sh, cvd., 11,5 cm
sc-scissors, stevens, sh/sh, str.,10,5cm
sc-scissors, stevens, sh/sh, cvd.,10,5cm
sc-scissors, stevens, bl/bl, str.,10,5cm
sc-scissors, stevens, bl/bl, cvd.,10,5cm
scissor, stevens, bl/bl, str., 10 cm
scissor, stevens, bl/bl, cvd, 10 cm
tenotomy scissors, sh/sh, str., 11 cm
tenotomy scissors, sh/sh, cvd., 11 cm
tenotomy scissors, bl/bl, str., 11 cm
tenotomy scissors, bl/bl, cvd., 11 cm
strabismus sciss., bl/bl, str., 11.5 cm
strabismus sciss., bl/bl, cvd., 11.5 cm
enucleation scissors, cvd., 11.5 cm
micro sciss., sh/sh, str., 15 cm
micro sciss., sh/sh, str., 18 cm
micro sciss., sh/sh, str., 18 cm
micro sciss., sh/sh, cvd., 15 cm
micro sciss., sh/sh, cvd., 18 cm
micro sciss., bl/bl, cvd., 18 cm
micro sciss., bl/bl, cvd., 18 cm
micro sciss., sh/sh, str., 15 cm
micro sciss., sh/sh, str., 18 cm
micro sciss., sh/sh, str., 18 cm
micro sciss., sh/sh, cvd., 15 cm
micro sciss., sh/sh, cvd., 18 cm
micro sciss., bl/bl, cvd., 18 cm
micro sciss., bl/bl, cvd., 18 cm
strabismus scissors, str., 11.5 cm
strabismus scissors, cvd., 11.5 cm
micro vein scissors, biemer, str., 12 cm
micro scissors, sh/sh, str., 10 cm
micro scissors, sh/sh, downw., 9.5 cm
scissors, jaboma, cleft pal., l., 18 cm
scissors, jaboma, cleft pal., r., 18 cm
scissors, jaboma, cleft pal., ang., 18cm
intestinal scissors, w. hook, 21.5 cm
cleft palate scissors, str., 9.5 cm
intestinal scissors, button end, 21.5 cm
rectal scissors, heavy cvd., 32,5 cm
scissors, tenot., stevens,crvd,poi.,10cm
cleft palate scissors, cvd., 10 cm
face lift sciss., kaye, cvd., 11 cm
ligat. scissors, northbent, cvd., 13 cm
scissor, faden, o'brien, angl., 9 cm
ligature scissors, spencer, str., 9 cm
scissor, faden, spencer, str., 10,5 cm
ligature scissors, spencer, str., 13 cm
ligature scissors, buck, str., 14.5 cm
ligature scissors, buck, str., 18 cm
ligature scissors, littauer, str., 14 cm
ligature scissors, eiselsberg, 12 cm
wire scissors, universal, angled, 12 cm
wire sciss., beebee, sh/sh, str., 10 cm
wire sciss., beebee, sh/sh, cvd., 10 cm
wire scissors, sh/sh, str., serr., 12 cm
wire scissors, sh/sh, cvd., serr., 12 cm
scissors, dissecting, aquila,cvd.,11,5cm
aquila dissecting scissors, cvd., 18 cm
aquila dissect. scissors, cvd., 20.5 cm
aquila dissecting-scissors, cvd., 23 cm
aquila dissecting-scissors, cvd., 25 cm
aquila dissecting-scissors, cvd., 30 cm
aquila scissors, cvd., fine, 14.5 cm
aquila scissors, cvd., fine, 18 cm
aquila sciss., cvd., extra fine, 17.5 cm
aquila scissors, mayo-lexer, cvd., 16 cm
tc-scissors, bl/bl, str., 14.5 cm
tc-scissors, bl/bl, cvd., 14.5 cm
tc-scissors, sh/bl, str., 14.5 cm
tc-scissors, sh/bl, cvd., 14.5 cm
tc-scissors, sh/sh, str., 14.5 cm
tc-scissors, sh/sh, cvd., 14.5 cm
tc-scissors, mayo, str., 14.5 cm
tc-scissors, mayo, str., 17 cm
tc-scissors, mayo, str., 23 cm
tc-scissors, mayo, cvd., 14.5 cm
tc-scissors, mayo, cvd., 17 cm
tc-scissors, mayo, cvd., 23 cm
tc-ligature sciss., cvd., serr., 14,5 cm
tc-ligature sciss., cvd., serr., 18 cm
tc-ligature sciss., cvd., serr., 20,5 cm
tc-ligature sciss., cvd., serr., 23 cm
tc-ligature sciss., cvd., serr., 25 cm
tc-ligature sciss., cvd., serr., 30 cm
tc-ligature sciss., cvd., serr., 14,5 cm
tc-ligature sciss., cvd., serr., 17 cm
tc-ligature sciss., cvd., serr., 23 cm
tcc-blackline-scissor, diss., str., 14cm
tcc-blackline-scissor, diss., str., 18cm
tcc-blackline-scissor, diss., str., 20cm
sciss., diss., tcc blackline,cvd.,11,5cm
tcc blackline diss. sciss., cvd., 18 cm
tcc blackline diss. sciss., cvd., 20.5cm
tcc blackline diss. sciss., cvd., 23 cm
tcc blackline diss. sciss., cvd., 25 cm
tcc blackline diss. sciss., cvd., 30 cm
tcc blackline diss. sciss., cvd., 14.5cm
tcc blackline diss. sciss., cvd., 18 cm
tcc-blackline sciss., fine, cvd., 17 cm
tcc-blackline diss. sciss., cvd., 16 cm
tcc-blackline uterine sciss., cvd., 20cm
tcc-blackline uterine sciss., cvd., 23cm
tc-scissors, mayo-stille, str., 14.5 cm
tc-scissors, mayo-stille, str., 17 cm
tc-scissors, mayo-stille, cvd., 14.5 cm
tc-scissors, mayo-stille, cvd., 17 cm
tc-scissor, diss., knapp, str., 12,5 cm
tc-scissor, diss., knapp, cvd., 12,5 cm
tc-dissecting scissors, str., 11.5 cm
tc-dissecting scissors, cvd., 11.5 cm
tc-dissecting scissors, str., 14.5 cm
tc-dissecting scissors, cvd., 14.5 cm
tc-dissecting scissors, str., 18 cm
tc-dissecting scissors, str., 20.5 cm
tc-dissecting scissors, str., 23 cm
tc-dissecting scissors, str., 26 cm
tc-dissecting scissors, str., 28.5 cm
tc-dissecting scissors, str., 31 cm
tc-dissecting scissors, cvd., 18 cm
tc-dissecting scissors, cvd., 20.5 cm
tc-dissecting scissors, cvd., 23 cm
tc-dissecting scissors, cvd., 26 cm
tc-dissecting scissors, cvd., 28.5 cm
tc-dissecting scissors, cvd., 30 cm
tc-scissors, metzenbaum-thorek, 20 cm
tc-scissors, metzenbaum-thorek, 23 cm
tc-scissors, metzenbaum-thorek, 28 cm
tc-sciss., joseph, sh/sh, str., 14.5 cm
tc-sciss., joseph, sh/sh, cvd., 14.5 cm
tc-scissor, diss., lexer, str., 10 cm
tc-scissors, lexer, fine, str., 16 cm
tc-scissors, lexer, fine, str., 21 cm
tc-scissor, diss., lexer, cvd., 10 cm
tc-scissors, lexer, fine, cvd., 16 cm
tc-scissors, lexer, fine, cvd., 21 cm
tc-scissors, mayo-lexer, cvd., 16 cm
tc-diss. scissors, fine, str., 14.5 cm
tc-diss. scissors, fine, cvd., 14.5 cm
tc-diss. scissors, sh/sh, str., 14.5 cm
tc-diss. scissors, sh/sh, cvd., 14.5 cm
tc-diss. scissors, fine, str., 18 cm
tc-diss. scissors, fine, cvd., 18 cm
tc-diss. scissors, fine, cvd., 20.5 cm
tc-diss. scissors, fine, cvd., 23 cm
tc-diss. scissors, fine, cvd., 26 cm
tc-diss. scissors, fine, cvd., 28.5 cm
tc-diss. scissors, sh/sh, str., 18 cm
tc-diss. scissors, sh/sh, str., 20 cm
tc-diss. scissors, sh/sh, str., 23 cm
tc-diss. scissors, lahey, cvd., 14.5 cm
tc-diss. sciss., toennis, cvd., 17.5 cm
tc-diss. scissors, fine, cvd., 20.5 cm
tc-diss. scissors, fine, cvd., 23 cm
tc-diss. scissors, fine, s-shape, 18 cm
tc-diss. scissors, fine, s-sha., 20.5 cm
tc-diss. scissors, fine, s-shape, 23 cm
tc-scissor, siegert, str., 11,5 cm
tc-scissor, siegert, cvd., 11,5 cm
tc-scissor, gorney-freeman, cvd., 17 cm
tc-scissor, gorney-freeman, cvd., 19 cm
tc-scissor, gorney-freeman, cvd., 23 cm
tc-face-lift sciss., str., serr., 20 cm
tc-face-lift sciss., str., serr., 23 cm
tc-scissor, gorney, cvd., 20 cm
tc-scissor, gorney, cvd., 23 cm
tc-face-lift sciss., cvd., serr., 17 cm
tc-scissor, gorney-freeman, angl., 23 cm
aquila uterine sciss., sims, cvd., 20 cm
aquila uterine sciss., sims, cvd., 23 cm
tc-uterine scissors, sims, str., 23 cm
tc-uterine scissors, sims, cvd., 23 cm
tc-parametrium scissors, st. cvd., 22 cm
tc-parametrium scissors, cvd., 23 cm
tc-ligature scissors, sh/sh, str., 13 cm
tc-ligature scissors, sh/sh, cvd., 13 cm
tc-iris scissors, sh/sh, str., 11.5 cm
tc-iris scissors, sh/sh, cvd., 11.5 cm
tc-scissors, de bakey, 25°, 19 cm
tc-scissors, de bakey, 45°, 18.5 cm
tc-scissors, de bakey, 60°, 18 cm
tc-scissors, de bakey, 25°, 23 cm
tc-scissors, de bakey, 45°, 22,5 cm
tc-scissors, de bakey, 60°, 22 cm
tc-scissors, sh/sh, angled, 11 cm
aquila parametr.-sciss., st. cvd., 22 cm
aquila parametr.-sciss., cvd., 23 cm
tc-scissors, ragnell, cvd., 12.5 cm
tc-scissor, diss., kilner-rag., cvd,15cm
tc-scissor, diss., kilner-rag., cvd,18cm
tc-scissors, kelly, sh/sh, str., 16 cm
tc-scissors, kelly, sh/sh, cvd., 16 cm
tc-scissors, dean, sh/sh, cvd., 17.5 cm
tc-universal wire sciss., ang., 12.5 cm
tc martin wire scissors
tc-scissors, locklin, cvd., 16 cm
tc-scissors, locklin, cvd., serr., 16 cm
dressing forceps, 10,5 cm
dressing forceps, 11.5 cm
dressing forceps, 13 cm
dressing forceps, 14.5 cm
dressing forceps, 16 cm
dressing forceps, 18 cm
dressing forceps, 20 cm
dressing forceps, 23 cm
dressing forceps, 25 cm
dressing forceps, 30.5 cm
dressing forceps, medium wide, 12 cm
dressing forceps, medium wide, 13 cm
dressing forceps, medium wide, 14.5 cm
dressing forceps, medium wide, 16 cm
dressing forceps, medium wide, 18 cm
dressing forceps, medium wide, 20 cm
dressing forceps, medium wide, 23 cm
dressing forceps, medium wide, 25 cm
dressing forceps, medium wide, 30 cm
dressing forceps, medium wide, cvd.,13cm
dressing forceps, extra wide, 14.5 cm
dressing forceps, delicate, 13 cm
dressing forceps, delicate, 14.5 cm
dressing forceps, stille, 15 cm
dressing forceps, bonney, 17 cm
dress. forceps, smooth, 18.5 cm
dress. forceps, ang. down, 20 cm
dressing forceps, swedish type, 15 cm
dressing forceps, swedish type, 18 cm
dressing forceps, swedish type, 20 cm
dressing forceps, mini-adson, 12 cm
dressing forceps, adson, 12 cm
dressing forceps, adson, 15 cm
dressing forceps, mcindoe, 15 cm
dressing forceps, waugh, 20 cm
dressing forceps, semken, 12.5 cm
dressing forceps, semken, 15 cm
dressing forceps, taylor, 17 cm
dressing forceps, w. scraper, 17.5 cm
dressing forceps, bayon., 18.5 cm
micro dressing forceps, 0.6 mm, 15.5 cm
micro dressing forceps, 0.8 mm, 15.5 cm
micro dressing forceps, 1,0mm, 15.5 cm
atraumatic forceps, str., 17.5 cm
dressing forceps, gerald, str., 17.5 cm
dressing forceps, gerald, cvd., 17 cm
dressing forceps, cushing, str., 17.5 cm
dressing forceps, cushing, cvd., 17 cm
dressing forceps, potts-smith, 18 cm
dressing forceps, potts-smith, 21 cm
dressing forceps, potts-smith, 25 cm
dressing forceps, potts-smith, 30 cm
tc-forceps, bonney, 1x2 t., 17.5 cm
tc-forceps, gerald, 1x2 t., 17.5 cm
tc-forceps, gillies, 1x2 t., 15.5 cm
tc-dressing forceps, mcindoe, 15 cm
tc-forceps, semken, 1x2 t., 15.5 cm
tc-forceps, semken, 1x2 t., 17.5 cm
tc-forceps, 1x2 t., delicate, 15.5 cm
tc-forceps, 1x2 t., delicate, 17.5 cm
tc-forceps, adson-brown, serr., 12 cm
tc-forceps, micro-adson, 1x2 t., 12 cm
tc-forceps, micro-adson, 1x2 t., 15 cm
tc-dressing forceps, adson, 12 cm
tc-dressing forceps, adson, 15 cm
tc-tissue forceps, adson, 1x2 t., 12 cm
tc-tissue forceps, adson, 1x2 t., 15 cm
tc-dressing forceps, cushing, 17.5 cm
tc-dress. forceps, cushing, ang., 17 cm
tc-forceps, cushing-taylor, 18.5 cm
tc-dress. forceps, potts-smith, 14.5 cm
tc-dressing forceps, potts-smith, 16 cm
tc-dress. forceps, potts-smith, 18.5 cm
tc-dress. forceps, potts-smith, 20 cm
tc-dress. forceps, potts-smith, 23 cm
tc-dress. forceps, potts-smith, 25 cm
tc-tissue fcps., oehler, 1x2 t., 14.5 cm
tc-tissue forceps, oehler, 1x2 t., 16 cm
tc-tissue forceps, oehler, 1x2 t., 18 cm
tc-tissue forceps, oehler, 1x2 t., 20 cm
tc-tissue forceps, oehler, 1x2 t., 25 cm
tc-dressing forceps, wangensteen, 15 cm
tc-dressing forceps, wangensteen, 23 cm
tc-forceps, kübler, 20 cm
tc-atr. forceps, debakey, 2.0 mm, 16 cm
tc-atr. forceps, debakey, 2.0 mm, 20 cm
tc-atr. forceps, debakey, 2.0 mm, 24.5 c
tc-dressing forceps, jaboma, 18 cm
tc-tissue forceps, jaboma, 1x2 t., 18 cm
tc-forceps, jaboma, ang., 1x2 t., 18 cm
ti-atrauma-forceps, 1.5 mm, 16 cm
ti-atrauma-forceps, 1.5 mm, 20.5 cm
ti-atrauma-forceps, 1.5 mm, 24.5 cm
ti-atrauma-forceps, 1.8 mm, 16 cm
ti-atrauma-forceps, 1.8 mm, 20.5 cm
ti-atrauma-forceps, 1.8 mm, 24.5 cm
forceps, atraum., gerald, 1,2 mm, 18 cm
forceps, atraum., gerald, 1,2 mm, 20 cm
ring forceps, gerald, ø 1,0x0,5 mm, 18cm
ring forceps, gerald, ø 1,0x0,5 mm, 20cm
forceps, plateau, gerald, 1,0 mm, 18 cm
forceps, plateau, gerald, 1,0 mm, 20 cm
tissue forceps 1x2 t, 10,5 cm
tissue forceps, 1x2 t., 12 cm
tissue forceps, 1x2 t., 13 cm
tissue forceps, 1x2 t., 14.5 cm
tissue forceps, 1x2 t., 16 cm
tissue forceps, 1x2 t., 18 cm
tissue forceps, 1x2 t., 20.5 cm
tissue forceps, 1x2 t., 23 cm
tissue forceps, 1x2 t., 25 cm
tissue forceps, 1x2 t., 30.5 cm
tissue forceps, 2x3 t., 12 cm
tissue forceps, 2x3 t., 13 cm
tissue forceps, 2x3 t., 14.5 cm
tissue forceps, 2x3 t., 16 cm
tissue forceps, 2x3 t., 18 cm
tissue forceps, 2x3 t., 20.5 cm
tissue forceps, 2x3 t., 25 cm
tissue forceps, 3x4 t., 14.5 cm
tissue forceps, 3x4 t., 16 cm
dissecting forceps, 3x4t., 20 cm
tissue forceps, 4x5 t., 14.5 cm
tissue forceps, 4x5 t., 16 cm
tissue forceps, 1x2 t., slim, 13 cm
tissue forceps, 1x2 t., slim, 14.5 cm
tissue forceps, 1x2 t., slim, 16 cm
tissue forceps, 1x2 t., slim, 18 cm
tissue forceps, 1x2 t., slim, 20.5 cm
tissue forceps, 1x2 t., slim, 23 cm
tissue forceps, 1x2 t., slim, 25 cm
tissue forceps, 1x2 t., slim, 30 cm
diss. forceps, 1x2t., slim, cvd.,14.5cm
tissue forceps, 1x2 t., delicate, 13 cm
tissue forceps, 1x2 t., delic., 14.5 cm
tissue forceps, stille, 1x2 t., 15 cm
tissue forceps, stille, 3x2 t., 15 cm
forceps, adlerkreutz, 2x3 t., 15.5 cm
forceps, adlerkreutz, 2x3 t., 20.5 cm
forceps, adlerkreutz, 4x5 t., 15.5 cm
forceps, adlerkreutz, 4x5 t., 20 cm
forceps, adlerkreutz, 4x5 t., 25 cm
tissue forceps, adson, 1x2 t., 12 cm
diss. forceps, adson, 1x2 t., 15 cm
forceps, tissue, adson, 2x3 t., 12 cm
diss. forceps, gillies, 1x2 t., 15,5 cm
diss. forceps, waugh, 1x2 t., 20 cm
dissecting forceps, waugh, 1x2 t., 25 cm
diss. forceps, semken, 1x2 t., 12.5 cm
diss. forceps, semken, 1x2 t., 15 cm
diss. forceps, taylor, 1x2 t., 17.5 cm
diss. forceps, taylor, 1x2 t., 17 cm
diss. forceps, bayon., 1x2 t., 18.5 cm
micro forceps, 1x2 t., 0.6 mm, 15.5 cm
micro forceps, 1x2 t., 0.8 mm, 15.5 cm
micro forceps, 1x2 t., 1.0 mm, 15.5 cm
forceps, gerald, 1x2 t., str., 17.5 cm
forceps, gerald, 1x2 t., cvd., 17 cm
tissue forceps, cushing, 1x2 t., 18 cm
forceps, potts-smith, 1x2 t., 18 cm
forceps, potts-smith, 1x2 t., 21 cm
forceps, potts-smith, 1x2 t., 25 cm
forceps, adson brown, 7x7 t., 12 cm
forceps, mini-adson, 1x2 t., 12 cm
forceps, mi.-adson, 1x2 t., cvd., 12 cm
dressing forceps, micro-adson, 12 cm
dressing forceps, micro-adson, 15 cm
dressing fcps,micro-adson acc.to shigeno
forceps, micro-adson, 1x2 t., 12 cm
forceps, micro-adson, 1x2 t., 15 cm
micro forceps, delicate, 1x2 t., 10.5 cm
forceps, jeweler, cvd., no. 7, 12 cm
forceps, jeweler, str., no. 3, 12 cm
forceps, jeweler, str., #3 c,ø0,4mm,11cm
forceps, jeweler, str., no. 5, 11 cm
forceps, jeweler, str., no. 4, 11 cm
forceps, jeweler, ang. down, 11 cm
tissue forceps, russian-type, 15 cm
tissue forceps, russian-type, 20 cm
tissue forceps, russian-type, 25.5 cm
tissue forceps, durante, 14.5 cm
tissue forceps, durante, 16 cm
tissue forceps, durante, 20.5 cm
tissue forceps, durante, 25 cm
forceps, stille-barraya, 3x4 t., 18 cm
tissue forceps, bonney, 1x2 t., 17.5 cm
forceps, mayo, russian-type, 23 cm
forceps, fenestrated jaw, 18 cm
forceps, fenestrated jaw, 23 cm
forceps, nelson, 8x7 t., 23 cm
forceps, resano, 23 cm
tubal seizing forceps, isol. jaw, 18 cm
dressing forceps, fine, str., 10 cm
dressing forceps, fine, cvd., 10 cm
dressing forceps, fine, st. cvd., 9.5 cm
tissue forceps, 1x2 t., str., 10 cm
forceps, fine, 1x2 t., sl. cvd., 10 cm
forceps, fine, 1x2 t., st. cvd., 9.5 cm
micro forceps, tip ø 0,15 mm, 11 cm
micro forceps, tip ø 0,20 mm, 11 cm
micro forceps, tip ø 0,30 mm, 11 cm
dilating-forceps, 10°, ø 0,10 mm, 11 cm
dilating-forceps, 10°, ø 0,20 mm, 11 cm
dilating-forceps, 10°, ø 0,30 mm, 11 cm
micro forceps, tip ø 0,15 mm, 11 cm
micro forceps, tip ø 0,20 mm, 11 cm
micro forceps, tip ø 0,30 mm, 11 cm
dilating-forceps, 10°, ø 0,10 mm, 11 cm
dilating-forceps, 10°, ø 0,20 mm, 11 cm
dilating-forceps, 10°, ø 0,30 mm, 11 cm
micro forceps, ø 0,5 mm, 1x2 t., 11 cm
micro forceps, ring-ø 1,2 mm, 11 cm
micro forceps, triangle-tip, 11 cm
micro forceps, ø 0,5 mm, 1x2 t., 11 cm
micro forceps, ring ø 1,2 mm, 11 cm
micro forceps, triangle-tip, 11 cm
micro forceps, str., 0.3 mm, 11 cm
dilating-forceps, 10°, 5x0.2 mm, 11 cm
dilating-forceps, 10°, 5x0.3 mm, 11 cm
micro forceps, pierse-tip, str., 11 cm
micro forceps, 45°, 0.3 mm, 11 cm
micro forceps, str., 0.3 mm, 13.5 cm
dilating-forceps, 10°, 5x0.2 mm, 13.5 cm
dilating-forceps, 10°, 5x0.3 mm, 13.5 cm
micro forceps, pierse-tip, str., 13.5 cm
micro forceps, 45° ang., 0.3 mm, 13.5 cm
micro forceps, str., 6x0.3 mm, 15 cm
fcps., counterb., cvd., 6x0.3 mm, 15 cm
fcps., counterb., 45°, 6x0.3 mm, 15 cm
ring forceps w. weight, 1x0.5 mm, 15 cm
fcps., counterb., str., 5x0.3 mm, 15 cm
fcps., counterb., str., pierse, 15 cm
fcps., counterb., 6x0.3 mm, 18 cm
micro forceps, cvd., 6x0.3 mm, 18 cm
fcps., counterb., 45°, 6x0.3 mm, 18 cm
ring forceps w. weight, 1x0.5 mm, 18 cm
fcps., counterb., str., 5x0.3 mm, 18 cm
fcps., counterb., str., pierse, 18 cm
micro forceps, str., 6.0x0.4 mm, 15 cm
forceps, micro, str., 6,0x0,4 mm, 18 cm
micro forceps, cvd., 6.0x0.4 mm, 15 cm
micro forceps, cvd., 6.0x0.4 mm, 18 cm
micro forceps, str., 6.0x0.7 mm, 15 cm
micro forceps, str., 6.0x0.7 mm, 18 cm
micro forceps, str., 6.0x0.7 mm, 21 cm
micro forceps, cvd., 6.0x0.7 mm, 15 cm
micro forceps, cvd., 6.0x0.7 mm, 18 cm
micro forceps, cvd., 6.0x0.7 mm, 21 cm
micro fcps., 1x2 t., str., 0.4 mm, 15 cm
micro fcps., 1x2 t., str., 0.4 mm, 18 cm
micro fcps., 1x2 t., cvd., 0.4 mm, 15 cm
micro fcps., 1x2 t., cvd., 0.4 mm, 18 cm
micro fcps., 1x2 t., str., 0.7 mm, 15 cm
micro fcps., 1x2 t., str., 0.7 mm, 18 cm
micro fcps., 1x2 t., cvd., 0.7 mm, 15 cm
micro fcps., 1x2 t., cvd., 0.7 mm, 18 cm
ring forceps, str., ø 1.0x0.5 mm, 15 cm
ring forceps, str., ø 1.0x0.5 mm, 18 cm
ring forceps, str., ø 1.0x0.5 mm, 21 cm
ring forceps, str., ø 2.0x1.0 mm, 15 cm
ring forceps, str., ø 2.0x1.0 mm, 18 cm
ring forceps, str., ø 2.0x1.0 mm, 21 cm
ti-micro fcps., str., 6.0x0.4 mm, 15 cm
ti-micro fcps., str., 6.0x0.4 mm, 18 cm
ti-micro fcps., cvd., 6.0x0.4 mm, 15 cm
ti-micro fcps., cvd., 6.0x0.4 mm, 18 cm
ti-micro fcps., str., 6.0x0.8 mm, 15 cm
ti-micro fcps., str., 6.0x0.8 mm, 18 cm
ti-micro fcps., str., 6.0x0.8 mm, 21 cm
ti-micro fcps., cvd., 6.0x0.8 mm, 15 cm
ti-micro fcps., cvd., 6.0x0.8 mm, 18 cm
ti-micro fcps., cvd., 6.0x0.8 mm, 21 cm
micro fcps., str., 1x2 t., 0.4 mm, 15 cm
micro fcps., str., 1x2 t., 0.4 mm, 18 cm
micro fcps., cvd., 1x2 t., 0.4 mm, 15 cm
micro fcps., cvd., 1x2 t., 0.4 mm, 18 cm
ti-ring forceps, str., 1.0x0.5 mm, 15 cm
ti-ring forceps, str., 1.0x0.5 mm, 18 cm
ti-ring forceps, str., 1.0x0.5 mm, 21 cm
ti-ring forceps, str., 2.0x1.0 mm, 15 cm
ti-ring forceps, str., 2.0x1.0 mm, 18 cm
ti-ring forceps, str., 2.0x1.0 mm, 21 cm
atr. micro forceps, str., 1.2 mm, 15 cm
atr. micro forceps, str., 1.2 mm, 18 cm
atr. micro forceps, str., 1.2 mm, 21 cm
ti-atr. micro fcps., str., 1.2 mm, 15 cm
ti-atr. micro fcps., str., 1.2 mm, 18 cm
ti-atr. micro fcps., str., 1.2 mm, 21 cm
micro forceps, str., 6x0.3 mm, 15 cm
micro forceps, cvd., 6x0.3 mm, 15 cm
micro forceps, 45°, 6x0.3 mm, 15 cm
ring forceps, ø 1x0.5 mm, 15 cm
micro forceps, str., 5x0.3 mm, 15 cm
micro forceps, str., pierse, 15 cm,
micro forceps, str., 6x0.3 mm, 18 cm
micro forceps, cvd., 6x0.3 mm, 18 cm
micro forceps, 45°, 6x0.3 mm, 18 cm
ring forceps, ø 1x0.5 mm, 18 cm
micro forceps, str., 5x0.3 mm, 18 cm
micro forceps, str., pierse, 18 cm
splinter forceps, smooth, str., 12.5 cm
splinter forceps, smooth, 12.5 cm
splinter forceps, serr., str., 9 cm
splinter forceps, serr., str., 10.5 cm
splinter forceps, serr., str., 12.5 cm
splinter forceps, serr., cvd., 9 cm
splinter forceps, serr., cvd., 12.5 cm
tying forceps, w. plateau, 0.3 mm, 12 cm
splinter forceps, feilchenfeld, 7.5 cm
splinter forceps, feilchenfeld, 9 cm
splinter forceps, feilchenfeld, 11.5 cm
splinter forceps, hunter, str., 10.5 cm
splinter forceps, hunter, cvd., 10.5 cm
cilia forceps, littauer, 8.5 cm
cilia forceps, serr., oblique, 9 cm
cilia forceps, douglas, narrow, 9 cm
cilia forceps, douglas, wide, 9 cm
cilia forceps, beer, smooth, 9 cm
cilia forceps, barraquer, ang., 11 cm
splinter forceps, stieglitz, str., 14 cm
splinter forceps, stiegl., cvd., 13.5 cm
splinter forceps, peet, ang., 12.5 cm
ring forceps, plat., ø 1,0x0,5 mm, 15 cm
ring fcps., str., p., ø 1,0x0,5 mm, 18cm
ring fcps., str., p., ø 1,0x0,5 mm, 21cm
ring forceps, plat., ø 2,0x1,0 mm, 15 cm
ring fcps., str., p., ø 2,0x1,0 mm, 18cm
ring fcps., str., p., ø 2,0x1,0 mm, 21cm
ti.-ring forc.,str.,pl., ø1,0x0,5mm,15cm
ti-r. fcps., str., p., ø 1,0x0,5mm, 18cm
ti-r. fcps., str., p., ø 1,0x0,5mm, 21cm
ti.-ring forc.,str.,pl., ø2,0x1,0mm,15cm
ti-r. fcps., str., p., ø 2,0x1,0mm, 18cm
ti-r. fcps., str., p., ø 2,0x1,0mm, 21cm
spreader, vascular, biemer, 16 cm
clip applying forceps, w/o lock, 14.5 cm
clip applying forceps, w. lock, 14.5 cm
vascular clip, biemer, 6 mm
vascular clip, biemer, 9 mm
vascular clip, biemer, 9 mm, slim
approximator, biemer-mueller, str.
approximator, biemer-mueller, ang., 9 mm
approximator, biemer-mueller, 4.5 mm
approximator, biemer-mueller, 9 mm
approximator, biemer-mueller, ang., 9 mm
approximator f. deep areas
key f. approximators
approximator, only
mini-vascular clip, jaw 4.0x0.75 mm
mini-vascular clip, jaw 6.0x1.0 mm
mini-vascular clip, jaw 8.0x2.0 mm
mini-vascular clip, jaw 10.0x2.0 mm
applying forceps f. mini clips, 14.5 cm
appl. forceps, mini clips, bayo., 18cm
bulldog clamp, lightweight, str., 31 mm
bulldog clamp, lightweight, str., 35 mm
bulldog clamp, lightweight, str., 39 mm
bulldog clamp, lightweight, ang., 30 mm
bulldog clamp, lightweight, ang., 33 mm
bulldog clamp, lightweight, ang., 36 mm
bulldog clamp, dieffenbach, str., 60 mm
bulldog clamp, dieffenbach, cvd., 60 mm
bulldog clamp, dieffenbach, str., 35 mm
bulldog clamp, dieffenbach, str., 50 mm
bulldog clamp, dieffenbach, cvd., 35 mm
bulldog clamp, dieffenbach, cvd., 50 mm
bulldog clamp, johns-hopkins str., 38 mm
bulldog clamp, johns-hopkins str., 45 mm
bulldog clamp, johns-hopkins str., 55 mm
bulldog clamp, johns-hopkins str., 65 mm
bulldog clamp, johns-hopkins str., 75 mm
bulldog clamp, johns-hopkins str., 90 mm
bulldog clamp, johns-hopkins cvd., 38 mm
bulldog clamp, johns-hopkins cvd., 45 mm
bulldog clamp, johns-hopkins cvd., 55 mm
bulldog clamp, johns-hopkins cvd., 65 mm
bulldog clamp, johns-hopkins cvd., 75 mm
bulldog clamp, johns-hopkins cvd., 90 mm
bulldog clamp, diethrich, str., 8 mm
bulldog clamp, diethrich, str., 12 mm
bulldog clamp, diethrich, str., 20 mm
bulldog clamp, diethrich, cvd., 8 mm
bulldog clamp, diethrich, cvd., 12 mm
bulldog clamp, diethrich, cvd., 20 mm
atr. bulldog clamp, str., 10 mm
atr. bulldog clamp, str., 14 mm
atr. bulldog clamp, str., 20 mm
atr. bulldog clamp, ang., 10 mm
atr. bulldog clamp, ang., 14 mm
atr. bulldog clamp, ang., 20 mm
atr. bulldog clamp, cvd., 10 mm
atr. bulldog clamp, cvd., 14 mm
atr. bulldog clamp, cvd., 20 mm
applying forceps f. mini glover, 24 cm
ti-bulldog clamp, veins, str., 30 mm
ti-bulldog clamp, veins, str., 35 mm
ti-bulldog clamp, veins, str., 40 mm
ti-bulldog clamp, veins, str., 50 mm
ti-bulldog clamp, veins, cvd., 30 mm
ti-bulldog clamp, veins, cvd., 35 mm
ti-bulldog clamp, veins, cvd., 40 mm
ti-bulldog clamp, veins, cvd., 50 mm
ti-bulldog clamp, veins, st. cvd., 30 mm
ti-bulldog clamp, veins, st. cvd., 35 mm
ti-bulldog clamp, veins, st. cvd., 40 mm
ti-bulldog clamp, veins, st. cvd., 50 mm
ti-bulldog clamp, arteries, str., 30 mm
ti-bulldog clamp, arteries, str., 35 mm
ti-bulldog clamp, arteries, str., 40 mm
ti-bulldog clamp, arteries, str., 50 mm
ti-bulldog clamp, arteries, cvd., 30 mm
ti-bulldog clamp, arteries, cvd., 35 mm
ti-bulldog clamp, arteries, cvd., 40 mm
ti-bulldog clamp, arteries, cvd., 50 mm
ti-bulldog clamp, art., st. cvd., 30 mm
ti-bulldog clamp, art., st. cvd., 35 mm
ti-bulldog clamp, art., st. cvd., 40 mm
ti-bulldog clamp, art., st. cvd., 50 mm
forceps, pean, str., short jaw, 14.5 cm
forceps, pean, str., short jaw, 16 cm
forceps, spencer-wells, str., 13 cm
forceps, spencer-wells, str., 14.5 cm
forceps, spencer-wells, str., 15.5 cm
forceps, spencer-wells, str., 18.5 cm
forceps, spencer-wells, str., 20 cm
forceps, spencer-wells, cvd., 13 cm
forceps, spencer-wells, cvd., 14 cm
forceps, spencer-wells, cvd., 15 cm
forceps, spencer-wells, cvd., 18 cm
forceps, spencer-wells, cvd., 20 cm
forceps, chaput, str., 2x3 t., 12.5 cm
forceps, tuffier, str., 5x6 t., 12.5 cm
atr. organ seizing forceps, 25 cm
atr. organ seizing forceps, 26 cm
forceps, collin, triangle jaw, 14 cm
forceps, collin, oval jaw, 17 cm
forceps, penningt., triang. jaw, 15.5 cm
forceps, penningt., triang. jaw, 21 cm
face-lift forceps, martel-rees, 13.5 cm
forceps, mixter-baby, sl. cvd., 13.5 cm
forceps, mixter-baby, str. cvd., 13 cm
hemost. forceps, micro-adson, 14 cm
hemost. forceps, baby-adson, 18 cm
haem. forceps, hartmann, str., 10 cm
haem. forceps, hartmann, cvd., 10 cm
ligature forceps, serr., cvd., 12 cm
haem. forceps, mosquito, str., 12.5 cm
haem. forceps, mosquito, str., 14.5 cm
ti-forceps, mosquito,str., 12.5 cm
haem. forceps, mosquito, cvd., 12 cm
haem. forceps, mosquito, cvd., 14 cm
ti-forceps, mosquito, cvd., 12 cm
forceps, mosquito, 1x2 t., str., 12.5 cm
forceps, mosquito, 1x2 t., str., 14.5 cm
ti-forceps, mosquito,1x2 t., str., 12 cm
forceps, mosquito, 1x2 t., cvd., 12.5 cm
forceps, mosquito, 1x2 t., cvd., 14.5 cm
ti-forceps, mosquito,1x2 t., cvd., 12 cm
haem. forceps, mosquito, str., 18.5 cm
haem. forceps, mosquito, str., 21 cm
haem. forceps, mosquito, cvd., 18 cm
haem. forceps, mosquito, cvd., 20.5 cm
forceps, mosquito, 1x2 t., str., 18.5 cm
forceps, mosquito, 1x2 t., str., 21 cm
forceps, mosquito, 1x2 t., cvd., 18 cm
forceps, mosquito, 1x2 t., cvd., 20.5 cm
forceps micro-mosquito, str., 10 cm
forceps micro-mosquito, str., 12 cm
forceps micro-mosquito, cvd., 10 cm
forceps micro-mosquito, cvd., 12 cm
fcps. mic. mosquito, 1x2 t., str., 10 cm
fcps. mic. mosquito, 1x2 t., str., 12 cm
fcps. mic. mosquito, 1x2 t., cvd., 10 cm
fcps. mic. mosquito, 1x2 t., cvd., 12 cm
haem. forceps, prov.-hosp., str., 14 cm
haem. forceps, prov.-hosp., cvd., 13,5cm
haem. forceps, leriche, str., 15.5 cm
haem. forceps, leriche, cvd., 15 cm
forceps, leriche, 1x2 t., str., 15.5 cm
forceps, leriche, 1x2 t., cvd., 15 cm
haem. forceps, kelly, str., 14.5 cm
haem. forceps, kelly, cvd., 14 cm
haem. forceps, dunhill, str., 13 cm
haem. forceps, dunhill, cvd., 18.5 cm
haem. forceps, kelly-rankin, str., 16 cm
haem. fcps., kelly-rankin, cvd., 16 cm
obwegeser wire catching forc
diss. forceps, overholt, cvd., 13.5 cm
haemost. forceps, crile, str., 14.5 cm
haemost. forceps, crile, cvd., 14,5 cm
forceps, crile, 1x2 t., str., 14.5 cm
forceps, crile, 1x2 t., cvd., 14.5 cm
forceps, crile-rankin, str., 16 cm
forceps, crile-rankin, cvd., 16 cm
forceps, lovelace, str., 16 cm
forceps, lovelace, 1x2 t., str., 16 cm
forceps, dandy-mosquito, cvd., 12 cm
forceps, dandy, cvd. sidew., 14.5 cm
forceps, dandy, 1x2 t., cvd., 14 cm
forceps, schnidt, strong cvd., 18.5 cm
forceps, schnidt, slight cvd., 19 cm
haem. forceps, adson, str., 19 cm
haem. forceps, adson, cvd., 18.5 cm
forceps, martin-fuchsig, cvd., 20.5 cm
forceps, rochester-carmalt, str., 17 cm
forceps, rochest.-carmalt, str., 20.5 cm
forceps, rochest.-carmalt, cvd., 16.5 cm
forceps, rochester-carmalt, cvd., 20 cm
forceps, pean, delicate, str., 13,5 cm
forceps, pean, delicate, str., 14.5 cm
forceps, pean, delicate, str., 17 cm
forceps, pean, delicate, cvd., 13 cm
forceps, pean, delicate, cvd., 14 cm
forceps, pean, delicate, cvd., 16.5 cm
forceps, pean-nippon, str., 14.5 cm
forceps, pean-nippon, str., 16.5 cm
forceps, pean-nippon, str., 18.5 cm
forceps, pean-nippon, cvd., 14 cm
forceps, pean-nippon, cvd., 16 cm
forceps, pean-nippon, cvd., 18 cm
fcps., kocher-nip. 1x2 t., str., 14.5 cm
fcps., kocher-nip. 1x2 t., str., 16.5 cm
fcps., kocher-nip. 1x2 t., str., 18.5 cm
fcps., kocher-nip. 1x2 t., cvd., 14 cm
fcps., kocher-nip. 1x2 t., cvd., 16 cm
fcps., kocher-nip. 1x2 t., cvd., 18 cm
forceps, kocher, 1x2 t., str., 13 cm
forceps, kocher, 1x2 t., str., 14 cm
forceps, kocher, 1x2 t., str., 16 cm
forceps, kocher, 1x2 t., cvd., 13 cm
forceps, kocher, 1x2 t., cvd., 14 cm
forceps, kocher, 1x2 t., cvd., 16 cm
forceps, bengolea, str., 21.5 cm
forceps, bengolea, str., 26 cm
forceps, bengolea, cvd., 21.5 cm
forceps, bengolea, cvd., 26 cm
forceps, bengolea, 1x2 t., str., 21.5 cm
forceps, bengolea, 1x2 t., str., 26 cm
forceps, bengolea, 1x2 t., cvd., 21.5 cm
forceps, bengolea, 1x2 t., cvd., 26 cm
haemostatic forceps, pean, str., 14.5 cm
haemostatic forceps, pean, str., 16.5 cm
haemostatic forceps, pean, str., 18.5 cm
haemostatic forceps, pean, str., 20.5 cm
haemostatic forceps, pean, str., 22.5 cm
haemostatic forceps, pean, str., 24 cm
haemostatic forceps, pean, str., 26 cm
haemostatic forceps, pean, str., 31 cm
haemostatic forceps, pean, cvd., 14 cm
haemostatic forceps, pean, cvd., 16,5 cm
haemostatic forceps, pean, crv., 18.5 cm
haemostatic forceps, pean, crv., 20.5 cm
haemostatic forceps, pean, crv., 22 cm
haemostatic forceps, pean, crv., 24 cm
haemostatic forceps, pean, crv.., 26 cm
haemostatic forceps, pean, crv., 30,5 cm
forceps, kocher, 1x2 t., str., 14.5 cm
forceps, kocher, 1x2 t., str., 16 cm
forceps, kocher, 1x2 t., str., 18.5 cm
forceps, kocher, 1x2 t., str., 20,5 cm
forceps, kocher, 1x2 t., str., 22.5 cm
forceps, kocher, 1x2 t., str., 24 cm
forceps, kocher, 1x2 t., str., 26 cm
forceps, kocher, 1x2 t., str., 31 cm
forceps, kocher, 1x2 t., cvd., 14 cm
forceps, kocher, 1x2 t., cvd., 16,5 cm
forceps, kocher, 1x2 t., cvd., 18,5 cm
forceps, kocher, 1x2 t., cvd., 20 cm
forceps, kocher, 1x2 t., cvd., 22,5 cm
forceps, kocher, 1x2 t., cvd., 24 cm
forceps, kocher, 1x2 t., cvd., 26 cm
forceps, kocher, 1x2 t., cvd., 30 cm
diss. forceps, overh.-martin, s, 18.5 cm
diss. forceps, overh.-martin, s, 20.5 cm
diss. forceps, overh.-martin, s, 21 cm
diss. forceps, overh.-martin, s, 21.5 cm
diss. forceps, overh.-martin, s, 24.5 cm
diss. forceps, baby-mixter, cvd., 18.5cm
diss. forceps, baby-adson, cvd., 14.5 cm
diss. forceps, baby-adson, cvd., 18 cm
diss. forceps, heiss, str., 21 cm
diss. forceps, heiss, slight cvd., 20 cm
diss. forceps, heiss, strong cvd., 21 cm
diss. forceps, overh.-mixt., cvd., 22 cm
forceps, roberts, str., 22.5 cm
forceps, roberts, cvd., 22 cm
forceps, sarot, str., 25 cm
forceps, sarot, cvd., 24.5 cm
forceps, crafoord, cvd., 18.5 cm
forceps, crafoord, cvd., 24.5 cm
diss. forceps, overholt, no. 1, 20.5 cm
diss. forceps, overholt, no. 2, 20 cm
diss. forceps, overholt, no. 3, 21.5 cm
diss. forceps, overholt, no. 4, 22 cm
diss. forceps, overholt, no. 5, 21.5 cm
diss. forceps, overholt, no. 6, 21.5 cm
diss. forceps, overholt, no. 7, 22 cm
diss. forceps, overholt, no. 1, 27 cm
diss. forceps, overholt, no. 2, 26.5 cm
diss. forceps, overholt, no. 3, 27.5 cm
diss. forceps, overholt, no. 4, 28 cm
diss. forceps, overholt, no. 5, 27.5 cm
diss. forceps, overholt, no. 6, 28 cm
diss. forceps, overholt, no. 7, 27.5 cm
forceps, overholt, fine, cvd., 21.5 cm
forceps, overholt, fine, cvd., 22 cm
forceps, overholt, fine, cvd., 22.5 cm
forceps, overholt, fine, cvd., 23 cm
forceps, overholt, fine, cvd., 22.5 cm
forceps, overholt, fine, cvd., 29.5 cm
forceps, overholt, fine, cvd., 29.5 cm
forceps, overholt, fine, cvd., 30 cm
forceps, overholt-mini, s-shape, 15 cm
forceps, overholt-mini, 20 cm
diss. forceps, gemini, str. cvd., 13 cm
diss. forceps, gemini, str. cvd., 16 cm
diss. forceps, gemini, str. cvd., 18 cm
diss. forceps, gemini, str. cvd., 21 cm
diss. forceps, gemini, str. cvd., 23 cm
diss. forceps, gemini, str. cvd., 25 cm
diss. forceps, gemini, str. cvd., 28 cm
diss. forceps, mini-gemini, cvd., 18 cm
diss. forceps, mini-gemini, cvd., 23 cm
diss. forceps, mini-gemini, cvd., 25 cm
diss. fcps., mini-gemini, cvd., 28.5 cm
dissecting forceps, rumel, no. 1, 24 cm
dissecting forceps, rumel, no. 2, 24 cm
dissect. forceps, rumel, no. 3, 23.5 cm
dissecting forceps, rumel, no. 4, 24 cm
dissecting forceps, rumel, no. 5, 24 cm
diss. forceps, zenker, sl. cvd., 29.5 cm
diss. forceps, zenker, st. cvd., 28.5 cm
diss. forceps, mixter-baby, cvd., 13 cm
dissecting forceps, mixter, ang., 16 cm
diss. forceps, mixter, ang., 17.5 cm
dissecting forceps, o'shaugnessy, 15 cm
dissecting forceps, o'shaugnessy, 18 cm
dissect. forceps, o'shaugnessy, 18.5 cm
dissecting forceps, o'shaugnessy, 20 cm
dissecting forceps, o'shaugnessy, 23 cm
dissecting forceps, o'shaugnessy, 26 cm
dissect. forceps, mixter, cvd., 22.5 cm
diss. forceps, mixter, str. cvd., 23 cm
forceps, wickstroem, angeld, 21 cm
forceps, wickstroem, angeld, 24.5 cm
forceps, mixter, ang., longit., 22.5 cm
forceps, mixter, ang., longit., 26 cm
forceps, mixter, ang., longit., 28 cm
dissect. forceps, mcquigg, ang., 23.5 cm
forceps, lower, longitud., ang., 18,5 cm
forceps, lahey, longit., cvd., 19.5 cm
forceps, lahey, longitud., cvd., 22.5 cm
forceps, finocchietto, ang., 24.5 cm
atr. uro-tangential fcps., no. 1, 25 cm
atr. uro-tangential fcps., no. 2, 26 cm
atr. kidney pedi. forceps, guyon, 23 cm
atr. kidney pedi. forceps, guyon, 24 cm
kidney pedicle forceps, guyon, 19.5 cm
kidney pedicle forceps, guyon, 21.5 cm
kidney pedicle forceps, guyon, 24.5 cm
kidney pedi. forceps, guyon, long, 24 cm
diss. forceps, kelly, slight cvd., 19 cm
diss. forceps, kelly, sl. cvd., 22.5 cm
diss. forceps, kelly, slight cvd., 23 cm
diss. forceps, kelly, medium cvd., 19 cm
diss. forceps, kelly, medium cvd., 22 cm
diss. forceps, kelly, med. cvd., 23.5 cm
diss. forceps, kelly, str. cvd., 18.5 cm
diss. forceps, kelly, str. cvd., 21.5 cm
diss. forceps, kelly, str. cvd., 23 cm
dissecting forceps, lawrence, 28 cm
dissecting forceps, meeker, ang., 28 cm
forceps, negus, wide cvd., 19.5 cm
forceps, negus, narrow cvd., 20 cm
forceps, phaneuf, 1x2 t., str., 20.5 cm
forceps, phaneuf, 1x2 t., ang., 20 cm
clamp fcps., heaney, 1 t., cvd., 19.5 cm
clamp fcps., heaney, 1 t., cvd., 21.5 cm
clamp fcps., heaney, 1 t., cvd., 24 cm
clamp fcps., heaney, 2 t., cvd., 19.5 cm
clamp fcps., heaney, 2 t., cvd., 21.5 cm
clamp fcps., heaney, 2 t., cvd., 24 cm
clamp fcps., wertheim-cullen, 21 cm
parametrium forceps, no. 1, 21.5 cm
parametrium forceps, no. 2, 21 cm
parametrium forceps, no. 3, 21 cm
parametrium forceps, no. 4, 20.5 cm
parametrium forceps, no. 1, 25.5 cm
parametrium forceps, no. 2, 25 cm
parametrium forceps, no. 3, 24.5 cm
parametrium fcps., no. 4, 24.5cm
clamp forceps, moynihan, cvd., 23 cm
clamp forceps, moynihan, cvd., 23.5 cm
clamp forceps, wertheim, cvd., 26 cm
forceps, wertheim, 1x2 t., cvd., 22.5 cm
forceps, wertheim, 1x2 t., cvd., 22.5 cm
periton. forceps, baby-mikulicz, 14.5 cm
peritoneal forceps, mikulicz, 18.5 cm
peritoneal forceps, mikulicz, 20 cm
periton. forceps, mikulicz, heavy, 20 cm
peritoneal forceps, mikulicz, 20.5 cm
periton. forceps, faure, sl. cvd., 21 cm
perit. forceps, faure, str. cvd., 21 cm
bulldog-towel forceps, schaedel, 9 cm
bulldog-towel forceps, jones, 5.5 cm
bulldog-towel forceps, jones, 8.5 cm
towel forceps, sharp, gracile, 11 cm
towel forceps, sharp, gracile, 13 cm
towel forceps, sharp, w. clip, 11.5 cm
towel forceps, backhaus, sharp, 9 cm
towel forceps, backhaus, sharp, 11 cm
towel forceps, backhaus, sharp, 13 cm
towel forceps, backhaus, sharp, 16 cm
towel forceps, wide, f. tube fix.,14,5cm
towel forceps, roeder, 13.5 cm
towel forceps, lorna, fine serr., 10 cm
towel forceps, lorna, fine serr., 13 cm
towel forceps, bernhard, str., 16.5 cm
towel forceps, tohoku, blunt, 10.5 cm
towel forceps, tohoku, blunt, 13.5 cm
towel forceps, peers-bertram, 14.5 cm
towel forceps f. paper drapes, 11.5 cm
towel forceps f. paper drapes, 14 cm
towel forceps, lane, str., 20 cm
carrier for tube holding inlays
inlay for adults var. 1, f. 13-938-00-07
inlay for adults var. 2, f. 13-938-00-07
inlay for children, f. 13-938-00-07
inlay for infants, f. 13-938-00-07
inlay f. neonates, f. 13-938-00-07
tube clamp, long ratchet, 14 cm
tube clamp, smooth jaw, 16.5 cm
tube clamp, standard, 15.5 cm
tube clamp, standard, 19 cm
tube clamp, standard, 20.5 cm
tube clamp, w. protection clip, 15.5 cm
tube clamp, w. protection clip, 19 cm
tube clamp, w. protection clip, 20.5 cm
tube milk. clamp, brompton, alu, 16.5 cm
tube milking clamp, gunnar-hey, 18 cm
tampon forceps, ulrich, str., 22.5 cm
tampon forceps, ulrich, str., 27 cm
tampon forceps, ulrich, cvd., 22.5 cm
tampon forceps, ulrich, cvd., 26.5 cm
sinus forceps, lister, str., 13 cm
sinus forceps, lister, str., 16 cm
sinus forceps, lister, str., 18.5 cm
forceps, tampon, bryant, 13 cm
dressing forceps, martin, str., 17.5 cm
forceps, gross-maier, str., 20.5 cm
forceps, gross-maier, str., 22.5 cm
forceps, gross-maier, str., 26.5 cm
forceps, gross-maier, cvd., 20.5 cm
forceps, gross-maier, cvd., 22.5 cm
forceps, gross-maier, cvd., 26,5 cm
tunneling-forceps, cvd., 39.5 cm
tampon forceps, collin, str., 25 cm
tampon forceps, cheron, bayon., 25 cm
sponge forceps, bozemann, s-shape, 26 cm
sponge forceps, bergmann, str., 24 cm
forceps, foerster, smooth, str., 25 cm
forceps, foerster, serr., str., 18 cm
forceps, foerster, serr., str., 20.5 cm
forceps, foerster, serr., str., 25 cm
forceps, foerster, smooth, cvd., 24.5 cm
forceps, foerster, serr., cvd., 18 cm
forceps, foerster, serr., cvd., 20.5 cm
forceps, foerster, serr., cvd., 24.5 cm
forceps, foerster, slim, str., 25 cm
forceps, foerster, slim, cvd., 24.5 cm
sponge forceps, rampley, str., 18 cm
sponge, forceps, rampley, str., 24.5 cm
bone hooklet, rasse, 1-pr., 16 cm
retractor, cope, 18 cm
hooklet, barsky, 1-t., 15 cm
hooklet, barsky, 2-t., 15 cm
micro hooklet, graefe, sharp, 15 cm
micro hooklet, graefe, blunt, 15 cm
micro hook, sharp, 1-pr., no. 1, 16 cm
micro hook, sharp, 1-pr., no. 2, 16 cm
micro hook, sharp, 1-pr., no. 3, 16 cm
micro hook, sharp, 1-pr., no. 4, 16 cm
micro hooklet, rasse, sharp, 16 cm
hooklet, o'connor, sharp, 1-pr., 16 cm
hooklet, guthrie, sharp, 2-pr., 16 cm
hooklet, guthrie, sharp, 2-pr., 16 cm
hooklet, sharp, 1-pr., 16.5 cm
hooklet, sharp, 2-pr., 16.5 cm
hooklet, sharp, 3-pr., 16.5 cm
hooklet, sharp, 4-pr., 16.5 cm
hooklet, blunt, 1-pr., 16.5 cm
hooklet, blunt, 2-pr., 16.5 cm
hooklet, blunt, 3-pr., 16.5 cm
hooklet, blunt, 4-pr., 16.5 cm
hooklet, flexible, sharp, 2-pr., 15.5 cm
hooklet, flexible, sharp, 3-pr., 15.5 cm
hooklet, flexible, blunt, 2-pr., 15.5 cm
hooklet, flexible, blunt, 3-pr., 15.5 cm
hooklet,  delicate, 4-pr., 16.5 cm
hooklet, delicate, blunt, 4-pr., 16.5 cm
micro-vascular hooklet, blunt, 12 cm
hooklet, desmarres, 8 mm, 16 cm
hooklet, desmarres, 10 mm, 16 cm
hooklet, desmarres, 12 mm, 16 cm
hooklet, desmarres, 14 mm, 16 cm
hooklet, desmarres, 16 mm, 16 cm
hooklet, desmarres, 18 mm, 16 cm
hooklet, mini-langenbeck, 12x6 mm, 16 cm
hooklet, mini-langenbeck, 18x6 mm, 16 cm
hooklet, mini-langenbeck, 20x6 mm, 16 cm
hooklet, mini-langenbeck, 21x8 mm, 16 cm
retractor, blunt, 2-pr., 14x8 mm, 16 cm
retractor, delic., sharp, 1-pr., 16.5 cm
retractor, delic., sharp, 2-pr., 16.5 cm
retractor, delic., sharp, 3-pr., 16.5 cm
retractor, delic., sharp, 4-pr., 16.5 cm
retractor, delic., blunt, 1-pr., 16.5 cm
retractor, delic., blunt, 2-pr., 16.5 cm
retractor, delic., blunt, 3-pr., 16.5 cm
retractor, delic., blunt, 4-pr., 16.5 cm
hooklet, meyerding, 18x7 mm, 18 cm
hooklet, meyerding, 16x5 mm, 18 cm
hooklet, meyerding, 7x4 mm, 18 cm
hooklet, meyerding, 12x4 mm, 18 cm
hooklet, meyerding, 8x4 mm, 18 cm
hooklet, meyerding, 7x9 mm, 18 cm
hooklet, senn-green, 20x6 mm, 16 cm
hooklet, senn-green, 10x6 mm, 16 cm
hooklet, double, ragnell-davis, 15 cm
double hooklet, ragnell-d. 11x4mm/19x6mm
hooklet, senn-mueller, sharp, 16 cm
hooklet, senn-mueller, blunt, 16 cm
retractor, cushing, fenestrated, 20,5 cm
hooklet, cushing, 8 mm, 20.5 cm
hooklet, cushing, 10 mm, 20.5 cm
hooklet, cushing, 12 mm, 20.5 cm
hooklet, cushing, 14 mm, 20.5 cm
hooklet, cushing, 16 mm, 20.5 cm
hooklet, cushing, 18 mm, 20.5 cm
hooklet, cushing, 8 mm, 24 cm
hooklet, cushing, 10 mm, 24 cm
hooklet, cushing, 12 mm, 24 cm
hooklet, cushing, 14 mm, 24 cm
hooklet, cushing, 16 mm, 24 cm
hooklet, cushing, 18 mm, 24 cm
hooklet, malleable shaft, 4 mm, 24 cm
hooklet, malleable shaft, 6 mm, 24 cm
hooklet, malleable shaft, 8 mm, 24 cm
hooklet, malleable shaft, 11 mm, 24 cm
hooklet, malleable shaft, 15 mm, 24 cm
hooklet, malleable shaft, 17 mm, 24 cm
hooklet, malleable shaft, 20 mm, 24 cm
hooklet, malleable shaft, 23 mm, 24 cm
vein hooklet, brom, small, 19 cm
vein hooklet, brom, large, 19 cm
hooklet, strandell-stille, no. 1, 19 cm
hooklet, strandell-stille, no. 2, 19 cm
retractor, klapp, 2-pr., blunt, 17.5 cm
retractor, klapp, 3-pr., blunt, 17.5 cm
retractor, klapp, 4-pr., blunt, 17.5 cm
hooklet, delicate, 4-pr., sharp, 16.5 cm
hooklet, delicate, 4-pr., blunt, 16.5 cm
retractor, volkmann, sh., 1-pr., 21.5 cm
retractor, volkmann, sh., 2-pr., 21.5 cm
retractor, volkmann, sh., 3-pr., 21.5 cm
retractor, volkmann, sh., 4-pr., 21.5 cm
retractor, volkmann, sh., 6-pr., 21.5 cm
retractor, volkmann, bl., 1-pr., 21.5 cm
retractor, volkmann, bl., 2-pr., 21.5 cm
retractor, volkmann, bl., 3-pr., 21.5 cm
retractor, volkmann, bl., 4-pr., 21.5 cm
retractor, volkmann, bl., 6-pr., 21.5 cm
retractor, volkmann, sh., 1-pr., 22.5 cm
retractor, volkmann, sh., 2-pr., 22.5 cm
retractor, volkmann, sh., 3-pr., 22.5 cm
retractor, volkmann, sh., 4-pr., 22.5 cm
retractor, volkmann, sh., 6-pr., 22.5 cm
retractor, volkmann, bl., 1-pr., 22.5 cm
retractor, volkmann, bl., 2-pr., 22.5 cm
retractor, volkmann, bl., 3-pr., 22.5 cm
retractor, volkmann, bl., 4-pr., 22.5 cm
retractor, volkmann, bl., 6-pr., 22.5 cm
retr., volkmann, semish., 1-pr, 22.5 cm
retr., volkmann, semish., 2-pr., 22.5 cm
retr., volkmann, semish., 3-pr., 22.5 cm
retr., volkmann, semish., 4-pr., 22.5 cm
retr., volkmann, semish., 6-pr., 22.5 cm
retractor, volkmann, sh., 1-pr., 21.5 cm
retractor, volkmann, bl., 1-pr., 21.5 cm
retractor, 1-prong, sharp, 21.5 cm
retractor, kocher, sharp, 1-pr., 22.5 cm
retractor, kocher, sharp, 2-pr., 22.5 cm
retractor, kocher, sharp, 3-pr., 22.5 cm
retractor, kocher, sharp, 4-pr., 22.5 cm
retractor, kocher, sharp, 6-pr., 22.5 cm
retractor, kocher, blunt, 1-pr., 22.5 cm
retractor, kocher, blunt, 2-pr., 22.5 cm
retractor, kocher, blunt, 3-pr., 22.5 cm
retractor, kocher, blunt, 4-pr., 22.5 cm
retractor, kocher, blunt, 6-pr., 22.5 cm
retractor, kocher, semish., 1-pr., 22 cm
retractor, kocher, semish., 2-pr., 22 cm
retractor, kocher, semish., 3-pr., 22 cm
retractor, kocher, semish., 4-pr., 22 cm
retractor, kocher, semish., 6-pr., 22 cm
retract., ollier, bl., 37x30 mm, 24.5 cm
retractor, ollier, bl., 39x60 mm, 23 cm
retractor, wassmund, 33x20 mm, 20.5 cm
retractor, koerte, sharp, 8-pr., 24.5 cm
retractor, koerte, blunt, 8-pr., 24.5 cm
retract., israel, bl., 40x40 mm, 24.5 cm
retract., israel, bl., 45x50 mm, 24.5 cm
retract., israel, bl., 50x60 mm, 24.5 cm
retract., israel, bl., 70x70 mm, 24.5 cm
retractor, langenbeck, 30x11 mm, 21 cm
retractor, langenbeck, 30x13 mm, 21 cm
retractor, langenbeck, 30x15 mm, 21 cm
retractor, langenbeck, 40x11 mm, 21 cm
retractor, langenbeck, 50x11 mm, 21 cm
retractor, langenbeck, 30x11 mm, 21,5 cm
retractor, langenbeck, 30x13 mm, 21,5 cm
retractor, langenbeck, 30x15 mm, 21,5 cm
retractor, langenbeck, 40x11 mm, 21,5 cm
retractor, langenbeck, 50x11 mm, 21,5 cm
retractor, langenbeck, 60x20 mm, 21 cm
retractor, langenbeck, 85x15 mm, 22.5 cm
retract., langenbeck, 40x13 mm, 21,5 cm
retract., langenb.-green, 6x16 mm, 16 cm
retract., langenb.-green, 6x25 mm, 16 cm
retractor, lahey, 29x6 mm, 20.5 cm
retractor, little, 13x14 mm, 20 cm
retractor, kocher, 41x18 mm, 23 cm
retractor, kocher, 61x20 mm, 23 cm
retractor, kocher, 61x25 mm, 23 cm
retractor, kocher, 75x30 mm, 23 cm
retractor, kocher, 75x40 mm, 23 cm
retract., kocher-lang., 25x6 mm, 21.5 cm
retract., kocher-lang., 35x8 mm, 21.5 cm
retract., kocher-lang., 35x11 mm, 21.5cm
retract., kocher-lang., 35x15 mm, 21.5cm
retract., kocher-lang., 40x11 mm, 21.5cm
retract., kocher-lang., 55x11 mm, 21.5cm
retract., kocher-lang., 70x14 mm, 21.5cm
retract., kocher-lang., 80x12 mm, 21.5cm
retract., kocher-lang., 80x16 mm, 21.5cm
retract., kocher-lang., 25x10 mm, 21.5cm
retract., kocher-lang., 40x13 mm, 21.5cm
retract., kocher-lang., 60x13 mm, 21.5cm
retract., kocher-lang., 40x18 mm, 21.5cm
retract., kocher-lang., 60x18 mm, 21.5cm
retract., kocher-lang., 85x18 mm, 21.5cm
retract., kocher-lang., 60x25 mm, 21.5cm
retract., kocher-lang., 85x25 mm, 21.5cm
retractor, zenker, ang., 10x3 mm, 18 cm
retractor, zenker, ang., 35x9 mm, 25 cm
retract. zenker, ang, 60x12 mm, 26.5 cm
retractor, zenker, ang., 75x12mm, 27,5cm
retractor, kocher, 20x12 mm, 21.5 cm
retractor, kocher, 23x14 mm, 21.5 cm
retractor, kocher 40x10 mm, 23 cm
retractor, kocher, 40x15 mm, 23 cm
retractor, kocher, 40x20 mm, 23 cm
retractor, middeldorpf, 15x17 mm, 22 cm
retractor, middeldorpf, 22x22 mm, 23 cm
retractor, middeldorpf, 26x31 mm, 24 cm
retract., richardson-e., no. 1, 26 cm
retract., richardson-e., no. 2, 27.5 cm
retractor, richardson, 25x21 mm, 23.5 cm
retractor, richardson, 30x29 mm, 24 cm
retractor, richardson, 38x40 mm, 24 cm
retractor, richardson, 48x22 mm, 24 cm
retractor, kelly, 65x50 mm, 26 cm
retractor, doyen-stille, 87x28 mm, 25 cm
retractor, doyen-stille, 97x31 mm, 26 cm
retract., doyen-stille, 117x52 mm, 26 cm
retractor, hoesel, 63x21 mm, 26 cm
retractor, hoesel, 80x30 mm, 26 cm
retractor, hoesel, 100x30 mm, 26 cm
retractor, hoesel, 120x30 mm, 26 cm
retractor, hoesel, 140x30 mm, 26 cm
retractor, hoesel, 140x40 mm, 26 cm
retractor, middeldorpf, 43x45 mm, 27 cm
retractor, middeldorpf, 52x50 mm, 27 cm
retractor, middeldorpf, 52x70 mm, 28 cm
retractor, fritsch, 35x31 mm, 23,5 cm
retractor, fritsch, 33x40 mm, 24 cm
retractor, fritsch, 39x50 mm, 25 cm
retractor, fritsch, 45x63 mm, 25 cm
retractor, fritsch, 45x75 mm, 25.5 cm
retractor, fritsch, 53x85 mm, 25,5 cm
retractor, doyen, 45x88 mm, 24 cm
retractor, kocher, 70x25 mm, 23.5 cm
retractor, kocher, 78x45 mm, 25 cm
retractor, kocher, 78x55 mm, 25 cm
retractor, kocher, 78x65 mm, 25 cm
retractor, martin, 110x27 mm, 26.5 cm
retractor, simon, 115x22 mm, 28 cm
retractor, simon, 115x28 mm, 28 cm
retractor, coryllos, 80x22 mm, 24 cm
retractor, coryllos, 108x43 mm, 24 cm
retractor, coryllos, 119x65 mm, 24 cm
scapula retractor, 80x54 mm, 19 cm
scapula retractor, 75x93 mm, 18.5 cm
retr., brunner, str., 80x20 mm, 25.5 cm
retr., brunner, str., 100x25 mm, 25.5 cm
retr., brunner, str., 120x25 mm, 25.5 cm
retr., brunner, str., 130x30 mm, 25.5 cm
retr., brunner, str., 140x30 mm, 25.5 cm
retr., brunner, str., 160x30 mm, 25.5 cm
retr., brunner, str., 180x30 mm, 25.5 cm
retr., brunner, cvd., 80x20 mm, 25.5 cm
retr., brunner, cvd., 100x20 mm, 25.5 cm
retr., brunner, cvd., 120x25 mm, 25.5 cm
retr., brunner, cvd., 140x25 mm, 25.5 cm
retr., brunner, cvd., 160x30 mm, 25.5 cm
retr., brunner, cvd., 180x30 mm, 25.5 cm
retractor, sauerbruch, 45x15 mm, 22.5 cm
retractor, sauerbruch, 60x23 mm, 22.5 cm
retractor, sauerbruch, 72x20 mm, 22.5 cm
retr., ross, flex., no. 1, 26.5 cm
retr., ross, flex., no. 2, 27 cm
retr., ross, flex., no. 3, 27 cm
retr., ross, flex., no. 4, 27.5 cm
retr., ross, flex., no. 5, 27.5 cm
retr., ross, flex., no. 6, 27.5 cm
valve, retr., borowski, 17x21 mm, 27 cm
valve, retr., borowski, 16x23 mm, 27 cm
valve, retr., borowski, 20x25 mm, 27 cm
valve, retr., borowski, 24x27 mm, 27 cm
valve, retr., borowski, 28x20 mm, 27 cm
valve, retr., borowski, 28x29 mm, 27 cm
retractor, harringt., 137x44 mm, 32.5 cm
retractor, harrington, 137x65 mm, 33 cm
retractor, deaver, 16 mm, 18 cm
retractor, deaver, 19 mm wide, 18 cm
retractor, deaver, 22 mm wide, 21.5 cm
retractor, deaver, 25 mm wide, 26 cm
retractor, deaver, 25 mm wide, 30.5 cm
retractor, deaver, 25 mm wide, 33.5 cm
retractor, deaver, 25 mm wide, 34.5 cm
retractor, deaver, 38 mm wide, 32 cm
retractor, deaver, 50 mm wide, 31.5 cm
retractor, deaver, 75 mm wide, 31.5 cm
retractor, deaver-grip, 25 mm, 31.5 cm
retractor, deaver-grip, 38 mm, 31.5 cm
retractor, deaver-grip, 50 mm, 31.5 cm
retract., deaver-grip, 100 mm, 32.5 cm
atrium retractor, r., 48x48 mm, 25 cm
atrium retractor, serr., 48x48 mm, 25 cm
atriumretractor, l., 30x48 mm, 27.5 cm
retractor, mikulicz, 90x35 mm, 25 cm
retractor, mikulicz, 125x50 mm, 25 cm
retractor, mikulicz, 160x50 mm, 25 cm
retractor, mikulicz, 85x55 mm, 26 cm
retractor, kelly, 205x38 mm, 27.5 cm
retractor, kelly, 210x57 mm, 28 cm
pelvis retractor, 130x60 mm, 26 cm
pelvis retractor, 180x60 mm, 23.5 cm
pelvis retractor, 180x60 mm, 28 cm
retractor, kuemmel, 100x45 mm, 31 cm
retractor, kader, 20 mm wide, 28 cm
retractor, kader, 30 mm wide, 28 cm
retractor, kader, 40 mm wide, 28 cm
retractor, collin-hart., 35x29 mm, 15 cm
retractor, roux, set, no. 1-3, 17 cm
retractor, double, roux, no. 1, 14,5 cm
retractor, double, roux, no. 2, 16 cm
retractor, double, roux, no. 3, 17 cm
retractor, double, farabeuf, set, 12 cm
retractor, dbl., farabeuf, set, 15.5 cm
retractor, mini-roux, 6x7 mm, 14.5 cm
retractor, double, baby-roux, 12.5 cm
retractor, parker, small, set, 14 cm
retractor, parker, lg., set, 18.5 cm
retractor, parker-mott, set, 16 cm
retractor, mathieu, set, 20 cm
retractor, parker-lang., set, 21.5 cm
retractor, double, goelet, 19 cm
woundspreader, sharp, 2x3 t., 5 cm
woundspreader, blunt, 2x3 t., 5 cm
woundspreader, sharp, 3x4 t., 7 cm
woundspreader, blunt, 3x4 t., 7 cm
woundspreader, sharp, 3x4 t., 7.5 cm
woundspreader, blunt, 3x4 t., 7.5 cm
spring spreader, 1x1 t., sh., 8,5 cm
spring spreader, 1x1 t., sh.., 11,5 cm
spring spreader, 3x3 t., bl., 8,5 cm
spring spreader, 4x4 t., bl., 11,5 cm
spring spreader, 1x1 t., w. r., 8,5 cm
woundspreader, alm, sharp, 4x4 t., 7 cm
woundspreader, alm, sharp, 4x4 t., 10 cm
woundspreader, alm, blunt, 4x4 t., 7 cm
woundspreader, alm, blunt, 4x4 t., 10 cm
woundspreader, blunt, 4x4 t., 10 cm
spreader, jansen, blunt, 3x3 t., 10 cm
spreader, jansen, sharp, 3x3 t., 10 cm
woundspreader, sharp, 3x4 t., 13.5 cm
woundspreader, blunt, 3x4 t., 13.5 cm
spreader, adson-anderson, 4x4 t., 19 cm
woundspreader, travers, blunt, 21.5 cm
spreader, norfolk/norwich, blunt, 21,5cm
woundspreader, sharp, 3x4 t., 20 cm
wound spreader, sharp, 3x4 t., 24 cm
woundspreader, sharp, 5x6 t., 25.5 cm
woundspreader, blunt, 3x4 t., 20 cm
woundspreader, blunt, 3x4 t., 24 cm
woundspreader, blunt, 5x6 t., 25.5 cm
spreader, adson, sharp, 3x4 t., 26 cm
spreader, adson, blunt, 3x4 t., 26 cm
spreader, adson, sharp, 5x6 t., 25,5 cm
spreader, adson, sharp, 6x6 t., 29 cm
spreader, adson, blunt 5x6 t., 25,5 cm
spreader, adson, blunt, 6x6 t., 29 cm
spreader, sharp, 3x4 t., 20 mm, 13,5 cm
spreader, blunt, 3x4 t., 20 mm, 13,5 cm
woundspreader, sharp, 2x3 t., 11 cm
woundspreader, blunt, 2x3 t., 11 cm
woundspreader, sharp, 3x4 t., 13.5 cm
woundspreader, sharp, 3x4 t., 16 cm
woundspreader, blunt, 3x4 t., 13.5 cm
woundspreader, blunt, 3x4 t., 16 cm
spreader, wullst., sharp, 3x3 t., 13 cm
spreader, wullst., blunt, 3x3 t., 13 cm
spreader, mollison, sharp, 4x4t., 15,5cm
spreader, plester, blunt, 2x2 t., 13 cm
spreader, plester, sharp, 2x2 t., 13 cm
spreader, plester, blunt, l., 10.5 cm
spreader, plester, blunt, r., 10.5 cm
spreader, williams, right, 1x5 cm
spreader, williams, right, 1x6 cm
spreader, williams, right, 1x7 cm
spreader, williams, left, 1x5 cm
spreader, williams, left, 1x6 cm
spreader, williams, left, 1x7 cm
woundspreader, blunt, 3x3 t., 13.5 cm
woundspreader, full blade, 13.5 cm
spreader, henley, blunt, 3x4 t., 16.5 cm
center blade f. 15-768-00, 19x17 mm
center blade f. 15-768-00, 25x17 mm
center blade f. 15-768-00, 32x17 mm
spreader, henley, sharp, 3x4 t., 16.5 cm
spreader, adson, sharp, 3x4 t., 14.0 cm
spreader, adson, sharp, 3x4 t., 16,5 cm
spreader, adson, sharp, 3x4 t., 21 cm
spreader, adson, sharp, 3x4 t., 24.5 cm
spreader, adson, blunt, 3x4 t., 14.0 cm
spreader, adson, blunt, 3x4 z.16.5 cm
spreader, adson, blunt, 3x4 t., 21 cm
spreader, adson, blunt, 3x4 t., 24.5 cm
spreader, adson, blunt, 3x4 t., 13cm
spreader, cloward, complete, 25 cm
spreader, cloward, only, f. 15-774-00
blade f. cloward, fenestrated, 40 mm
blade f. cloward, fenestrated, 45 mm
blade f. cloward, fenestrated, 50 mm
blade f. cloward, fenestrated, 55 mm
blade f. cloward, fenestrated, 60 mm
spreader, cloward, complete, 15 cm
spreader, cloward, only, f. 15-775-00
blade f. spread., cloward, smooth, 40 mm
blade f. spread., cloward, smooth, 45 mm
blade f. spread., cloward, smooth, 50 mm
blade f. spread., cloward, smooth, 55 mm
blade f. spread., cloward, smooth, 60 mm
spreader, beckmann, sharp, 4x4 t., 32 cm
spreader, adson, bl., 4x5 t., 33 cm
woundspreader, blunt, 4x4 t., 31 cm
woundspreader, sharp, 4x4 t., 31 cm
woundspreader, blunt, 4x4 t., 30.5 cm
woundspreader, sharp, 4x4 t., 30.5 cm
spreader, beckmann-eaton, 7x7 t., 32 cm
woundspreader, 6x6 t., sharp, r., 28.5cm
woundspreader, 6x6 t., sharp, l., 28.5cm
woundspreader, joll, sharp, 15.5 cm
woundspreader, gelpi, 1x1 t., 13 cm
woundspreader, gelpi, 1x1 t., 18 cm
woundspreader, gelpi, 1x1 t., 18.5 cm
distractor, caspar, right, 11 cm
distractor, caspar, right, 13 cm
distractor, caspar, left, 11 cm
distractor, caspar, left, 13 cm
drill guide f. distractor, caspar, left
drill guide f. distractor, caspar, right
screwdriver f. distractor, caspar
screw f. distraction, caspar, 12 mm
screw f. distraction, caspar, 14 mm
screw f. distraction, caspar, 16 mm
screw f. distraction, caspar, 18 mm
drill, caspar, ø 8 mm, 14 mm
drill, caspar, ø 8 mm, 8 mm
vertebral spreader, 12.7 cm
vertebral spreader, lumbar, 3t., 13 cm
discectomy-speculum lumb., caspar,4cm
discectomy-speculum lumb., caspar,4.5cm
discectomy-speculum lumb., caspar,5cm
discectomy-speculum lumb., caspar,5.5cm
discectomy-speculum lumb., caspar,6cm
discectomy-speculum lumb., caspar,6.5cm
discectomy-speculum lumb., caspar,7.5cm
discectomy-speculum lumb., caspar,8.0cm
discectomy-speculum lumb., caspar,8.5cm
discectomy-counter retract.,lumb.,caspar
blade, medial f. 15-814-10-07, 4 cm
blade, medial f. 15-814-10-07, 4.5 cm
blade, medial f. 15-814-10-07, 5 cm
blade, medial f. 15-814-10-07, 5.5 cm
blade, medial f. 15-814-10-07, 6 cm
blade, medial f. 15-814-10-07, 6.5 cm
blade, medial f. 15-814-10-07, 7 cm
blade, medial f. 15-814-10-07, 7.5 cm
blade, lateral f. 15-814-10-07, 3.5 cm
blade, lateral f. 15-814-10-07, 4 cm
blade, lateral f. 15-814-10-07, 4.5 cm
blade, lateral f. 15-814-10-07, 5 cm
blade, lateral f. 15-814-10-07, 5.5 cm
blade, lateral f. 15-814-10-07, 6 cm
blade, lateral f. 15-814-10-07, 6.5 cm
blade, lateral f. 15-814-10-07, 7.5 cm
blade, lateral f. 15-814-10-07, 8 cm
blade, lateral f. 15-814-10-07, 8.5 cm
forceps f. change of blades
abdominal retractor, collin-baby, 20 cm
abdominal retractor, collin, 20 cm
abdominal retractor, collin, 20 cm
blade, only, 38x55 mm, f. 15-823-00
abdominal retractor, collin, 20 cm
center blade, 50x75 mm, f. 15-824-00
abdominal retractor, collin, 31 cm
abdominal retractor, ricard, cpl., 28 cm
frame, only, f. retractor, ricard, 19 cm
abdomin. retractor, ricard, large blades
center blade, 55x70 mm
center blade, 80x90 mm
exchangeable blade, 18x40 mm, 1 pc.
exchangeable blade, 27x40 mm, 1 pc.
exchangeable blade, 38x60 mm, 1 pc.
exchangeable blade, 45x80 mm, 1 pc.
exchangeable blade, 50x70 mm, 1 pc.
exchangeable blade, 52x110 mm, 1 pc.
exchangeable blade, 60x80 mm, 1 pc.
exchangeable blade, 70x55 mm, 1 pc.
exchangeable blade, 50x58 mm, 1 pc.
exchangeable blade, 60x80 mm, 1 pc.
exchangeable blade, 72x85 mm, 1 pc.
abdominal retractor, gosset, 12.5 cm
abdominal retractor, gosset, 16.5 cm
abdominal retractor, gosset, 18.5 cm
abd. retractor, balfour-baby, 12.5 cm
abdomin. retractor, balfour, wire blades
abdomin. retractor, balfour, full blades
abdomin. retractor, balfour, wire blades
abdomin. retractor, balfour, wire blades
center blade, balfour, 45x80 mm
center blade, balfour, 68x85 mm
center blade, balfour, 40x68 mm
abdomin. retractor, balfour, us-type
wire blades, balfour, 6 cm deep, pair
wire blades, balfour, 8 cm deep, pair
abd. retractor, o'sullivan-o'connor
abd. retractor, kirschner, oval. cpl.
frame, kirschner, oval, 300x240 mm
abd. retractor, kirschner,curvang., cpl.
frame, kirschner, curvang., 240x240 mm
hook on blade, kirschner, 40x55 mm
hook on blade, kirschner,50x65 mm
hook on blade, kirschner, 60x85 mm
hook on blade, kirschner, 78x65 mm
hook on blade, kirschner, 85x90 mm
hook on blade, kirschner, 98x50 mm
hook on blade, kirschner, 105x38 mm
retractor, cerv., caspar, sl
counter retract., caspar, cvd., sl
counter retract., caspar, longit., sl
blade, medial-lateral, 4 t., 19x25 mm
blade, medial-lateral, 4 t., 19x30 mm
blade, medial-lateral, 4 t., 19x35 mm
blade, medial-lateral, 4 t., 19x40 mm
blade, medial-lateral, 4 t., 19x45 mm
blade, medial-lateral, 4 t., 19x50 mm
blade, medial-lateral, 4 t., 19x55 mm
blade, medial-lateral, 4 t., 19x60 mm
blade, lateral, 8 t., 24x30 mm
blade, lateral, 8 t., 24x35 mm
blade, lateral, 8 t., 24x40 mm
blade, lateral, 8 t., 24x45 mm
blade, lateral, 8 t., 24x50 mm
blade, lateral, 8 t., 24x55 mm
blade, lateral, 8 t., 24x60 mm
blade, lateral, 8 t., 24x65 mm
blade, lateral, 8 t., 24x70 mm
blade, medial, 5 t., 24x30 mm
blade, medial, 5 t., 24x35 mm
blade, medial, 5 t., 24x40 mm
blade, medial, 5 t., 24x45 mm
blade, medial, 5 t., 24x50 mm
blade, medial, 5 t., 24x55 mm
blade, medial, 5 t., 24x60 mm
blade, medial, 5 t., 24x65 mm
blade, medial, 5 t., 24x70 mm
blade, long., blunt, 19x25 mm
blade, long., blunt, 19x30 mm
blade, long., blunt, 19x35 mm
blade, long., blunt, 19x40 mm
blade, long., blunt, 19x45 mm
blade, long., blunt, 19x50 mm
blade, long., blunt, 19x55 mm
blade, long., blunt, 19x60 mm
blade, long., blunt, 24x35 mm
blade, long., blunt, 24x40 mm
blade, long., blunt, 24x45 mm
blade, long., blunt, 24x50 mm
blade, long., blunt, 24x55 mm
blade, long., blunt, 24x60 mm
blade, long., blunt, 24x65 mm
blade, long., blunt, 24x70 mm
blade, long., blunt, 24x75 mm
retractor, lumbar, caspar, sl
blade, caspar, lumbar, 20x35 mm
blade, caspar, lumbar, 20x40 mm
blade, caspar, lumbar, 20x45 mm
blade, caspar, lumbar, 20x55 mm
blade, caspar, lumbar, 20x65 mm
hook, hemi-laminektomie, caspar, small
blade, caspar, lumbar, 40x35 mm
blade, caspar, lumbar, 40x40 mm
blade, caspar, lumbar, 40x45 mm
blade, caspar, lumbar, 40x55 mm
blade, caspar, lumbar, 40x65 mm
blade, caspar, lumbar, 40x75 mm
hook, hemi-laminektomie, caspar, large
blade, caspar, lumbar, 60x35 mm
blade, caspar, lumbar, 60x40 mm
blade, caspar, lumbar, 60x45 mm
blade, caspar, lumbar, 60x55 mm
blade, caspar, lumbar, 60x65 mm
blade, caspar, lumbar, 60x75 mm
blade, caspar, lumbar, 60x85 mm
handle f. change of blades
handle f. change of blades, w. lock
measurement handle f. caspar retractor
laminectomy retractor-frame, scoville
hook-blade, scoville, blunt, 50 mm
hook-blade, scoville, blunt, 70 mm
hook-blade, scoville, sharp, 50 mm
hook-blade, scoville, sharp, 70 mm
blade, scoville, serr., 60x25 mm
blade, scoville, serr., 61x50 mm
blade, scoville, serr., 86x25 mm
hook-blade, taylor, 4-pr., 48x50 mm
hook-blade, taylor, 4-pr., 64x50 mm
hook-blade, taylor, 4-pr., 64x64 mm
hook-blade, taylor, 4-pr., 80x57 mm
hook-blade, scoville, 4-pr., 44x38 mm
hook-blade, scoville, 4-pr., 67x44 mm
laminect. retractor-frame, scoville-hav.
martin-arm-system '99
universal-fixation f. martin-arm '99
lateral holding arm
cross rod, hexagonal
slideable fixation f. cross rod
fixation f. rochard-retractors, 18.5 cm
retractor, rochard, 50x105 mm
retractor, rochard, 50x120 mm
retractor, rochard, 50x160 mm
martract bracket, operating table
martract bracket, op.table, epigastrium
martract, bracket, oper. table, midcab
martract holding arm, compact system
martract holding arm for kidney add-on
martract holding arm, standard system
martract holding arm, obesity system
martract holding arm for liver add-on
martract, hold. arm, w. angle, midcab
martract transverse rod f. 15-920-34-07
martract extension for rectum add-on
martract connector for obesity system
martract spacer for radial piston
martract ball mount for holding arms
martract fixing clip for retractor
martract blade holder, fixed
martract blade holder, movable
martract blade holder f. epigas. add-on
martract blade holder, with stop, 20 cm
martract blade holder, with stop, 40 cm
martract, bracket, optics, flex
martract, adapter, tissue stabilizer
martract retainer for epigastrium
martract pulling device for epigastrium
martract, pulling device, midcab
martract, bracket, optics, adapter, 10mm
martract, bracket, optics, adapter, 5 mm
martract, bracket, optics, adapter, 4 mm
martract, bracket, optics, adapter, 3 mm
martract, fixation f. lap. liver hooklet
martract intestine blade,wide,150x100mm
martract intestine blade,wide,200x100mm
martract intestine blade,wide,250x100mm
martract blade, flex., 160x50mm
martract blade, flex., spatula,300x50mm
martract blade, flex., 160x75mm
martract uro, retractor, flex., 50x20mm
martract uro, retractor, flex., 60x20mm
martract uro, blade, flex., 100x25mm
martract kirschner, retractor, 50x65mm
martract kirschner, retractor, 60x85mm
martract kirschner, retractor, 78x65mm
martract kirschner, retractor, 80x90mm
martract langenbeck, retractor, 35x11mm
martract langenbeck, retractor, 50x11mm
martract langenbeck, retractor, 60x20mm
martract langenbeck, retractor, 80x20mm
martract langenbeck, retractor,100x20mm
martract langenbeck, blade, 90x40mm
martract langenbeck, blade, 150x50mm
martract langenbeck, blade, 200x50mm
martract axilla, blade, 175x25mm
martract deaver, blade, 150x50mm
martract deaver, blade, 200x70mm
martract deaver, blade, 220x100mm
martract deaver, retractor, 200x70mm
martract alan-parks, retractor, 75x24mm
martract alan-parks, retractor, 95x24mm
martract bladder, blade, flex.,150x80mm
martract harringt., blade, 175x40mm
martract harringt., blade, 175x65mm
martract harringt.,retrac.,flex.,50x25mm
martract retractor, slotted, 125x50mm
martract breisky, blade, 90x25mm
martract breisky, blade, 110x25mm
martract breisky, blade, 150x25mm
martract breisky, blade, 200x25mm
martract breisky, blade, 250x25mm
martract breisky, blade, 90x35mm
martract breisky, blade, 110x35mm
martract fan, blade, flex., 140x90mm
martract fan, blade, flex., 165x90mm
martract richardson, retractor, 25x21mm
martract richardson, retractor, 30x29mm
martract pelvis,st.marks,blade,174x60mm
martract pelvis,st.marks,blade,270x60mm
martract volkmann,retract.,sharp,22x20mm
martract volkmann,retrac.,blunt,22x20mm
martract roux, retractor, 22x18mm
martract roux, retractor, 28x23mm
martract roux, retractor, 43x23mm
martract epigastrium, retractor,60x85mm
martract epigastrium, retractor,65x78mm
martract, lap. liver hooklet, size m
martract, lap. liver hooklet, size l
martract, retractor,midcab, 2-p.,40x30mm
martract, retractor,midcab, 2-p.,50x30mm
martract, retractor,midcab, 2-p.,60x30mm
martract, wound retr., midcab, 42x36 mm
martract, wound retr., midcab, 65x38 mm
martract, wound retr., midcab, 65x50 mm
martract, wound retr., midcab, 70x50 mm
martract, wound retr., midcab, 92x51 mm
martract, wound retr., midcab, 103x51 mm
martract, wound retr., midcab, 42x57 mm
martract, wound retr., midcab, 65x57 mm
reverdin bauchspatel bayon.
abdom. spatula, malleable, 30 mm, 33 cm
abdom. spatula, malleable, 40 mm, 33 cm
abdom. spatula, malleable, 50 mm, 33 cm
abdom. spatula, haberer, 16/25 mm, 20 cm
abdom. spatula, haberer, 25/30 mm, 28 cm
abdom. spatula, haberer, 37/45 mm, 30 cm
spatula, martin, malleab., 6.5 mm, 20 cm
spatula, martin, malleab., 9.5 mm, 20 cm
spatula, martin, malleab., 13 mm, 20 cm
spatula, martin, malleab., 16 mm, 20 cm
spatula, martin, malleab., 19 mm, 20 cm
spatula, martin, malleab., 25 mm, 20 cm
probe, button end, ø 2.0/2.0 mm, 11,5 cm
probe, button end, ø 2.0/2.0 mm, 13 cm
probe, button end, ø 2.0/2.0 mm, 14.5 cm
probe, button end, ø 2.0/2.0 mm, 16 cm
probe, button end, ø 2.0/2.0 mm, 18 cm
probe, button end, ø 2.0/2.0 mm, 20 cm
probe, button end, ø 2.0/2.0 mm, 25 cm
probe, button end, ø 2.0/2.0 mm, 30 cm
probe, button end, ø 1.0/1.0 mm, 11.5 cm
probe, button end, ø 1.0/1.0 mm, 13 cm
probe, button end, ø 1.0/1.0 mm, 14.5 cm
probe, button end, ø 1.0/1.0 mm, 16 cm
probe, button end, ø 1.0/1.0 mm, 18 cm
probe, button end, ø 1.0/1.0 mm, 20 cm
probe, button end, ø 1.5/1.5 mm, 13 cm
probe, button end, ø 1.5/1.5 mm, 14.5 cm
probe, button end, ø 1.5/1.5 mm, 16 cm
probe, button end, ø 1.5/1.5 mm, 18 cm
probe, button end, ø 1.5/1.5 mm, 20 cm
probe, button end, ø 1.5/1.5 mm, 25 cm
probe with eye, ø 2.0 mm, 13 cm
probe with eye, ø 2.0 mm, 14.5 cm
probe with eye, ø 2.0 mm, 16 cm
probe, ear, stacke, ø 1.0 mm, 10 cm
myrtle leaf probe, ø 2.0 mm, 13 cm
myrtle leaf probe, ø 2.0 mm, 14.5 cm
myrtle leaf probe, ø 2.0 mm, 16 cm
myrtle leaf probe, ø 2.0 mm, 18 cm
myrtle leaf probe, ø 2.0 mm, 20 cm
grooved director, str., 13 cm
grooved director, str., 14.5 cm
grooved director, str., 16 cm
grooved director, button ended, 13 cm
grooved director, button ended, 14.5 cm
grooved director, button ended, 16 cm
grooved director, doyen, cvd., 14.5 cm
grooved director, nelaton, cvd., 16 cm
phlebodissector, varady, 18 cm
phlebextractor, varady, 18 cm
phlebextractor, varady, 18 cm
microdissector, varady, 17 cm
varady-micro-phlebextractor, 17 cm
mini-phlebextractor, varady, 17 cm
varicose vein set, nabatoff, complete
tip, only, f. 16-250-00, ø 3 mm
tip, only, f. 16-250-00, ø 6 mm
tip, only, f. 16-250-00, ø 9 mm
tip, only, f. 16-250-00, ø 12 mm
tip, only, f. 16-250-00, ø 15 mm
t-handle, f. 16-250-01
tract. cable, flex., f. 16-250-00, 90 cm
ring stripper, round, ø 2.0 mm, 50 cm
ring stripper, round, ø 3.0 mm, 50 cm
ring stripper, round, ø 4.0 mm, 50 cm
ring stripper, round, ø 6.0 mm, 50 cm
ring stripper, round, ø 7.0 mm, 50 cm
ring stripper, round, ø 8 mm, 50 cm
ring stripper, round, ø 10.0 mm, 50 cm
ring stripper, round, ø 12.0 mm, 50 cm
ring stripper, round, ø 14.0 mm, 50 cm
handle f. strippers, round, 11.5 cm
cotton applic., farell, ø 0.9 mm, 12 cm
cotton applic., farell, ø 0.9 mm, 14 cm
cotton applic., farell, ø 0.9 mm, 16 cm
ruler, mm/inch, 15 cm
ruler, mm/inch, 20 cm
ruler, mm/inch, 30 cm
ruler, mm/inch, 50 cm
power plug eu f. medled
power plug uk f. medled
power plug au f. medled
magnifier, 2d, sapphire/onyx, mc3
magnifier, 3d, sapphire/onyx, mc3
magnifier, 4d, sapphire/onyx, mc3
spare batteries f. sapphire/onyx (2 pc.)
rechar. station f. 4 batt., medled
medled chrome, spare batteries, 2pc.
medled chrome, magnifier, 2dpt.
medled chrome, magnifier, 3dpt.
medled chrome, magnifier, 4dpt.
medled chrome, case, alone
medled chrome, gopro adapter
medled chrome, headstrap, ht
medled chrome, headstrap, st
medled onyx/mc3, amber filter
medled mc6, amber filter
medled chrome mc3, hardtop, cpl.
bezel mc3
medled chrome mc3, softtop, cpl.
medled chrome mc6, hardtop, cpl.
bezel mc6
medled chrome mc6, softtop, cpl.
medled chrome mc7 pro, hardtop, cpl.
bezel mc7 pro
medled chrome mc7 pro, softtop, cpl.
medled chrome mc3/6/7 pro, hardtop, cpl.
medled chrome mc3/6/7 pro, softtop, cpl.
medled face shield
medled spectra, standard kit, g3
medled spectra, hospital kit, g3
medled spectra, standard kit, g6
medled spectra, hospital kit, g6
medled spectra, standard kit, g8
medled spectra, hospital kit, g8
handle, fc, w. slide valve
handle, fc, w. finger stop
handle, fc, w/o. finger stop
handle, ll, w. slide valve
handle, ll, w. finger stop
handle, ll, w/o. finger stop
cannula, lipo, triport, ll, ø1,7mm, 5cm
cannula, lipo, triport, fc, ø1,7mm, 5cm
cannula, lipo, triport, ll, ø1,7mm, 15cm
cannula, lipo, triport, fc, ø1,7mm, 15cm
cannula, lipo, triport, ll, ø2,0mm, 5cm
cannula, lipo, triport, fc, ø2,0mm, 5cm
cannula, lipo, triport, ll, ø2,0mm, 15cm
cannula, lipo, triport, fc, ø2,0mm, 15cm
cannula, lipo, triport, ll, ø3,0mm, 5cm
cannula, lipo, triport, fc, ø3,0mm, 5cm
cannula, lipo, triport, ll, ø3,0mm, 15cm
cannula, lipo, triport, fc, ø3,0mm, 15cm
cannula, lipo, triport, ll, ø3,0mm, 20cm
cannula, lipo, triport, fc, ø3,0mm, 20cm
cannula, lipo, triport, ll, ø3,0mm, 30cm
cannula, lipo, triport, fc, ø3,0mm, 30cm
can., lipo, monoport, ll, ø1,7mm, 5cm
can., lipo, monoport, fc, ø1,7mm, 5cm
can., lipo, monoport, ll, ø1,7mm, 15cm
can., lipo, monoport, fc, ø1,7mm, 15cm
can., lipo, monoport, ll, ø2,0mm, 5cm
can., lipo, monoport, fc, ø2,0mm, 5cm
can., lipo, monoport, ll, ø2,0mm, 15cm
can., lipo, monoport, fc, ø2,0mm, 15cm
can., lipo, monoport, ll, ø3,0mm, 5cm
can., lipo, monoport, fc, ø3,0mm, 5cm
can., lipo, monoport, ll, ø3,0mm, 15cm
can., lipo, monoport, fc, ø3,0mm, 15cm
can., lipo, monoport, ll, ø3,0mm, 20cm
can., lipo, monoport, fc, ø3,0mm, 20cm
can., lipo, monoport, ll, ø3,0mm, 30cm
can., lipo, monoport, fc, ø3,0mm, 30cm
can., lipo, mercedes, fc, ø3,0mm, 15cm
can., lipo, mercedes, fc, ø3,0mm, 20cm
can., lipo, mercedes, fc, ø3,0mm, 25cm
can., lipo, mercedes, fc, ø4,0mm, 15cm
can., lipo, mercedes, fc, ø4,0mm, 20cm
can., lipo, mercedes, fc, ø4,0mm, 25cm
cannula, lipo, spirale, fc, ø3,0mm, 20cm
cannula, lipo, spirale, fc, ø3,0mm, 30cm
cannula, lipo, spirale, fc, ø4,0mm, 20cm
cannula, lipo, spirale, fc, ø4,0mm, 30cm
cannula, lipo, spirale, fc, ø4,0mm, 40cm
cannula, lipo, spirale, fc, ø5,0mm, 30cm
cannula, lipo, spirale, fc, ø5,0mm, 40cm
cannula, lipo, spirale, fc, ø6,0mm, 30cm
cannula, lipo, spirale, fc, ø6,0mm, 40cm
cannula, lipo, shark, fc, ø2,0mm, 5cm
cannula, lipo, shark, fc, ø2,0mm, 15cm
cannula, lipo, shark, fc, ø3,0mm, 5cm
cannula, lipo, shark, fc, ø3,0mm, 15cm
cannula, lipo, shark, fc, ø3,0mm, 25cm
cannula, lipo, shark, fc, ø3,0mm, 30cm
cannula, lipo, shark, fc, ø4,0mm, 5cm
cannula, lipo, shark, fc, ø4,0mm, 15cm
cannula, lipo, shark, fc, ø4,0mm, 25cm
cannula, lipo, shark, fc, ø4,0mm, 30cm
cannula, lipo, shark, fc, ø5,0mm, 30cm
cannula, lipo, shark, fc, ø6,0mm, 30cm
can., inf., 22 l, ll, ø3,0mm, 20cm
can., inf., 22 l, ll, ø4,0mm, 20cm
can., inf., 22 l, ll, geb, ø3,0mm, 20cm
can., inf., 22 l, ll, geb, ø4,0mm, 20cm
can., inf., 22 l, ll, baj, ø3,0mm, 20cm
can., inf., 22 l, ll, baj, ø4,0mm, 20cm
can., lipo, monoport, fh, ø3,0mm, 15cm
can., lipo, monoport, fh, ø3,0mm, 25cm
can., lipo, monoport, fh, ø4,0mm, 15cm
can., lipo, monoport, fh, ø4,0mm, 25cm
can., lipo, monoport, fh, ø6,0mm, 15cm
can., lipo, monoport, fh, ø6,0mm, 25cm
can., lipo, monoport, fh, ø9,0mm, 30cm
can., lipo, monop, fh, geb, ø3,0mm, 15cm
can., lipo, monop, fh, geb, ø3,0mm, 25cm
can., lipo, monop, fh, geb, ø6,0mm, 15cm
can., lipo, monop, fh, geb, ø6,0mm, 25cm
cannula, lipo, triport, fh, ø4,0mm, 15cm
cannula, lipo, triport, fh, ø4,0mm, 25cm
cannula, lipo, triport, fh, ø6,0mm, 25cm
cannula, lipo, triport, fh, ø6,0mm, 30cm
suction tube, ped., 45°, ø 3,3 mm, 18 cm
suction tube, ped., 45°, ø 5,0 mm, 18 cm
suction tube, ped., 90°, ø 3,3 mm, 16 cm
suction tube, ped., 90°, ø 5,0 mm, 16 cm
suction tube, ped., 45°, ø 3,3 mm, 21 cm
suction tube, ped., 45°, ø 5,0 mm, 21 cm
suction tube, ped., 60°, ø 3,3 mm, 18 cm
suction tube, ped., 60°, ø 5,0 mm, 18 cm
suction tube, ped., 90°, ø 3,3 mm, 15 cm
suction tube, ped., 90°, ø 5,0 mm, 15 cm
suct.tube, marcore, ø 6mm, 39cm
suct.tube, marcore, ø 6mm, w.cutoff,39cm
ventrikular vent, marcore, 4,5 cm
suction tube, adson, cvd., ø 4 mm, 20 cm
suction tube, adson, cvd., ø 3 mm, 20 cm
suction tube, adson, cvd., ø 5 mm, 20 cm
suction tube, str., ø 3.3 mm, 24 cm
suction tube, frazier, ø 2.0 mm, 19.5 cm
suction tube, frazier, ø 2.3 mm, 19.5 cm
suction tube, frazier, ø 2.7 mm, 19.5 cm
suction tube, frazier, ø 3.0 mm, 19.5 cm
suction tube, frazier, ø 3.3 mm, 19.5 cm
suction tube, frazier, ø 3.6 mm, 19.5 cm
suction tube, frazier, ø 4.0 mm, 19.5 cm
suction tube, frazier, ø 5.0 mm, 19.5 cm
suction tube, fergusson, ø 1.5mm,11cm
suction tube, fergusson, ø 2.0mm,11cm
suction tube, fergusson, ø 2.5mm,11cm
suction tube, fergusson, ø 3.0mm,11cm
suction tube, fergusson, ø 4.0mm,11cm
suction tube, fergusson, ø 5.0mm,11cm
suct. tube, fergusson, ø 1,5 mm, 13 cm
suct. tube, fergusson, ø 2,0 mm, 13 cm
suct. tube, fergusson, ø 2,5 mm, 13 cm
suct. tube, fergusson, ø 3,0 mm, 13 cm
suct. tube, fergusson, ø 4,0 mm, 13 cm
suct. tube, fergusson, ø 5,0 mm, 13 cm
suct. tube, fergusson, ø 1,5 mm, 16 cm
suct. tube, fergusson, ø 2,0 mm, 16 cm
suct. tube, fergusson, ø 2,5 mm, 16 cm
suct. tube, fergusson, ø 3,0 mm, 16 cm
suct. tube, fergusson, ø 4,0 mm, 16 cm
suct. tube, fergusson, ø 5,0 mm, 16 cm
suct. tube, fergusson, ø 1,5 mm, 20 cm
suct. tube, fergusson, ø 2,0 mm, 20 cm
suct. tube, fergusson, ø 2,5 mm, 20 cm
suct. tube, fergusson, ø 3,0 mm, 20 cm
suct. tube, fergusson, ø 4,0 mm, 20 cm
suct. tube, fergusson, ø 5,0 mm, 20 cm
suct. tube, poppen, ang., ø 2.0 mm, 18cm
suct. tube, poppen, ang., ø 2.6 mm, 18cm
suct. tube, poppen, ang., ø 3.3 mm, 18cm
suct. tube, poppen, ang., ø 4.0 mm, 18cm
suction tube, zoellner, solo
suction tip, f. 18-526-00, ø 0.5 mm
suction tip, f. 18-526-00, ø 0.7 mm
suction tip, f. 18-526-00, ø 0.9 mm
suction tip, f. 18-526-00, ø 1.2 mm
suction tip, for 18-526-00, ø 1.7 mm
suction tube, wullstein, w. 3 cannulas
suction handle acc. to wullstein
micro-suction tip, wullstein, ø 0.4 mm
micro-suction tip, wullstein, ø 0.6 mm
micro-suction tip, wullstein, ø 0.8 mm
suct. tube, baron-schuknecht, ø1.0, 75mm
suct. tube, baron-schuknecht, ø1.5, 75mm
suct. tube, baron-schuknecht, ø2.0, 75mm
suction tube, luer, ø 3.0 mm, wl: 110 mm
suction tube, luer, ø 3.5 mm, wl: 110 mm
suction tube, luer, ø 4.5 mm, wl: 130 mm
suction handle with cutoff
suction tube f.pituitary, landolt,3.2mm
suct. tube, yasarg., ø 1.5 mm, wl:150 mm
suct. tube, yasarg., ø 2.0 mm, wl:150 mm
suct. tube, yasarg., ø 2.5 mm, wl:150 mm
suct. tube, yasarg., ø 3.5 mm, wl:150 mm
suction tube, magill, 3,0mm, 24,5 cm
suction tube, magill, 3,5mm, 24,5 cm
suction tube, magill, 4,0mm, 24,5 cm
cleaning wire, magill
suct. tube, baby-yankauer, ø8,0mm,21cm
suct. tube, yankauer, compl.,ø9,4mm,31cm
suc. tube, debakey-adson, ø 4 mm, 16 cm
suc. tube, debakey-adson, ø 4 mm, 20 cm
suction tube, debakey, ø 9 mm, 28 cm
suction tube, set w. 4 tubes, 31 cm
handle only, f. 18-545-00, 15 cm
tube connector, only, f. 18-545-00
suct. tube, f. 18-545-00, #0,ø2,5mm,10cm
suct. tube, f. 18-545-00, #1,ø3,4mm,10cm
suct. tube, f. 18-545-00, #2,ø4,3mm,10cm
suct. tube, f.18-545-00,#3,ø6,0mm,13,5cm
suction tip, only, f. 18-545-00
suct. tube, baby-poole, str.,ø6,0mm,19cm
suct. tube, baby-poole, cvd.,ø6,0mm,19cm
suct. tube, poole, str., ø 10 mm, 24 cm
suction tube, poole, ang., ø 8 mm, 25 cm
suction tube, house, ø 0.9x0.7 mm, 9 cm
suction tube, house, ø 1.2x0.9 mm, 9 cm
suction tube, house, ø 1.5x1.2 mm, 9 cm
suction adapter, house, 4.5 cm
suction tube,fukushima,trdr.,3fr,16,5cm
suction tube,fukushima,trdr.,4fr,16,5cm
suction tube,fukushima,trdr.,5fr,16,5cm
suction tube,fukushima,trdr.,6fr,16,5cm
suction tube,fukushima,trdr.,7fr,16,5cm
suction tube,fukushima,trdr.,8fr,16,5cm
suction tube,fukushima,trdr.,9fr,16,5cm
suction tube,fukushima,trdr.,10fr,16,5cm
suction tube,fukushima,trdr.,12fr,16,5cm
suction tube,fukushima,trdr.,3fr,18cm
suction tube,fukushima,trdr.,4fr,18cm
suction tube,fukushima,trdr.,5fr,18cm
suction tube,fukushima,trdr.,6fr,18cm
suction tube,fukushima,trdr.,7fr,18cm
suction tube,fukushima,trdr.,8fr,18cm
suction tube,fukushima,trdr.,9fr,18cm
suction tube,fukushima,trdr.,10fr,18cm
suction tube,fukushima,trdr.,12fr,18cm
suction tube,fukushima,trdr.,3fr,20,5cm
suction tube,fukushima,trdr.,4fr,20,5cm
suction tube,fukushima,trdr.,5fr,20,5cm
suction tube,fukushima,trdr.,6fr,20,5cm
suction tube,fukushima,trdr.,7fr,20,5cm
suction tube,fukushima,trdr.,8fr,20,5cm
suction tube,fukushima,trdr.,9fr,20,5cm
suction tube,fukushima,trdr.,10fr,20,5cm
suction tube,fukushima,trdr.,12fr,20,5cm
suction tube,fukushima,trdr.,3fr,23cm
suction tube,fukushima,trdr.,4fr,23cm
suction tube,fukushima,trdr.,5fr,23cm
suction tube,fukushima,trdr.,6fr,23cm
suction tube,fukushima,trdr.,7fr,23cm
suction tube,fukushima,trdr.,8fr,23cm
suction tube,fukushima,trdr.,9fr,23cm
suction tube,fukushima,trdr.,10fr,23cm
suction tube,fukushima,trdr.,12fr,23cm
suct. tube, cooley, cvd., ø 8 mm, 36 cm
suct. tube, cooley, cvd., ø 10 mm, 31 cm
suct. tube, cooley, cvd., ø 7 mm, 31 cm
suct. tube, cooley, cvd., ø 8 mm, 36 cm
hlm-suction tube, ø 6 mm, 28 cm
valvular suction tube, ø 6 mm, 30 cm
suction tube, nuboer, rd., ø 6 mm, 21 cm
suction tube, nuboer, ov., ø 6 mm, 21 cm
suction tube, jamieson, ø 0,5 mm, 27 cm
suction tube, jamieson, ø 1,0 mm, 27 cm
suction tube, jamieson, ø 1,5 mm, 27 cm
suction tube,jamieson,30°,ø 0,5mm,27cm
suction tube,jamieson,30°,ø 1,0mm,27cm
suction tip, coupland, ø 1.5 mm, 9 cm
suction tip, coupland, ø 2.0 mm, 9 cm
suction tip, coupland, ø 2.5 mm, 9 cm
suction tip, coupland, ø 3.5 mm, 9 cm
suction handle, coupland, 17 cm
suction tube, byrd, ø 3.0 mm, 21.5 cm
suction tube, byrd, ø 3.5 mm, 21.5 cm
suction tube, byrd, ø 4.3 mm, 21.5 cm
guide needle, ang., knife shape, 8 ch
guide needle, ang., knife shape, 10 ch
guide needle, ang., knife shape, 12 ch
guide needle, ang., knife shape, 14 ch
guide needle, ang., knife shape, 16 ch
guide needle, cvd., knife shape, 8 ch
guide needle, cvd., knife shape, 10 ch
guide needle, cvd., knife shape, 12 ch
guide needle, cvd., knife shape, 14 ch
guide needle, cvd., knife shape, 16 ch
guide needle, ang., lancet shape, 8 ch
guide needle, ang., lancet shape, 10 ch
guide needle, ang., lancet shape, 12 ch
guide needle, ang., lancet shape, 14 ch
guide needle, ang., lancet shape, 16 ch
guide needle, ang., triangular, 8 ch
guide needle, ang., triangular, 10 ch
guide needle, ang., triangular, 12 ch
guide needle, ang., triangular, 14 ch
guide needle, ang., triangular, 16 ch
cannula, vein, button-ended, ø1.2mm,80mm
cannula, vein, button-ended, ø1.5mm,80mm
cannula, heparin, ø 2 mm, 45 mm
cannula, heparin, ø 3 mm, 45 mm
cannula, heparin, ø 3,7 mm, 55 mm
cannula, heparin, ø 5 mm, 60 mm
cannula, puncture, frazier, ø 2,0mm, 7cm
cannula, puncture, frazier, ø 2,5mm,10cm
cannula, frazier, grad., str., ø2mm,10cm
cannula, dandy, ø 2,0 mm, 9,5 cm
cannula, cushing-cairns, ø 2,3 mm, 9,5cm
suction tube, plester, ø 1.5 mm, 19.5 cm
suction tube, plester, ø 2.0 mm, 19.5 cm
suction tube, plester, ø 2.5 mm, 19.5 cm
suction tube, plester, ø 3.0 mm, 19.5 cm
suction cannula, verhoeven, 16 swg
suction cannula, verhoeven, 18 swg
suction cannula, verhoeven, 20 swg
suction cannula, verhoeven, 22 swg
suction cannula, verhoeven, 24 swg
suction cannula, ø 2.0 mm, 16 cm
suct. cannula,rosen,ang.,luerlock,ø0,5mm
suct. cannula,rosen,ang.,luerlock,ø0,7mm
suct. cannula,rosen,ang.,luerlock,ø0,8mm
suct. cannula,rosen,ang.,luerlock,ø0,9mm
suct. cannula,rosen,ang.,luerlock,ø1,0mm
suct. cannula,rosen,ang.,luerlock,ø1,2mm
suct. cannula,rosen,ang.,luerlock,ø1,4mm
suct. cannula,rosen,ang.,luerlock,ø1,5mm
suct. cannula,rosen,ang.,luerlock,ø1,8mm
suct. cannula,rosen,ang.,luerlock,ø2,0mm
suct. cannula,rosen,ang.,luerlock,ø2,5mm
suct. cannula,rosen,ang.,luerlock,ø3,0mm
cannula, schmid, malleable, ø 3 mm, 15cm
cannula, schmid, malleable, ø 4 mm, 15cm
cannula, schmid, malleable, ø 5 mm, 15cm
cannula, schmid, malleable, ø 6 mm, 15cm
cannula, heparin, mock, ø2,9x0,8mm,6,5cm
connector, l/l female, record male
connector, record female, luer male
tube connector, l/l, male
tube connector, l/l, female
catheter fitting, conic, 2.5x4.0 mm
catheter fitting, conic, 2.5x6.5 mm
catheter fitting, conic, 3,0x9.0 mm
stopcock, l/l, female/male
stopcock, l/l,1x male, 2x female
catheter intro. forceps, magill, 15.5 cm
catheter intro. forceps, magill, 17.5 cm
catheter intro. forceps, magill, 20 cm
guide, catheter, dittel, 46 cm
laryngos. blade, mcintosh, no. 0, 55 mm
laryngos. blade, mcintosh, no. 1, 75 mm
laryngos. blade, mcintosh, no. 2, 90 mm
laryngos. blade, mcintosh, no. 3, 110 mm
laryngos. blade, mcintosh, no. 4, 135 mm
laryngoscope set, mcintosh
laryngos. blade, foregger, no. 1, 70 mm
laryngos. blade, foregger, no. 2, 90 mm
laryngos. blade, foregger, no. 3, 110 mm
laryngos. blade, foregger, no. 4, 135 mm
laryngoscope set, foregger
laryngoscope set, foregger
f.o.-laryngoscope set, mcintosh, battery
f.o.-laryngoscope set, mcintosh, battery
f.o.-laryn. bl., mcintosh, no. 0, 55 mm
f.o.-laryn. bl., mcintosh, no. 1, 70 mm
f.o.-laryn. bl., mcintosh, no. 2, 80 mm
f.o.-laryn. bl., mcintosh, no. 3, 105 mm
f.o.-laryn. bl., mcintosh, no. 4, 130 mm
f.o.-laryngoscope set, foregger, battery
f.o.-laryngoscope set, foregger, battery
f.o.-laryn. bl., foregger, no. 0, 55 mm
f.o.-laryn. bl., foregger, no. 1, 70 mm
f.o.-laryn. bl., foregger, no. 2, 90 mm
f.o.-laryn. bl., foregger, no. 3, 110 mm
f.o.-laryn. bl., foregger, no. 4, 135 mm
micro needleholder, str., w. lock, 15 cm
micro needleholder, str., w. lock, 18 cm
micro needleholder, cvd., w. lock, 15 cm
micro needleholder, cvd., w. lock, 18 cm
micro needlehold., str., w/o lock, 15 cm
micro needlehold., str., w/o lock, 18 cm
micro needlehold., cvd., w/o lock, 15 cm
micro needlehold., cvd., w/o lock, 18 cm
micro needleholder, str., w. lock, 15 cm
micro needleholder, str., w. lock, 18 cm
micro needleholder, str., w. lock, 21 cm
micro needleholder, str., w. lock, 23 cm
micro needleholder, cvd., w. lock, 15 cm
micro needleholder, cvd., w. lock, 18 cm
micro needleholder, cvd., w. lock, 21 cm
micro needleholder, cvd., w. lock, 23 cm
micro needlehholder, str., w/o lock, 15
micro needlehholder, str., w/o lock, 18
micro needlehholder, str., w/o lock, 21
micro needlehholder, str., w/o lock, 23
micro needlehholder, cvd., w/o lock, 15
micro needlehholder, cvd., w/o lock, 18
micro needlehholder, cvd., w/o lock, 21
micro needlehholder, cvd., w/o lock, 23
ti-micro needleh., str., w. lock, 15 cm
ti-micro needleh., str., w. lock, 18 cm
ti-micro needleh., cvd., w. lock, 15 cm
ti-micro needleh., cvd., w. lock, 18 cm
ti-micro needleh., str., w/o lock, 15 cm
ti-micro needleh., str., w/o lock, 18 cm
ti-micro needleh., cvd., w/o lock, 15 cm
ti-micro needleh., cvd., w/o lock, 18 cm
ti-micro needleh., str., w. lock, 15 cm
ti-micro needleh., str., w. lock, 18 cm
ti-micro needleh., str., w. lock, 21 cm
ti.-micro.-ndh.,str.,w. lock, 0,8mm,23cm
ti-micro needleh., cvd., w. lock, 15 cm
ti-micro needleh., cvd., w. lock, 18 cm
ti-micro needleh., cvd., w. lock, 21 cm
ti.-micro.-ndh., cvd.,w.lock,0,8mm,23cm
ti-micro needleh., str., w/o lock, 15 cm
ti-micro needleh., str., w/o lock, 18 cm
ti-micro needleh., str., w/o lock, 21 cm
ti.-micro.-ndh.,str.,w/o lock,0,8mm,23cm
ti-micro needleh., cvd., w/o lock, 15 cm
ti-micro needleh., cvd., w/o lock, 18 cm
ti-micro needleh., cvd., w/o lock, 21 cm
ti.-micro.-ndh.,cvd.,w/o lock,0,8mm,23cm
micro needleh., str.,w.lock, 1,2mm, 15cm
ti.-microneedleh.,str.,w.lock,1,2mm,15cm
micro needleh., str.,w.lock, 1,2mm, 18cm
ti.-microneedleh.,str.,w.lock,1,2mm,18cm
micro needleh., str.,w.lock, 1,2mm, 21cm
ti.-microneedleh.,str.,w.lock,1,2mm,21cm
micro needleh., str.,w.lock, 1,2mm, 23cm
ti.-microneedleh.,str.,w.lock,1,2mm,23cm
micro needleh., cvd.,w.lock, 1,2mm, 15cm
ti.-microneedleh.,cvd.,w.lock,1,2mm,15cm
micro needleh., cvd.,w.lock, 1,2mm, 18cm
ti.-microneedleh.,cvd.,w.lock,1,2mm,18cm
micro needleh., cvd.,w.lock, 1,2mm, 21cm
ti.-microneedleh.,cvd.,w.lock,1,2mm,21cm
micro needleh., cvd.,w.lock, 1,2mm, 23cm
ti.-microneedleh.,cvd.,w.lock,1,2mm,23cm
micro needleh.,str.,w/o lock, 1,2mm,15cm
ti.-micro.-ndh.,str.,w/o lock,1,2mm,15cm
micro needleh.,str.,w/o lock, 1,2mm,18cm
ti.-micro.-ndh.,str.,w/o lock,1,2mm,18cm
micro needleh.,str.,w/o lock, 1,2mm,21cm
ti.-micro.-ndh.,str.,w/o lock,1,2mm,21cm
micro needleh.,str.,w/o lock, 1,2mm,23cm
ti.-micro.-ndh.,str.,w/o lock,1,2mm,23cm
micro needleh., cvd.,w/o lock,1,2mm,15cm
ti.-micro.-ndh.,cvd.,w/o lock,1,2mm,15cm
micro needleh., cvd.,w/o lock,1,2mm,18cm
ti.-micro.-ndh.,cvd.,w/o lock,1,2mm,18cm
micro needleh., cvd.,w/o lock,1,2mm,21cm
ti.-micro.-ndh.,cvd.,w/o lock,1,2mm,21cm
micro needleh., cvd.,w/o lock,1,2mm,23cm
ti.-micro.-ndh.,cvd.,w/o lock,1,2mm,23cm
micro-needle holder, str, w.ratchet,18cm
micro-needle holder, cvd, w.ratchet,18cm
micro needlehold 18cm wtht/r
micro needlehold 18cm wtht/r
surgical needle, g, 1/2 circle, no. 1
surgical needle, g, 1/2 circle, no. 2
surgical needle, g, 1/2 circle, no. 3
surgical needle, g, 1/2 circle, no. 4
surgical needle, g, 1/2 circle, no. 5
surgical needle, g, 1/2 circle, no. 6
surgical needle, g, 1/2 circle, no. 7
surgical needle, g, 1/2 circle, no. 8
surgical needle, g, 1/2 circle, no. 9
surgical needle, g, 1/2 circle, no. 10
surgical needle, g, 1/2 circle, no. 11
surgical needle, g, 1/2 circle, no. 12
surgical needle, g, 1/2 circle, no. 13
surgical needle, g, 1/2 circle, no. 14
surgical needle, g, 1/2 circle, no. 15
surgical needle, g, 1/2 circle, no. 16
surgical needle, gr, 1/2 circle, no. 1
surgical needle, gr, 1/2 circle, no. 2
surgical needle, gr, 1/2 circle, no. 3
surgical needle, gr, 1/2 circle, no. 4
surgical needle, gr, 1/2 circle, no. 5
surgical needle, gr, 1/2 circle, no. 6
surgical needle, gr, 1/2 circle, no. 7
surgical needle, gr, 1/2 circle, no. 8
surgical needle, gr, 1/2 circle, no. 9
surgical needle, gr, 1/2 circle, no. 10
surgical needle, gr, 1/2 circle, no. 11
surgical needle, gr, 1/2 circle, no. 12
surgical needle, gr, 1/2 circle, no. 13
surgical needle, gr, 1/2 circle, no. 14
surgical needle, gr, 1/2 circle, no. 15
surgical needle, gr, 1/2 circle, no. 16
surgical needle, ga, 1/2 circle, no. 1
surgical needle, ga, 1/2 circle, no. 2
surgical needle, ga, 1/2 circle, no. 3
surgical needle, ga, 1/2 circle, no. 4
surgical needle, ga, 1/2 circle, no. 5
surgical needle, ga, 1/2 circle, no. 6
surgical needle, ga, 1/2 circle, no. 7
surgical needle, ga, 1/2 circle, no. 8
surgical needle, ga, 1/2 circle, no. 9
surgical needle, e, 1/2 circle, no. 0
surgical needle, e, 1/2 circle, no. 00
surgical needle, e, 1/2 circle, no. 000
surgical needle, e, 1/2 circle, no. 1
surgical needle, e, 1/2 circle, no. 2
surgical needle, e, 1/2 circle, no. 3
surgical needle, e, 1/2 circle, no. 4
surgical needle, e, 1/2 circle, no. 5
surgical needle, pb, 1/2 circle, no. 0
surgical needle, pb, 1/2 circle, no. 00
surgical needle, pb, 1/2 circle, no. 1
surgical needle, pb, 1/2 circle, no. 2
surgical needle, pb, 1/2 circle, no. 3
surgical needle, pb, 1/2 circle, no. 4
surgical needle, pb, 1/2 circle, no. 5
micro needleh., str., w. lock, 10.5 cm
micro needleh., str., w. lock, 11.5 cm
micro needleh., cvd., w. lock, 10.5 cm
micro needleh., cvd., w. lock, 11.5 cm
micro needleh., cvd., w/o lock, 11.5 cm
micro needleh., cvd., w/o. lock, 13,5 cm
micro needleh., cvd., w. lock, 13.5 cm
micro needleh., cvd., w/o lock, 13.5 cm
micro needleh., str., w/o lock, 13 cm
castrov-fino nh wtht lock cu, 13 cm
castroviejo nh w/o lock cvd., 9 cm
needleholder delic., str., w. lock, 13cm
castroviejo nh w lock str, 9 cm
needleholder delic., cvd., w. lock, 13cm
micro needleh., str., w. lock, 14.5 cm
micro needleh., cvd., w. lock, 14.5 cm
micro needleh., str., w/o lock, 14.5 cm
micro needleh., cvd., w/o lock, 14.5 cm
micro needleh., str., w. lock, 14.5 cm
micro needleh., cvd., w. lock, 14.5 cm
micro needleh., cvd., w/o lock, 14.5 cm
needleholder, derf, grooved, 12 cm
needleholder, derf, longitud., 13 cm
needleholder, collier, grooved, 12.5 cm
needleholder, webster, smooth, 13 cm
needleholder, halsey, smooth, 13.5 cm
needleholder, neivert, grooved, 12.5 cm
needleholder, hegar-baumgartner, 14.5 cm
needleholder, brown, heavy, 13 cm
needleholder, brown, heavy, 18 cm
needleholder, crile-murray, slim, 15 cm
needleholder, crile-wood, grooved, 15 cm
needleholder, adson, fenestr., 18.5 cm
needleholder, metzenb., fenestr., 18.5 c
needleholder, m.g.-hospital, 18 cm
needleholder, mayo-hegar, 14.5 cm
needleholder, mayo-hegar, 16 cm
needleholder, mayo-hegar, 18.5 cm
needleholder, mayo-hegar, 20.5 cm
needleholder, mayo-hegar, 24 cm
needleholder, mayo-hegar, 26.5 cm
needleholder, mayo-hegar, 30.5 cm
needleholder, mayo-hegar, slim, 16 cm
needleholder, mayo-hegar, slim, 19 cm
needleholder, mayo-hegar, slim, 20.5 cm
needleholder, heany, cvd., 20.5 cm
needleholder, jamison, slim, 23 cm
needleholder, masson, heavy, 26.5 cm
needleholder, finochietto, ang., 26.5 cm
needleholder, wangensteen, 26.5 cm
needleholder, johnson, cvd., 27 cm
needleholder, stratte, cvd., 23 cm
needleholder, olsen-hegar, str., 14 cm
needleholder, gillies, 16 cm
needleholder, crile, 15 cm
needleholder, mathieu, 14 cm
needleholder, mathieu, 17 cm
needleholder, mathieu, 20 cm
needleholder, mathieu, slim, 14 cm
needleholder, mathieu, slim, 17 cm
tc needle holder, par style, 11.5cm
tc-mic. needlehold., round hdl., 18.5 cm
tc-needleholder, webster, 13 cm
tc-needleholder, crile-wood, 15 cm
micro needleholder, cvd., w. lock, 15 cm
micro needleholder, cvd., w. lock, 18 cm
micro needleholder, cvd., w. lock, 21 cm
micro needleholder, cvd., w. lock, 23 cm
micro needleholder, str., w. lock, 15 cm
micro needleholder, str., w. lock, 18 cm
micro needleholder, str., w. lock, 21 cm
micro needleholder, str., w. lock, 23 cm
micro needlehold., cvd., w/o lock, 15 cm
micro needlehold., cvd., w/o lock, 18 cm
micro needlehold., cvd., w/o lock, 21 cm
micro needlehold., cvd., w/o lock, 23 cm
micro needlehold., str., w/o lock, 15 cm
micro needlehold., str., w/o lock, 18 cm
micro needlehold., str., w/o lock, 21 cm
micro needlehold., str., w/o lock, 23 cm
tc-needleholder, jaboma, w. lock, 18 cm
micro-needleh., 10 mm, heavy-duty, 19 cm
micro-needleh., 10 mm, heavy-duty, 23 cm
micro needleh., str., w/o lock, 14,5 cm
micro needleh., str., w. lock, 14,5 cm
micro needleh., str., w/o lock, 14,5 cm
micro needleh., str., w. lock, 14,5 cm
micro needleh., cvd., w/o lock, 14,5 cm
micro needleh., cvd., w lock, 14,5 cm
micro needleh., cvd., w. lock, 14,5 cm
micro needleh., cvd., w/o lock, 14,5 cm
tc-micro needleh., str., w. lock,14.5cm
tc-micro needleh., cvd., w/o lock,14.5cm
tc-micro needleholder, smooth, 14.5 cm
tc-micro needelh., str., w. lock, 18 cm
tc-micro needleholder, str., w.lock,21cm
tc-microneedleh., cvd., smooth, 14.5 cm
tc-micro needleholder, cvd., w. lock, 18
tc-micro needleholder, cvd., w.lock,21cm
tc-needleholder, castrov., str., 12.5 cm
tc-needlehold., barraq., w. lock, 14 cm
tc-needlehold., barraq., w/o lock, 14 cm
tc-needleholder, webster, smooth, 13 cm
tc-needleholder, kilner, bayon., 14.5 cm
tc-needleholder, derf, 12 cm
tc-needleholder, hegar-baumgart., 13 cm
tc-needleholder, hegar-baumgar., 14.5 cm
tc-needleholder, halsey, smooth, 13 cm
tc-needlehold., webster, smooth, 12 cm
tc-needleholder, halsey, 13 cm
tc-needleholder, crile-wood, 15 cm
tc-needleholder, crile-wood, 20.5 cm
tc-needleholder, sarot, 18 cm
tc-needleholder, sarot, 20 cm
tc-needleholder, sarot, 26 cm
tc-needleholder, mayo-hegar, 16 cm
tc-needleholder, mayo-hegar, 18.5 cm
tc-needleholder, mayo-hegar, 20 cm
tc-needleholder, mayo-hegar, 24 cm
tc-needleholder, mayo-hegar, 26.5 cm
tc-needleholder, mayo-hegar, 30 cm
tc-needleholder, heaney, cvd., 20.5 cm
tc-needleholder, heaney, cvd., 24 cm
tc-needleholder, heaney, cvd., 26,5 cm
tc-needleholder, de bakey, 18 cm
tc-needleholder, de bakey, 20.5 cm
tc-needleholder, de bakey, 23 cm
tc-needleholder, de bakey, 26.5 cm
tc-needleholder, de bakey, 31 cm
tc-needleholder, masson, 26.5 cm
tc-needleholder, ryder-martin, 12.5 cm
tc-needleholder, ryder-martin, 15 cm
tc-needleholder, ryder-martin, 18 cm
tc-needleholder, ryder-martin, 20 cm
tc-needleholder, ryder-martin, 23 cm
tc-needleholder, ryder-martin, 26 cm
tc-needleholder, swedish-type, 15 cm
tc-needleholder, swedish-type, 17 cm
tc-needleholder, swedish-type, 20.5 cm
tc-needleholder, finochietto, 26.5 cm
tc-needleholder, ryder-vascular, 12 cm
tc-needleholder, ryder-vascular, 15.5 cm
tc-needleholder, ryder-vascular, 17.5 cm
tc-needleholder, ryder-vascular, 20 cm
tc-needleholder, ryder-vascular, 22.5 cm
tc-needleholder, ryder-vascular, 26 cm
tc-needleholder, wangensteen, 27 cm
tc-needleholder, hegar-vascular, 14 cm
tc-needleholder, hegar-vascular, 18.5 cm
tc-needleholder, hegar-vascular, 20.5 cm
tc-needleholder, hegar-vascular, 23 cm
tc-needlehold., bozemann, s-shape, 20.5
tc-needleholder, bozemann, s-shape, 24cm
tc-needleholder, bozem., s-shape, 26 cm
tc-needleholder, bozemann, s-shape, 30 c
tc-needleholder, hegar, 20 cm
tc-needleholder, hegar, 24 cm
tc-needleholder, stratte, slim, 23 cm
tc-needleholder, stratte, cvd., 23 cm
tc-needleholder, microvascular, 14 cm
tc-needleholder, microvascular, 17.5 cm
tc-needleholder, microvascular, 20 cm
tc-needleholder, microvascular, 23 cm
tc-needleholder, microvascular, 26cm
tc-needleholder, martini, smooth, 14 cm
tc-needleholder, martini, smooth, 15 cm
tc-needlehold., martini, smooth, 17.5 cm
tc-needleholder, martini, smooth, 20 cm
tc-needleholder, martini, 14 cm
tc-needleholder, martini, 15 cm
tc-needleholder, martini, 17.5 cm
tc-needleholder, martini, 20 cm
tc-needleholder, olsen-hegar, 14.5 cm
tc-needleholder, olsen-hegar, 17 cm
tc-needleholder, olsen-hegar, 19 cm
tc-needleholder, foster-gillies, 11 cm
tc-needleholder, gillies-mini, 15 cm
tc-needleholder, gillies, 16 cm
tc-needleholder, mathieu, slim, 14 cm
tc-needleholder, mathieu, slim, 17 cm
tc-needleholder, mathieu, slim, 20 cm
tc-needleholder, mathieu, 14 cm
tc-needleholder, mathieu, 17 cm
tc-needleholder, mathieu, 20 cm
tc-needleholder, mathieu, 17 cm
tc-needleholder, mathieu, 20 cm
tc-needleholder, toennis, 18 cm
tc-needleholder, kübler, 18 cm
tc-needleholder, langenbeck, 18.5 cm
tc-needleholder, langenbeck, 20.5 cm
tc-needleholder, langenbeck, 23 cm
ligature needle, schmiden-dick, 30 cm
ligature needle, schmiden, 24 cm
ligature needle, cvd., malleab., 20 cm
ligature needle, cooper, 20 cm
ligature needle, kronecker, r., 12 cm
ligature needle, kronecker, l., 12 cm
ligature needle, deschamps, r., 24 cm
ligature needle, deschamps, l., 24 cm
ligature needle, deschamps, blunt, 20 cm
ligature needle, deschamps, blunt, 20 cm
ligature needle, deschamps, sharp, 20 cm
ligature needle, deschamps, sharp, 20 cm
ligature needle, deschamps, blunt, 20 cm
ligature needle, deschamps, blunt, 20 cm
ligature needle, deschamps, sharp, 20 cm
ligature needle, deschamps, sharp, 20 cm
ligature needle, deschamps, blunt, 27 cm
ligature needle, deschamps, blunt, 27 cm
ligature needle, deschamps, sharp, 27 cm
ligature needle, deschamps, sharp, 27 cm
ligature needle, deschamps, blunt, 28 cm
ligature needle, deschamps, blunt, 28 cm
ligature needle, deschamps, sharp, 21 cm
ligature needle, deschamps, sharp, 21 cm
ligature needle, deschamps, blunt, 21 cm
ligature needle, deschamps, blunt, 21 cm
ligature needle, deschamps, blunt, 21 cm
ligature needle, deschamps, blunt, 21 cm
ligature needle, brunner, no. 1, 30 cm
ligature needle, brunner, no. 2, 30 cm
grooved director, brunner, no. 1, 30 cm
grooved director, brunner, no. 2, 30 cm
hernia director, martin-type, 19.5 cm
grooved director, schmieden, 18 cm
grooved director, schmieden-payr, 18 cm
grooved director, koenig, no. 1, 20 cm
grooved director, koenig, no. 2, 20 cm
grooved director, koenig, no. 3, 20 cm
grooved director, payr, cvd., 22 cm
grooved director, payr, str., 22 cm
ligature catcher, vienna-type, 23.5 cm
ligature fork, 23 cm
suture forceps, ochsner, 14.5 cm
wound edge forceps, childe, w. clip rack
clip applying forceps, michel, 12 cm
clip applying forceps, hegenbarth, 12 cm
clip appl. forceps, wachenfeldt, 12 cm
clip applying forceps, michel, 12.5 cm
clip appl. forceps, michel, long, 13 cm
clip applying forceps, richter, 13.5 cm
bandage scissors, lorenz, cvd., 24 cm
bandage scissors, lister, 14.5 cm
bandage scissors, lister, 18.5 cm
bandage scissors, lister, 20 cm
plaster shears, bergmann, angled, 23 cm
plaster shears, esmarch, angled, 20 cm
bandage scissors, universal, 15.5 cm
bandage scissors, universal, 19 cm
plaster shears, bruns, serr., 24 cm
plaster shears, bruns, smooth, 24 cm
plaster shears, stille-martin, 23 cm
plaster shears, stille-martin, 27 cm
plaster shears, stille-martin, 38 cm
tc-bandage scissors, lister, 18 cm
tc-plaster shears, bruns, 23.5 cm
plaster knife, esmarch, 18 cm
plaster spreader, hennig, 28 cm
plaster spreader, quattro, 23 cm
plaster breaking forceps, wolff, 17.5 cm
plaster breaking forceps, wolff, 26.5 cm
plaster saw, electric, oscill., 110 volt
cast vac bag to 21-551-00-04
cast hose, 3,3 m., to 21-551-00-04
saw blade, ø 50 mm, f. hard bandage
saw blade, ø 50 mm, ptfe
saw blade, ø 65 mm, f. hard bandage
saw blade, ø 65 mm, ptfe
hand drill, stille-sherman, complete
hand drill, stille, complete, 20.5 cm
twist drill, no. 1, 2.5x81 mm
twist drill, no. 2, 3.0x81 mm
twist drill, no. 3, 3.5x86 mm
twist drill, no. 4, 4.0x86 mm
trephine, no. 5, ø 10 mm
burr, spherical, no. 6, ø 5.0 mm
burr, spherical, no. 7, ø 8.0 mm
burr, spherical, no. 8, ø 12.0 mm
burr, spherical, no. 9, ø 16.0 mm
twist drill, no. 10, 1.0x56 mm
twist drill, no. 11, 1.5x61 mm
twist drill, no. 12, 2.0x66 mm
hand drill, hudson, complete
hudson hand drill
burr, cone shape, hudson, no. 1
burr, cone shape, hudson, no. 2
burr, cone shape, hudson, no. 3
burr, cone shape, hudson, no. 4
burr, flat type, cushing, 14 mm wide
twist drill, short, ø 2.0 mm
drill, mckenzie, ø 13.0 mm
drill, errico, ø 16 mm
hand drill, moore, complete, 27.5 cm
twist drill, 7cm(2x) & 9cm(1x) ø 3.2 mm
hand drill, martin, complete
tc-wire twisting forceps, 15.5 cm
tc-wire twisting forceps, 18 cm
tc-wire twisting forceps, 15.5 cm
tc-wire twisting forceps, 18 cm
tc-wire twisting forceps, fine, 15.5 cm
tc-wire twisting forceps, cvd., 14.5 cm
tc-wire twisting forceps, corwin, 16 cm
tc-wire cutting forceps, martin, 18.5 cm
wire cutting & bending forceps, 15 cm
flat nose pliers, transm., slim, 18 cm
flat nose pliers, transm., medium, 18 cm
flat nose pliers, transm., wide, 18 cm
flat nose pliers, transm., medium, 18 cm
flat nose pliers, transm., wide, 18 cm
flat nose pliers, serr. jaw, 13.5 cm
round/flat nose pliers, transm., 19 cm
flat nose pliers, serr. jaw, 17 cm
flat nose pliers, w. cross groove, 17 cm
flat nose pliers, pointed, 19.5 cm
cutting pliers, 18.5 cm, 2.4 s / 1.8 h
tc-side nipper, 13 cm
tc-side nipper, pear-lock, 23cm
tc-inserts f. 22-523-23 martin hercules
tc-inserts for     22-523-01
tc-inserts for     22-523-02
tc-cutting pliers, w. transm., 15 cm
hand drill, bunnel
hand drill, ralk, w. jacobs-chuck
buckley-chisel, 2 mm, 16 cm
bone chisel, 4 mm, 17 cm
bone chisel, 4 mm, 17 cm
osteotome, 8 mm, 13.5 cm
osteotome, 10 mm, 13.5 cm
osteotome, 12 mm, 13.5 cm
osteotome, 14 mm, 13.5 cm
osteotome, 16 mm, 13.5 cm
chisel, 8 mm, 13.5 cm
chisel, 10 mm, 13.5 cm
chisel, 12 mm, 13.5 cm
chisel, 14 mm, 13.5 cm
chisel, 16 mm, 13.5 cm
gouge, 8 mm, 13.5 cm
gouge, 10 mm, 13.5 cm
gouge, 12 mm, 13.5 cm
gouge, 14 mm, 13.5 cm
gouge, 16 mm, 13.5 cm
chisel, partsch, 2 mm, 13.5 cm
chisel, partsch, 3 mm, 13.5 cm
chisel, partsch, 4 mm, 13.5 cm
chisel, partsch, 5 mm, 13.5 cm
chisel, partsch, 6 mm, 13.5 cm
chisel, partsch, 2 mm, 17 cm
chisel, partsch, 3 mm, 17 cm
chisel, partsch, 4 mm, 17 cm
chisel, partsch, 5 mm, 17 cm
chisel, partsch, 6 mm, 17 cm
gouge, partsch, 2 mm, 13.5 cm
gouge, partsch, 3 mm, 13.5 cm
gouge, partsch, 4 mm, 13.5 cm
gouge, partsch, 5 mm, 13.5 cm
gouge, partsch, 6 mm, 13.5 cm
gouge, partsch, 2 mm, 16.5 cm
gouge, partsch, 3 mm, 16.5 cm
gouge, partsch, 4 mm, 16.5 cm
gouge, partsch, 5 mm, 16.5 cm
gouge, partsch, 6 mm, 16.5 cm
gouge, zielke, si., 5,5 mm, 23 cm
gouge, zielke, si., 9 mm, 23 cm
chisel, alexander, 4 mm, 17.5 cm
chisel, alexander, 6 mm, 17.5 cm
chisel, alexander, 8 mm, 17.5 cm
chisel, alexander, 10 mm, 17.5 cm
chisel, alexander, 12 mm, 17.5 cm
chisel, alexander, 14 mm, 17.5 cm
gouge, alexander, 4 mm, 17.5 cm
gouge, alexander, 6 mm, 17.5 cm
gouge, alexander, 8 mm, 17.5 cm
gouge, alexander, 10 mm, 17.5 cm
gouge, alexander, 12 mm, 17.5 cm
gouge, alexander, 14 mm, 17.5 cm
chisel, stille, 10 mm, 20.5 cm
chisel, stille, 12 mm, 20.5 cm
chisel, stille, 15 mm, 20.5 cm
chisel, stille, 20 mm, 20.5 cm
chisel, stille, 25 mm, 20.5 cm
osteotome, stille, 8 mm, 20.5 cm
osteotome, stille, 10 mm, 20.5 cm
osteotome, stille, 12 mm, 20.5 cm
osteotome, stille, 15 mm, 20.5 cm
osteotome, stille, 20 mm, 20.5 cm
osteotome, stille, 25 mm, 20.5 cm
osteotome, stille, fine, 10 mm, 20.5 cm
osteotome, stille, fine, 12 mm, 20.5 cm
osteotome, stille, fine, 15 mm, 20.5 cm
osteotome, stille, fine, 20 mm, 20.5 cm
osteotome, stille, fine, 25 mm, 20.5 cm
gouge, stille, 10 mm, 20.5 cm
gouge, stille, 12 mm, 20.5 cm
gouge, stille, 15 mm, 20.5 cm
gouge, stille, 20 mm, 20.5 cm
gouge, stille, 25 mm, 20.5 cm
handle f. chisel blades, si., 18.5 cm
chisel blade, str., 5 mm, 8 cm
chisel blade, str., 10 mm, 8 cm
chisel blade, str., 16 mm, 8 cm
chisel blade, str., 25 mm, 8 cm
osteotome blade, 5 mm, 8 cm
osteotome blade, 10 mm, 8 cm
osteotome blade, 16 mm, 8 cm
osteotome blade, 25 mm, 8 cm
key f. 23-130-00-04, 9 cm
spongiosa gouge, str., si., 5mm, 24.5cm
spongiosa gouge, str., si., 10mm, 24.5cm
spongiosa gouge, str., si., 15mm, 24.5cm
spongiosa gouge, cvd., si., 5mm, 24.5cm
spongiosa gouge, cvd., si., 10mm, 24.5cm
spongiosa gouge, cvd., si., 15mm, 24.5cm
osteotome, mini-lexer, si., 4 mm, 18 cm
osteotome, mini-lexer, si., 6 mm, 18 cm
osteotome, mini-lexer, si., 8 mm, 18 cm
osteotome, mini-lexer, si., 10 mm, 18 cm
osteotome, mini-lexer, si., 12 mm, 18 cm
gouge, mini-lexer, si., 4 mm, 18 cm
gouge, mini-lexer, si., 6 mm, 18 cm
gouge, mini-lexer, si., 8 mm, 18 cm
gouge, mini-lexer, si., 10 mm, 18 cm
gouge, mini-lexer, si., 12 mm, 18 cm
osteotome, lexer, si., 5 mm, 22 cm
osteotome, lexer, si., 7 mm, 22 cm
osteotome, lexer, si., 10 mm, 22 cm
osteotome, lexer, si., 15 mm, 22 cm
osteotome, lexer, si., 20 mm, 22 cm
osteotome, lexer, si., 25 mm, 22 cm
osteotome, lexer, si., 30 mm, 22 cm
gouge, lexer, si., 5 mm, 22 cm
gouge, lexer, si., 7 mm, 22 cm
gouge, lexer, si., 10 mm, 22 cm
gouge, lexer, si., 15 mm, 22 cm
gouge, lexer, si., 20 mm, 22 cm
gouge, lexer, si., 25 mm, 22 cm
gouge, lexer, si., 30 mm, 22 cm
osteotome, mini-lambotte, 2 mm, 12.5 cm
osteotome, mini-lambotte, 3 mm, 12.5 cm
osteotome, mini-lambotte, 4 mm, 12.5 cm
osteotome, mini-lambotte, 6 mm, 12.5 cm
osteotome, mini-lambotte, 8 mm, 12.5 cm
osteotome, mini-lambotte, 10 mm, 12.5 cm
osteotome, mini-lambotte, 12 mm, 12.5 cm
osteotome, mini-lambotte, 15 mm, 12.5 cm
osteotome, mini-lambotte, 3 mm, 17 cm
osteotome, mini-lambotte, 4 mm, 17 cm
osteotome, mini-lambotte, 6 mm, 17 cm
osteotome, mini-lambotte, 8 mm, 17 cm
osteotome, mini-lambotte, 10 mm, 17 cm
osteotome, mini-lambotte, 12 mm, 17 cm
osteotome, mini-lambotte, 15 mm, 17 cm
osteotome, lambotte, 4 mm, 24 cm
osteotome, lambotte, 6 mm, 24 cm
osteotome, lambotte, 8 mm, 24 cm
osteotome, lambotte, 10 mm, 24 cm
osteotome, lambotte, 13 mm, 24 cm
osteotome, lambotte, 15 mm, 24 cm
osteotome, lambotte, 18 mm, 24 cm
osteotome, lambotte, 20 mm, 24 cm
osteotome, lambotte, 25 mm, 24 cm
osteotome, lambotte, 30 mm, 24 cm
osteotome, lambotte, 38 mm, 24 cm
osteotome, lambotte, 44 mm, 24 cm
osteotome, lambotte, 50 mm, 24 cm
osteotome, lambotte, cvd., 4 mm, 24 cm
osteotome, lambotte, cvd., 6 mm, 24 cm
osteotome, lambotte, cvd., 8 mm, 24 cm
osteotome, lambotte, cvd., 10 mm, 24 cm
osteotome, lambotte, cvd., 13 mm, 24 cm
osteotome, lambotte, cvd., 15 mm, 24 cm
osteotome, lambotte, cvd., 18 mm, 24 cm
osteotome, lambotte, cvd., 20 mm, 24 cm
osteotome, lambotte, cvd., 25 mm, 24 cm
osteotome, lambotte, cvd., 30 mm, 24 cm
osteotome, lambotte, cvd., 38 mm, 24 cm
osteotome, lambotte, cvd., 44 mm, 24 cm
osteotome, lambotte, cvd., 50 mm, 24 cm
osteotome, smith-pet., 6 mm, 20.5 cm
osteotome, smith-pet., 9 mm, 20.5 cm
osteotome, smith-pet., 13 mm, 20.5 cm
osteotome, smith-pet., 16 mm, 20.5 cm
osteotome, smith-pet., 19 mm, 20.5 cm
osteotome, smith-pet., 25 mm, 20.5 cm
osteotome, smith-p, cvd., 6 mm, 20.5 cm
osteotome, smith-p, cvd., 9 mm, 20.5 cm
osteotome, smith-p, cvd., 13 mm, 20.5 cm
osteotome, smith-p, cvd., 16 mm, 20.5 cm
osteotome, smith-p, cvd., 19 mm, 20.5 cm
osteotome, smith-p, cvd., 25 mm, 20.5 cm
gouge, cobb, str., si., 6 mm, 28 cm
gouge, cobb, slight cvd., si., 6mm, 28cm
gouge, cobb, strong cvd., si., 6mm, 28cm
gouge, cobb, backw.cvd., si., 6mm, 28cm
osteotome, hoke, 3 mm, 17 cm
osteotome, hoke, 5 mm, 17 cm
osteotome, hoke, 6 mm, 17 cm
osteotome, hoke, 8 mm, 17 cm
osteotome, hoke, 9 mm, 17 cm
osteotome, hibbs, 6 mm, 24.5 cm
osteotome, hibbs, 13 mm, 24.5 cm
osteotome, hibbs, 19 mm, 24.5 cm
osteotome, hibbs, 25 mm, 24.5 cm
osteotome, hibbs, 32 mm, 24.5 cm
chisel, hibbs, str., 6 mm, 24.5 cm
chisel, hibbs, str., 13 mm, 24.5cm
chisel, hibbs, str., 19 mm, 24.5cm
chisel, hibbs, str., 25 mm, 24.5cm
chisel, hibbs, str., 32 mm, 24.5cm
osteotome, hibbs, cvd., 6 mm, 24.5 cm
osteotome, hibbs, cvd., 13 mm, 24.5 cm
osteotome, hibbs, cvd., 19 mm, 24.5 cm
osteotome, hibbs, cvd., 25 mm, 24.5 cm
osteotome, hibbs, cvd., 32 mm, 24.5 cm
gouge, hibbs, str., 6 mm, 24.5 cm
gouge, hibbs, str., 13 mm, 24.5 cm
gouge, hibbs, str., 19 mm, 24.5 cm
gouge, hibbs, str., 25 mm, 24.5 cm
gouge, hibbs, str., 32 mm, 24.5 cm
gouge, hibbs, cvd., 6 mm, 24.5 cm
gouge, hibbs, cvd., 13 mm, 24.5 cm
gouge, hibbs, cvd., 19 mm, 24.5 cm
gouge, hibbs, cvd., 25 mm, 24.5 cm
gouge, hibbs, cvd., 32 mm, 24.5 cm
bone rasp, putti, round, 30 cm
bone biopsy-instrument, champy-o.s.u.
bone biopsy-instrument, champy, 8 mm
bone biopsy-instrument, champy, 5 mm
spongiosa-graft remover, 16 mm, 22.5 cm
spongiosa-graft remover, 21 mm/ 22.5 cm
tamper, caspar, si., ø 3 mm, 22 cm
tamper, caspar, si., ø 5 mm, 22 cm
tamper, caspar, si., ø 8 mm, 22 cm
tamper, metal, ø 2 mm, 15.5 cm
tamper, metal, ø 3 mm, 15.5 cm
tamper, metal, ø 4 mm, 15.5 cm
tamper, metal, ø 5 mm, 15.5 cm
tamper, metal, ø 6 mm, 15.5 cm
tamper, metal, ø 8 mm, 15.5 cm
tamper, metal, ø 10 mm, 15.5 cm
tamper, caspar, si., ø 12 mm, 20 cm
tamper, caspar, si., ø 14 mm, 20 cm
tamper, caspar, si., ø 16 mm, 20 cm
mallet, williger, 275 gr., 24 cm
mallet, williger, 320 gr., 24 cm
mallet, williger, 340 gr., 24 cm
mallet, doyen, 120 gr., 20.5 cm
mallet, doyen, 170 gr., 21 cm
mallet, doyen, 260 gr., 21.5 cm
mallet, collin, 220 gr., ø 30 mm, 20 cm
mallet, lucae, 230 gr., ø 19 mm, 19.5 cm
mallet, lucae, 260 gr., ø 25 mm, 19.5 cm
mallet, cottle, 300 gr., 19 cm
mallet, williger, 140 gr., 16.5 cm
mallet, 650 g., si., 25 cm
mallet, mead, plastic inserts, 330 gr.
mallet, partsch, 175 gr., 19 cm
mallet, recoilless, 700 g, si., 25 cm
mallet, 890 g, si., 26 cm
mallet, surgical, 710 g, sil, 25 cm
mallet, plastic/steel, 640 g, 25 cm
mallet, plastic insert, 510gr, sil, 25cm
mallet, sur., 770 g., si., 25 cm
mallet, sur., 1010 g., si., 26 cm
bone curette, volkm., no.1, si., 17cm
bone curette, volkm., no.2, si., 17cm
bone curette, volkm., no.3, si., 17cm
bone curette, volkm., no.4, si., 17cm
bone curette, volkm., no.5, si., 17cm
bone curette, volkm., no.6, si., 17cm
bone curette, volkm., no.0, si., 17cm
bone curette, volkm., no.00, si., 17cm
bone curette, volkm., no.000, si., 17cm
bone curette, volkm., no.0000, si., 17cm
bone curette, volkmann, no.1, si., 27cm
bone curette, volkmann, no.2, si., 27cm
bone curette, volkmann, no.3, si., 27cm
bone curette, volkmann, no.4, si., 27cm
bone curette, volkmann, no.0, si., 27cm
bone curette, schede, oval, no. 0, 17 cm
bone cur., schede, oval, no. 00, 17 cm
bone cur., schede, oval, no. 000, 17 cm
bone curette, schede, oval, no. 1, 17 cm
bone curette, schede, oval, no. 2, 17 cm
bone curette, schede, oval, no. 3, 17 cm
bone curette, schede, oval, no. 4, 17 cm
bone curette, volkm., oval, no. 0, 17 cm
bone cur., volkm., oval no. 00, 17 cm
bone cur., volkm., oval, no. 000, 17 cm
loeffel, volkmann, oval, no. 0000, 17 cm
bone curette, volkm., oval, no. 1, 17 cm
bone curette, volkm., oval, no. 2, 17 cm
bone curette, volkm., oval, no. 3, 17 cm
bone curette, volkm., oval, no. 4, 17 cm
bone curette, volkm., oval, no. 5, 17 cm
bone curette, volkm., oval, no. 6, 17 cm
bone curette, daubenspeck, no. 0
bone curette, daubenspeck, no. 00
bone curette, daubenspeck, no. 000
bone curette, daubenspeck, no. 0000
bone curette, bruns, round, no. 0, 17 cm
bone cur., bruns, round, no. 00, 17 cm
bone cur., bruns, round, no. 000, 17 cm
bone cur., bruns, round, no. 0000, 17 cm
bone curette, bruns, round, no. 1, 17 cm
bone curette, bruns, round, no. 2, 17 cm
bone curette, bruns, round, no. 3, 17 cm
bone curette, bruns, round, no. 4, 17 cm
bone curette, bruns, round, no. 5, 17 cm
bone curette, bruns, round, no. 6, 17 cm
bone curette, spratt, oval, no. 0, 17 cm
bone cur., spratt, oval, no. 00, 17 cm
bone cur., spratt, oval, no. 000, 17 cm
bone cur., spratt, oval, no. 0000, 17 cm
bone curette, spratt, oval, no. 1, 17 cm
bone curette, spratt, oval, no. 2, 17 cm
bone curette, spratt, oval, no. 3, 17 cm
bone curette, spratt, oval, no. 4, 17 cm
bone curette, spratt, oval, no. 5, 17 cm
bone curette, bruns, oval, no. 0, 23 cm
bone curette, bruns, oval, no. 00, 23 cm
bone cur., bruns, oval, no. 000, 23 cm
bone curette, bruns, oval, no. 1, 23 cm
bone curette, bruns, oval, no. 2, 23 cm
bone curette, bruns, oval, no. 3, 23 cm
bone curette, bruns, oval, no. 4, 23 cm
bone curette, bruns, oval, no. 5, 23 cm
bone curette, bruns, oval, no. 6, 23 cm
bone curette, scoville, str., 25 cm
bone curette, scoville, ang. down, 25 cm
bone curette, scoville, ang. up, 25 cm
bone curette, simon, ov., no. 1, 22.5 cm
bone curette, simon, ov., no. 2, 22.5 cm
bone curette, simon, ov., no. 3, 22.5 cm
bone curette, simon, ov., no. 4, 22.5 cm
bone curette, simon, ov., no. 5, 22.5 cm
bone curette, simon, ov., no. 6, 22.5 cm
bone curette, ang. down, no. 1, 25 cm
bone curette, ang. down, no. 0, 25 cm
bone curette, ang. down, no. 00, 25 cm
bone curette, ang. down, no. 000, 25 cm
bone curette, us-type, no. 1, 16.5 cm
bone curette, us-type, no. 2, 16.5 cm
bone curette, us-type, no. 3, 16.5 cm
bone curette, us-type, no. 4, 16.5 cm
bone curette, us-type, no. 5, 16.5 cm
bone curette, us-type, no. 6, 16.5 cm
bone curette, halle, mall., no. 1, 21 cm
bone curette, halle, mall., no. 2, 21 cm
bone curette, halle, mall., no. 3, 21 cm
bone curette, double, jacobson, 14 cm
bone curette, volkmann, ov./ov., 12.5 cm
bone curette, volkmann, ov./ov., 14.5 cm
bone curette, volkmann, ov./ov., 17 cm
bone curette, volkmann, oval/rd., 13 cm
bone curette, volkmann, oval/rd., 16 cm
bone curette, volkmann, oval/rd., 20 cm
bone curette, oval/round, 21 cm
bone curette, williger, 00/0, 14 cm
bone curette, williger, no. 0/1, 14 cm
bone curette, williger, no. 1/2, 14 cm
bone curette, oval, no. 00/00, 16,5 cm
bone curette, oval, no. 0/0, 16,5 cm
bone curette, oval, no. 1/1, 16,5 cm
hemmingway bone curette, fig. 0/0
handle for periotome tips
working tip for handle no. 23-360-01
working tip for handle no. 23-360-01
working tip for handle no. 23-360-01
working tip for handle no. 23-360-01
working tip for handle no. 23-360-01
working tip for handle no. 23-360-01
hemmingway bone curette, fig. 1/1
hemmingway bone curette, fig. 2/2
hemmingway bone curette, fig. 3/3
hemmingway bone curette, fig. 4/4
lucas-martin bone curette,fig 0/0
lucas-martin bone curette, fig. 1/1
lucas-martin bone curette, fig. 2/2
lucas-martin bone curette, fig. 3/3
miller-colburn bone curette, fig. 0
miller-colburn bone curette, fig. 1
miller-colburn bone curette, fig. 2
miller-colburn bone curette, fig. 3
miller-colburn bone curette, fig. 4
curette, dia. 1,5 mm, grey
curette, dia. 2,5 mm, grey
bone curettes, double-ended, grey
bone curette, molt, double, 19 cm
raspatory, martin-langenbeck, 16 mm
raspatory, martin-langenbeck, 16 mm
raspatory, martin-langen., ang., 12 mm
raspatory, martin-langen., ang., 12 mm
raspatory, martin-hoen, 7 mm, 16 cm
raspatory, martin-hoen, 15 mm, 18.5 cm
raspatory, martin-hoen, 20 mm, 19 cm
freer septum elevator, handle
raspatory, martin-cush., 4 mm, 17.5 cm
raspatory, martin-cush., 6 mm, 17.5 cm
raspatory, martin-cush., 5 mm, 19.5 cm
raspatory, martin-cush., 7 mm, 19.5 cm
raspatory, martin-cushing, 8 mm, 17 cm
raspatory, langenbeck, ang., 18 cm
periosteal elevator dr.iglhaut, 18 cm
raspatory, langenbeck, cvd., 19 cm
raspatory, landolt, 4.5 mm
raspatory, könig, 15.5 cm
micro elevator papilla acc. to akiyama
micro elev. envelope acc. to akiyama f.1
papilla elevator acc. to akiyama new
periost.elevator, micro, 5d
raspatory, cottle, cvd., 19.5 cm
raspatory, sedillot, 18 mm, 19 cm
raspatory, farab.-collin, str., 11 mm
raspatory, farab.-collin, cvd., 11 mm
raspatory, farabeuf, str., 15.5 cm
raspatory, farabeuf, cvd., 15.5 cm
raspatory, key, 6.5 mm
raspatory, key, 9.5 mm, 19 cm
raspatory, key, 12.5 mm
raspatory, key, 19 mm, 20 cm
raspatory, key, 25.5 mm, 21,5 cm
raspatory, key, 3 mm, 18 cm
raspatory, key, 16 mm, 20 cm
raspatory, cobbs, 6 mm, 29 cm
raspatory, cobbs, 10 mm, 29 cm
raspatory, cobbs, 13 mm, 29 cm
raspatory, cobbs, 19 mm, 29 cm
raspatory, cobbs, 25 mm, 29 cm
raspatory, cobbs, 6 mm, 23 cm
raspatory, cobbs, 10 mm, 23 cm
raspatory, cobbs, 13 mm, 23 cm
raspatory, cobbs, 19 mm, 23 cm
raspatory, cobbs, 25 mm, 23 cm
raspatory, str., str., si., 20 cm
raspatory, str., round, si., 20 cm
raspatory, cvd., round, si., 20 cm
raspatory, cvd., round, si., 20 cm
raspatory, cvd., str., si., 20 cm
raspatory, cvd., str., si., 20 cm
raspatory, cvd., str., si., 20 cm
raspatory, str., round, 5 mm, 12.5 cm
prichard-periosteal elevator, 17 cm
emons-micro-retractor, 17,5 cm
raspatory, kahre-williger, cvd., 4 mm
raspatory, kahre-williger, cvd., 5 mm
raspatory, williger, cvd., 7 mm, 16 cm
raspatory, williger, cvd., 5 mm, 16 cm
periosteal elevator 3 mm, retractor 30°
periosteal elevator 4 mm, retractor 20°
raspatory, str., si., 20 mm, 19 cm
raspatory, cvd., 8 mm, 17 cm
rib raspatory, doyen, r., adult, 17 cm
rib raspatory, doyen, l., adult, 17 cm
rib raspatory, doyen, l., child, 18 cm
west-elevator, 18 cm
rib raspatory, doyen, r., child, 18 cm
mini-dissector - tissue pusher, titanium
mini-dissector - tissue pusher, 18/8
periosteal elev./mirror handle, 16,5 cm
raspatory, alexander, double, 21 cm
periost.elev. woodson, 17,5 cm
ohl-elevator, 17,5 cm
raspatory, semb, no. 1, 12 mm, 17,5 cm
raspatory, semb, no. 2, 12 mm, 20,5 cm
raspatory, semb, no. 3, 13 mm, 18 cm
raspatory, semb, no. 4, 13 mm, 21,5 cm
raspatory, semb,no. 5, 15 mm, 20,5 cm
molt-periosteal elevator, fig.9
molt-periosteal elevator, fig.851, 18cm
molt-periosteal elevator, fig.854, 18cm
alijberg-periosteal elevator, 19cm
raspatory, lambotte, 5 mm, 21.5 cm
raspatory, lambotte, 10 mm, 21.5 cm
raspatory, lambotte, 15 mm, 21.5 cm
raspatory, lambotte, 20 mm, 21.5 cm
raspatory, lambotte, 25 mm, 21.5 cm
bone file, bayonet shape, 13 mm, 25 cm
bone file, flat, 20 mm, 22 cm
elevator, adson, str., 17 cm
elevator, adson, cvd., round, 17.5 cm
elevator, adson, str., round, 17.5 cm
elevator, adson, cvd., round, 17 cm
bone file, miller-colburn, no. 1, 18 cm
bone file, miller-colburn, no. 2, 18 cm
bone file, miller-colburn, no. 3, 18 cm
bone file, miller-colburn, no. 4, 18 cm
bone file, miller-colburn, no. 5, 18 cm
bone file, cross serration, no. 1, 18 cm
bone file, cross serration, no. 2, 18 cm
bone file, cross serration, no. 3, 18 cm
bone file, cross serration, no. 4, 18 cm
tc-bone file, miller, coarse, 19 cm
tc-bone file, miller, fine, 18 cm
elevator, langenbeck, 8 mm, 19.5 cm
elevator, langenbeck, 10 mm, 19.5 cm
elevator, martin-langenb., 5 mm, 17 cm
elevator, martin-langenb., 7 mm, 17 cm
elevator, martin-langenb., 8 mm, 19.5 cm
elevator, martin-langen., 10 mm, 19.5 cm
mini-periost./membr. plac. inst., 18 cm
elevator, williger, 7 mm, 17 cm
elevator, williger, 4 mm, 16 cm
seldin raspatory      fig 23
elevator, sebileau, 5 mm, 17.5 cm
elevator, quervain, 6 mm, 19.5 cm
phalangeal lever, 16 cm
dissector, alderdyce, double, 21 cm
double dissector, watson-cheyne, 17.5 cm
dissector, mcdonald, double, 18.5 cm
bone lever, strong cvd., 6 mm, 15 cm
bone lever, mini-hohmann, 6 mm, 16 cm
bone lever, mini-hohmann, 8 mm, 16 cm
bone lever, 15 mm, 16 cm
bone lever, 15 mm, 12 cm
bone lever, hohmann, 8 mm, 21.5 cm
bone lever, hohmann, 18 mm, 23.5 cm
bone lever, hohmann, 43 mm, 23.5 cm
bone lever, hohmann, 70 mm, 25 cm
bone lever, hohmann, 43 mm, 23.5 cm
bone lever, hohmann, 22 mm, 25.5 cm
bone lever, hohmann, 35 mm, 29 cm
bone lever, long tip, 24 mm, 27,5 cm
bone lever, lange-hohmann, 22 mm, 25 cm
bone lever, benett, 43 mm, 24 cm
bone lever, benett, 60 mm, 23.5 cm
bone lever, blount, blunt, 26.5 cm
bone lever, blount, 2-pr., 26.5 cm
knee retractor, blount, 17.5 cm
spine retractor, taylor, 95x30 mm, 16 cm
spine retract., taylor, 115x30 mm, 16 cm
tendon stripper, flexible, 4 mm, 23 cm
tendon stripper, flexible, 4.5 mm, 23 cm
tendon stripper, flexible, 5.5 mm, 23 cm
tendon stripper, 28.5 cm
tendon seizing forceps, steinmann, 16 cm
tendon pulling forceps, brand, 15 cm
tendon pulling forceps, brand, 19 cm
tendon pulling forceps, brand, 24.5 cm
tendon pulling forceps, str., 21 cm
tendon pulling forceps, cvd., 20.5 cm
tendon seizing forceps, cvd., 11.5 cm
tendon seizing forceps, 11.5 cm
tendon seiz. fcps., kleinert-kutz, 21 cm
tendon weaving forceps, str., 15 cm
tendon weaving forceps, cvd., 15 cm
bone holding forceps, cvd., 14.5 cm
cartil. forceps, birch.-ga., str., 21 cm
cart. forceps, birch.-ga., cvd., 20.5 cm
cartil. forceps, birch.-ga., ang., 20 cm
cartilage forceps, dingmann, 18.5 cm
cartilage forceps, martin, str., 18.5 cm
reposition forceps, small, 13.5 cm
bone holding forceps, lewin, 18 cm
phalangeal forceps, gracile, 14 cm
reposition forceps, small, 9 cm
reposition forceps, long ratchet, 15 cm
sl-band repo.forceps,long ratchet,13cm
bone holding forceps, langenbeck, 21 cm
bone holding forceps, fergusson, 21 cm
bone holding forceps, frosch, 18 cm
bone holding forceps, slim, 20 cm
repos. forceps, w. thread lock, 16 cm
reposit. forceps, w. thread lock, 24 cm
bone holding forceps, kern, 17 cm
bone holding forceps, kern, 24.5 cm
bone hold. forceps, semb, cvd., 19 cm
bone holding forceps, farabeuf, 26 cm
bone holding forceps, farabeuf, 26 cm
bone hold. forceps, ulrich, str., 23 cm
bone hold. forceps, ulrich, str., 25 cm
bone hold. forceps, ulrich, str., 28 cm
bone hold. forceps, ulrich, cvd., 23 cm
bone hold. forceps, ulrich, cvd., 25 cm
bone hold. forceps, ulrich, cvd., 27 cm
bone hld. forceps, w. thread lock, 15 cm
bone hld. forceps, w. thread lock, 20 cm
bone hld. forceps, w. thread lock, 24 cm
bone hld. forceps, w. thread lock, 26 cm
bone hld. forceps, w. thread lock, 28 cm
bone hold. fcps., lane, w/o lock, 33 cm
bone hold. forceps, lane, w. lock, 33 cm
bone holding forceps, verbrugge, 25 cm
bone holding forceps, verbrugge, 26 cm
bone holding forceps, verbrugge, 27.5 cm
bone holding forceps, verbrugge, 17.5 cm
retractor, percy, f. amputation
bone rongeur, stellbrink, cvd.
bone rongeur, stellbrink, strong cvd.
bone rongeur, friedman, 12,5 cm
bone rongeur, friedman, 13.5 cm
bone rongeur, friedm., fine, 13.5 cm
bone rongeur, cleveland, 13.5 cm
bone rongeur, cleveland, 16.5 cm
bone rongeur, mead, 16.5 cm
bone rongeur, mead, flat end, 16.5 cm
bone rongeur, hartmann, 17.5 cm
bone rongeur, jansen, str., 18 cm
bone rongeur, jansen, s-shape, 18.5 cm
bone rongeur, jansen, cvd., 18 cm
bone rongeur, lempert, str., 19 cm
bone rongeur, lempert, cvd., 19 cm
bone rongeur, slight cvd., 16 cm
bone rongeur, s-shape, 30°, 15.5 cm
rongeur, micro-friedman, str., 15.5 cm
rongeur, micro-friedman, cvd. 30°,15.5cm
rongeur, micro-friedman, ang.90°,14.5cm
bone rongeur, strong cvd., 15.5 cm
bone rongeur, luer, str., 18.5 cm
bone rongeur, luer, cvd., 18 cm
bone rongeur, luer, cvd., 14.5 cm
bone rongeur, luer,st. cvd., 14.5 cm
bone rongeur, luer, cvd., 14,5 cm
bone rongeur, boehler, str., 15 cm
bone rongeur, boehler, cvd., 15 cm
bone rongeur, beyer, cvd., 18 cm
bone rongeur, zaufal-jansen, 18 cm
bone rongeur, mayfield, 18 cm
bone rongeur, marquard, 20.5 cm
bone rongeur, ruskin, cvd., 19 cm
bone rongeur, ruskin, cvd., 24 cm
bone rongeur, semb, cvd., 23.5 cm
bone rongeur, stille, cvd., 22.5 cm
bone rongeur, echlin, 2 mm, 23 cm
bone rongeur, echlin, 3 mm, 23 cm
bone rongeur, echlin, 4 mm, 23 cm
bone rongeur, stille-ruskin, 23.5 cm
bone rongeur, wide, 24.5 cm
bone rongeur, slim, 24.5 cm
bone rongeur, frykholm, cvd., 23 cm
bone rongeur, str., 22.5 cm
bone rongeur, cvd., 22.5 cm
bone cutt. forceps, cottle-kazan., 19 cm
bone cutt. forceps, liston, str., 14 cm
bone cutt. forceps, liston, str., 17 cm
bone cutt. forceps, liston, str., 20 cm
bone cutt. forceps, liston, str., 22 cm
bone cutt. forceps, liston, cvd., 14 cm
bone cutt. forceps, liston, cvd., 17 cm
bone cutt. forceps, liston, cvd., 20 cm
bone cutt. forceps, liston, cvd., 22 cm
bone cutt. forceps, cleveland, 17 cm
bone cutt. forceps, cleveland, 14.5 cm
bone cutt. forceps, boehler, str.,14cm
bone cutt. forceps, boehler, cvd.,14cm
bone cutt. forceps, ruskin, str., 19 cm
bone cut. forceps, ruskin, cvd., 18.5 cm
bone cutt. forceps, stille-liston, 26 cm
bone cutt. forceps, stille-liston, 28 cm
bone cutt forceps, stille-list., 23.5 cm
bone cutt. forceps, stille-liston, 28 cm
bone cutt. forceps, liston-key, 25 cm
fingernail drill, ideal, complete
set of drills, f. 23-967-11
single drill, f. 23-967-10, small
single drill, f. 23-967-10, medium
single drill, f. 23-967-10, large
finger ring saw, martin, 18.5 cm
finger ring saw, walton, 16 cm
spare saw blade, f. 23-970-17
tc spare saw blade, for 23-970-17
spare saw blade complete f. 23-972-16
spare saw blade complete f. 23-972-16
nail extraction forceps, 16 cm
finger ring saw-forceps, 14.5 cm
spare saw blade, f. 23-975-17
tc spare saw blade, f. 23-975-17
nail extraction forceps, radolf, 13.5 cm
curette, cerv., forw.str., 21.5cm, no.1
curette, cerv., forw.str., 21.5cm, no.2
curette, cerv., forw.str., 21.5cm, no.3
curette, cerv., forw.str., 21.5cm, no.4
curette, cerv., forw.cvd., 21.5cm, no.1
curette, cerv., forw.cvd., 21.5cm, no.2
curette, cerv., forw.cvd., 21.5cm, no.3
curette, cerv., forw.cvd., 21.5cm, no.4
curette, cerv., backw.str., 21.5cm, no.1
curette, cerv., backw.str., 21.5cm, no.2
curette, cerv., backw.str., 21.5cm, no.3
curette, cerv., backw.str., 21.5cm, no.4
curette, cerv., backw.cvd., 21.5cm, no.1
curette, cerv., backw.cvd., 21.5cm, no.2
curette, cerv., backw.cvd., 21.5cm, no.3
curette, cerv., backw.cvd., 21.5cm, no.4
curette, cerv., forw.str., 24cm, no.1
curette, cerv., forw.str., 24cm, no.2
curette, cerv., forw.str., 24cm, no.3
curette, cerv., forw.str., 24cm, no.4
curette, cerv., forw.cvd., 24cm, no.1
curette, cerv., forw.cvd., 24cm, no.2
curette, cerv., forw.cvd., 24cm, no.3
curette, cerv., forw.cvd., 24cm, no.4
curette, cerv., backw.str., 24cm, no.1
curette, cerv., backw.str., 24cm, no.2
curette, cerv., backw.str., 24cm, no.3
curette, cerv., backw.str., 24cm, no.4
curette, cerv., backw.cvd., 24cm, no.1
curette, cerv., backw.cvd., 24cm, no.2
curette, cerv., backw.cvd., 24cm, no.3
curette, cerv., backw.cvd., 24cm, no.4
curette, lumb., forw.str., 24cm, no.0
curette, lumb., forw.str., 24cm, no.1
curette, lumb., forw.str., 24cm, no.2
curette, lumb., forw.cvd., 24cm, no.0
curette, lumb., forw.cvd., 24cm, no.1
curette, lumb., forw.cvd., 24cm, no.2
curette, lumb., forw.downw., 24cm, no.0
curette, lumb., forw.downw., 24cm, no.1
curette, lumb., forw.downw., 24cm, no.2
curette, lumb., backw.str., 24cm, no.0
curette, lumb., backw.str., 24cm, no.1
curette, lumb., backw.str., 24cm, no.2
curette, lumb., backw.cvd., 24cm, no.0
curette, lumb., backw.cvd., 24cm, no.1
curette, lumb., backw.cvd., 24cm, no.2
curette, lumb., backw.downw., 24cm, no.0
curette, lumb., backw.downw., 24cm, no.1
curette, lumb., backw.downw., 24cm, no.2
rib shears, cvd., 23 cm
rib shears, gluck, cvd., 21 cm
rib shears, bethune, 34.5 cm
rib shears, sauerbruch, 26 cm
rib shears, giertz-stille, 24.5 cm
rib shears, brunner, right hand, 32 cm
rib shears, brunner, left hand, 32 cm
sternal chisel, lebsche, 24.5 cm
aortic punch, ø 3.0 mm, 15 cm
aortic punch, ø 3.5 mm, 15 cm
aortic punch, ø 4.0 mm, 15 cm
aortic punch, ø 4.5 mm, 15 cm
aortic punch, ø 5.0 mm, 15 cm
aortic punch, ø 6.0 mm, 15 cm
drainage forceps, without lock, 24 cm
drainage forceps, without lock, 34 cm
drainage forceps, w. lock, 24 cm
drainage forceps, w. lock, 34 cm
sternal spreader, f. premature babies
ti-lateral blades, 9x20 mm, t. 24-159-01
ti-lateral blades, 9x10 mm, t. 24-159-01
al-rib spreader, cooley, 95 mm
al-rib spreader, cooley, 95 mm
al-rib spreader, cooley, 150 mm
ribspreader, cooley, 195 mm
al-rib spreader, finoch.-infant, 75 mm
al-rib spreader, finoch.-haight, 100 mm
al-rib spreader, finochietto, 135 mm
al-rib spreader, finochietto, 175 mm
al-rib spreader, finochietto, 175 mm
al-rib spreader, burford, 165 mm
al-rib spreader, burford, 260 mm
al-rib spreader, burford, 280 mm
al-rib spreader, castaneda, 65 mm
al-rib spreader, castaneda, 70 mm
al-rib spreader, castaneda, 105 mm
al-rib spreader, finochietto, 100 mm
rib spreader, haight, 30x30x120 mm
sternal spreader, morse, 230 mm
retr., faval.-morse, 42x29 mm, 212 mm
rib spreader, tuffier, 45x45x170 mm
rib spreader, finoch.-baby, 15x20x75 mm
rib spreader, finochietto, 40x45x150 mm
rib spreader, finochietto, 45x65x165 mm
rib spreader, finochietto, 80x65x190 mm
rib spreader, de bakey, small, complete
frame f. rib spreader, de bakey, small
lateral blades, de bakey, 30x30 mm, pair
lateral blades, de bakey, 40x40 mm, pair
lateral blades, de bakey, 50x50 mm, pair
rib spreader, de bakey, large, complete
frame f. rib spreader, de bakey, large
lateral blades, de bakey, 60x60 mm, pair
lateral blades, de bakey, 50x80 mm, pair
lateral blades, de bakey, 40x100 mm pair
lateral blades, de bakey, 80x60 mm, pair
lateral blades, de bakey, 50x65 mm, pair
retractor, debakey, sm., 150x145 mm, com
frame, debakey, small, 150x145 mm
lateral blades f. 24-181-01-07, 30x30 mm
lateral blades f. 24-181-01-07, 40x40 mm
lateral blades f. 24-181-01-07, 50x50 mm
retractor, debakey, lg., 240x190 mm, com
frame, debakey, large, 240x190 mm
lateral blades f. 24-182-01-07, 60x60 mm
lateral blades f. 24-182-01-07, 50x80 mm
lateral blades f. 24-182-01-07, 40x100mm
lateral blades f. 24-182-01-07, 80x60 mm
lateral blades f. 24-182-01-07, 50x65 mm
sternal retractor, dubost, 3 pairs of bl
sternal retractor, dubost, blades and im
frame, dubost
lateral blades f. 24-183-02-07, 30x100mm
lateral blades f. 24-183-02-07, 40x100mm
lateral blades f. 24-183-02-07, 50x100mm
ima blade f. 24-183-02-07
ima adaptor f. 24-183-02-07
ima sternal retractor, 134x195 mm
frame multi-retractor, 230 mm
double fixation blade f. 24-184-10-07
t-double fixation blade f. 24-184-10-07
t-element f. 24-184-12-07
mini-thoracotomy retractor, 2 p. valves
mini-thoracotomy frame
mini-thoracotomy retractor, 2 p. valves
mini-thoracotomy frame
2 valves for 24-185-01-07, 40x36 mm
2 valves for 24-185-01-07, 55x36 mm
mini-thor. retractor, 45x36 mm, w. bar
mini-thor. retractor, 60x36 mm, w. bar
mini-thor. retractor, 80x36 mm, w. bar
mini-thoracotomy retractor, 45x36 mm
mini-thoracotomy retractor, 60x36 mm
mini-thoracotomy retractor, 80x36 mm
bar f. mini-thoracotomy retractor
handle f. mini-thoracotomy retractor
wire valve, cooley, small, 35x25 mm
fixation element universal, for ø 6 mm
wire valve, cooley, medium, 40x36 mm
wire valve, cooley, large, 50x36 mm
malleable blade, 76x25 mm
ima stern. retr., french model, compl.
frame, french model
blade f. 24-188-01-07
blade f: 24-188-01-07, 50x22 mm
blade f: 24-188-01-07, 40x22 mm
frame f. sternal spreader 24-189-00-07
sternal blade f. 24-189-00-07, 100x30 mm
sternal blade f. 24-189-00-07, 100x40 mm
sternal blade f. 24-189-00-07, 28x30 mm
sternal blade f. 24-189-00-07, 28x40 mm
holding clamp f. 24-189-00-07
atrial retr., cooley, nitionol, 60x20 mm
hook, atrium, cooley, 60x20 mm
atrial retr., cooley, nitionol, 60x35 mm
hook, atrium, cooley, 60x35 mm
atrial retr., cooley, nitionol, 60x45 mm
hook, atrium, cooley, 60x45 mm
valve hook, nitionol, 18x65 mm
hook, flap, 18x65 mm
valve hook, nitionol, 18x95 mm
hook, flap, 18x95 mm
valve hook, nitionol, 22x95 mm
hook, flap, 22x95 mm
valve hook, nitionol, 25x75 mm
hook, flap, 25x75 mm
pull rod f. atrial retrac.marcore, 23 cm
blade f. atrial retrac. mitral, 30x35 mm
blade f. atrial retrac. mitral, 40x35 mm
blade f. atrial retrac. mitral, 50x35 mm
blade f. atrial retrac. mitral, 50x45 mm
blade f. atrial retrac. mitral, 60x45 mm
blade f. atrial retrac. mitral, 70x45 mm
appl. fcps. f. atrial retractor, 30 cm
blade f. atr. retrac. tricuspid, 25x20mm
blade f. atr. retrac. tricuspid, 25x25mm
blade f. atr. retrac. tricuspid, 25x40mm
blade f. atr. retrac. tricuspid, 25x50mm
blade f. atr. retrac. tricuspid, 40x35mm
blade f. atr. retrac. tricuspid, 50x25mm
rib contractor, bailey, 15.5 cm
rib contractor, bailey, 20 cm
rib contractor, bailey-gibbon, 20 cm
coronary spreader, 1x1, 25 mm
coronary spreader, 3x3, 35 mm
coronary spreader, 3x3, 40 mm
coronary spreader, 3x3, 50 mm
lung spatula, allison, 29.5 cm
lung spatula, allison, 33 cm
lung spatula, extra wide, 29.5 cm
bronchus forceps, price-thomas, 22 cm
bronchus forceps, price-thomas, no. 1
bronchus forceps, price-thomas, no. 2
bronchus forceps, semb, sl. cvd., 25 cm
bronchus fcps., semb, str. cvd., 24.5 cm
ti-shunt-bulld. clamp, 10°, 10 ch, 75 mm
ti-shunt-bulld. clamp, 25°, 10 ch, 75 mm
ti-shunt-bulld. clamp, 45°, 10 ch, 70 mm
ti-shunt-bulld. clamp, 60°, 10 ch, 65 mm
ti-shunt-bulld. clamp, 10°, 12 ch, 75 mm
ti-shunt-bulld. clamp, 25°, 12 ch, 75 mm
ti-shunt-bulld. clamp, 45°, 12 ch, 70 mm
ti-shunt-bulld. clamp, 60°, 12 ch, 65 mm
ti-shunt-bulld. clamp, 10°, 14 ch, 75 mm
ti-shunt-bulld. clamp, 25°, 14 ch, 75 mm
ti-shunt-bulld. clamp, 45°, 14 ch, 70 mm
ti-shunt-bulld. clamp, 60°, 14 ch, 65 mm
lung gr. forceps, lovelace, str., 20.5cm
lung gr. forceps, lovelace, cvd., 19 cm
ti-bulldog clamp, debakey, str., 8 cm
ti-bulldog clamp, debakey, str., 9 cm
ti-bulldog clamp, debakey, str., 11 cm
ti-bulldog clamp, debakey, str., 13 cm
ti-bulldog clamp, debakey, cvd., 8 cm
ti-bulldog clamp, debakey, cvd., 9 cm
ti-bulldog clamp, debakey, cvd., 10 cm
ti-bulldog clamp, debakey, cvd., 11,5 cm
bulldog clamp, de bakey-satinsky, 7 cm
bulldog clamp, de bakey-satinsky, 9 cm
bulldog clamp, de bakey-satinsky, 10 cm
bulldog clamp, glover, angled, 6.5 cm
bulldog clamp, santulli, angled, 7 cm
bulldog clamp, gregory-soft, 9 cm
bulldog clamp, gregory-soft, 11 cm
bulldog clamp, gregory, left, 11 cm
bulldog clamp, gregory, right, 11 cm
atr. forceps, rankin, str., 16 cm
atr. forceps, rankin, cvd., 16 cm
atr. forceps, mosquito, str., 15 cm
atr. forceps, mosquito, cvd., 15 cm
atr. forceps, ochsner, cvd., 22 cm
atr. forceps, diethrich, cvd., 21 cm
atr. vasc. forceps, dardik, str., 16 cm
atr. vasc. forceps, dardik, 15°, 15.5 cm
atr. vasc. forceps, dardik, 30°, 15.5 cm
atr. vasc. forceps, dardik, 45°, 15 cm
atr. vasc. forceps, dardik, 90°, 13.5 cm
atr. vasc. forceps, dardik, str., 17 cm
atr. vasc. forceps, dardik, 15°, 16.5 cm
atr. vasc. forceps, dardik, 30°, 16 cm
atr. vasc. forceps, dardik, 45°, 16 cm
atr. vasc. forceps, dardik, 90°, 14 cm
atr. forceps, dale, cvd., 18 cm
atr. forceps, dale, small, 17.5 cm
atr. forceps, dale, medium, 18 cm
atr. forceps, dale, large, 18.5 cm
atr. profunda clamp, gregory, 13.5 cm
atr. profunda clamp, gregory, 16 cm
atr. profunda clamp, gregory, 18 cm
carotis clamp, javid, short, 17.5 cm
carotis clamp, javid, long, 18.5 cm
atr. forceps, martin-peripheral, 16 cm
atr. forceps, martin-peripheral, 17 cm
atr. forceps, martin-peripheral, 18 cm
atr. forceps, martin-peripheral, 19.5 cm
atr. aorta forceps, wylie, 24 cm
atr. aorta forceps, wylie, 27 cm
atr. aorta forceps, de bakey, 30 cm
atr. forceps, husfeldt-peripher, 16.5 cm
atr. forceps, husfeldt-peripher, 18 cm
atr. forceps, husfeldt-peripher, 17 cm
vascular caliper, martin, 18 cm
atr.-subclavian forceps, henly, 20 cm
catheter forceps, cooley, 20 ch, 17 cm
catheter forceps, cooley, 24 ch, 17 cm
catheter forceps, cooley, 28 ch, 20 cm
catheter forceps, cooley, 30 ch, 20 cm
catheter forceps, cooley, 32 ch, 20 cm
catheter forceps, cooley, 36 ch, 20 cm
catheter forceps, cooley, 38 ch, 20 cm
catheter forceps, cooley, 40 ch, 20 cm
atr. aortic forceps, cooley, 19 cm
atr. aortic forceps, cooley, 26 cm
atr. aortic forceps, cooley, 26.5 cm
atr. aortic forceps, cooley, 31.5 cm
atr. aortic forceps, cooley, 33.5 cm
atr. forceps, de bakey, 2.7 mm, 16 cm
atr. forceps, de bakey, 2.7 mm, 20 cm
atr. forceps, de bakey, 2.7 mm, 25 cm
atr. forceps, de bakey, 2.7 mm, 30 cm
atr. forceps, de bakey, 1.5 mm, 16 cm
atr. forceps, de bakey, 1.5 mm, 20 cm
atr. forceps, de bakey, 1.5 mm, 25 cm
atr. forceps, de bakey, 2 mm, 16 cm
atr. forceps, de bakey, 2 mm, 20 cm
atr. forceps, de bakey, 2 mm, 25 cm
atr. forceps, de bakey, 2 mm, 30 cm
atr. fcps., de bakey, ang., 2 mm, 16 cm
atr. fcps., de bakey, ang., 2 mm, 20 cm
atr. fcps., de bakey, ang., 2 mm, 25 cm
atr. fcps., de bakey, ang., 2 mm, 30 cm
atr. forceps, de bakey, 3.5 mm, 16 cm
atr. forceps, de bakey, 3.5 mm, 20 cm
atr. forceps, de bakey, 3.5 mm, 25 cm
atr. forceps, de bakey, 3.5 mm, 30 cm
bulldog clamp, de bakey, str., 8 cm
bulldog clamp, de bakey, str., 9 cm
bulldog clamp, de bakey, str., 10,5 cm
bulldog clamp, de bakey, str., 12,5 cm
bulldog clamp, de bakey, cvd., 8 cm
bulldog clamp, de bakey, cvd., 8,5 cm
bulldog clamp, de bakey, cvd., 9,5 cm
bulldog clamp, de bakey, cvd., 11,5 cm
bulldog clamp, marcore, right, 9,5 cm
bulldog clamp, marcore, left, 9,5 cm
applying forceps f. bulld. clamps, 24 cm
bulldog clamp, glover, str., 7 cm
bulldog clamp, glover, str., 8 cm
bulldog clamp, glover, str., 9.5 cm
clamp, bulldog, glover, str., 11 cm
bulldog clamp, glover, cvd., 6.5 cm
bulldog clamp, glover, cvd., 7.5 cm
bulldog clamp, glover, cvd., 9 cm
bulldog clamp, glover, cvd., 10.5 cm
atr. forceps, potts, str., 30 mm, 21 cm
atr. fcps., potts, str., 55 mm, 22.5 cm
atr. fcps., potts, ang., 30 mm, 20.5 cm
atr. forceps, potts, ang., 55 mm, 22 cm
atr. fcps., potts, ang., 30 mm, 20.5 cm
atr. forceps, potts, ang., 55 mm, 22 cm
atr. fcps., potts, cvd., 55 mm, 21.5 cm
atr. forceps, potts, cvd., 55 mm, 22 cm
atr. ligature forceps, de bakey, 19 cm
atr. ligature forceps, de bakey, 24 cm
atr. forceps, de bakey, cvd., 16 cm
atr. forceps, de bakey, s-shape, 19 cm
atr. forceps, de bakey, s-shape, 20 cm
atr. forceps, leland-jones, ang., 18 cm
atr. forceps, leland-jones, ang., 19 cm
atr. forceps, leland-jones, ang., 20 cm
atr. forceps, bainbridge, str., 15 cm
atr. forceps, bainbridge, str., 18.5 cm
atr. forceps, bainbridge, cvd., 15 cm
atr. forceps, bainbridge, cvd., 18.5 cm
atr. forceps, de bakey, ang., 20 cm
atr.abd.aortic clamp,kowalski,fig.1,26cm
atr.abd.aortic clamp,kowalski,fig.2,27cm
atr.abd.aortic clamp,kowalski,fig.3,28cm
clamp, aorta, kowalski, atr., #4, 23 cm
clamp, aorta, kowalski, atr., #5, 24 cm
clamp, aorta, kowalski, atr., #6, 25 cm
atr. aneurysm forceps, de bakey, 26 cm
atr. aneurysm forceps, de bakey, 27 cm
atr. aneurysm forceps, de bakey, 31 cm
atr. aneurysm forceps, de bakey, 33 cm
atr. aneurysm forceps, de bakey, 28 cm
aneurysm forceps, de bakey, s-sh., 30 cm
atr. aorta forceps, cooley, 25 cm
atr. aorta forceps, de bakey, 27 cm
ligature fcps., de bakey, s-sh., 24.5 cm
ligature fcps., de bakey, s-sh., 24.5 cm
ligature forceps, de bakey, s-sh, 27 cm
ligature forceps, de bakey, s-sh, 27 cm
atr. aorta forceps, weber, l., 24 cm
atr. aorta forceps, weber, r., 24 cm
atr. aorta forceps, wylie, 23 cm
atr. vena cava forceps, calne, 27 cm
atr. kidney/pancr. forceps, 40 mm, 20 cm
atr. kidney/pancr. forceps, 50 mm, 20 cm
atr. kidney/pancr. forceps, 60 mm, 20 cm
atr. vascular forceps, satinsky, 15.5 cm
atr. tangential forceps, satinsky, 22 cm
atr. tangential forceps, satinsky, 26 cm
atr. tangent. forceps, satinsky, 26.5 cm
atr. tangent. forceps, satinsky, 27.5 cm
atr. tangent. forceps, satinsky, 28.5 cm
atr. bronchus fcps., lees, ang., 23 cm
atr. bronchus fcps., lees, ang., 25.5 cm
atr. bronc. fcps., lees, cvd/ang., 26 cm
atr. anastom. forceps, glover, 18 cm
atr. anastom. forceps, glover, 22 cm
atr. anast. fcps., lambert kay, 22.5 cm
atr. anast. fcps., lambert kay, 20.5 cm
atr. anastom. forceps, de bakey, 16.5 cm
atr. aorta fcps., morris, ang., 18.5 cm
atr. aorta fcps., morris, ang., 20 cm
atr. aorta fcps., morris, ang., 26 cm
atr. aorta fcps., morris, ang., 27.5 cm
atr. aorta fcps., bahnson, cvd., 23.5 cm
atr. aorta fcps., bahnson, cvd., 24.5 cm
atr. aorta fcps., bahnson, cvd., 25.5 cm
atr. aortic forceps, bahnson, 26.5 cm
atr. forceps, potts, str., 21.5 cm
atr. forceps, potts, str., 23.5 cm
atr. forceps, potts, str., 27 cm
atr. forceps, potts, str., 31.5 cm
atr. forceps, potts, cvd., 21 cm
atr. forceps, potts, cvd., 23 cm
atr. forceps, potts, cvd., 26 cm
atr. forceps, potts, cvd., 31 cm
atr. forceps, de bakey, ang., 19 cm
atr. forceps, de bakey, 20 cm
atr. forceps, de bakey, 23 cm
atr. forceps, de bakey, ang., 27.5 cm
forceps, debakey, atr., ang., 18 cm
atr. forceps, de bakey, ang., 21 cm
atr. forceps, de bakey, ang., 22 cm
atr. forceps, de bakey, ang., 26 cm
atr. forceps, de bakey, ang., 31.5 cm
atr. forceps, mosquito, str., 12.5 cm
atr. forceps, pean, str., 14.5 cm
atr. forceps, pean, str., 16.5 cm
atr. forceps, pean, str., 18.5 cm
atr. forceps, pean, str., 20.5 cm
atr. forceps, mosquito, cvd., 12.5 cm
atr. forceps, de bakey, cvd., 14.5 cm
atr. forceps, de bakey, cvd., 16.5 cm
atr. forceps, de bakey, cvd., 18.5 cm
atr. forceps, de bakey, cvd., 20 cm
atr. forceps, de bakey, str., 17.5 cm
atr. forceps, de bakey, ang., 16.5 cm
atr. forceps, de bakey, med. ang., 16 cm
atr. forceps, de bakey, st. ang., 15 cm
atr. forceps, de bakey ang., 16.5 cm
atr. forceps, glover, cvd., 17 cm
atr. forceps, glover, spoon-sh., 17.5 cm
atr. forceps, glover, spoon-sh., 21 cm
atr. forceps, glover, spoon-sh., 26 cm
atr. fcps., de bakey, str. cvd., 16.5 cm
anas. forceps, debakey-reynolds, 16.5 cm
anas. forceps, debakey-reynolds, 17.5 cm
atr. fcps., de bakey, str. cvd., 16.5 cm
anastom. forceps, derra, no. 1, 16.5 cm
anastom. forceps, derra, no. 2, 17 cm
anastom. forceps, derra, no. 3, 17.5 cm
atr. forceps, beck, double cvd., 17 cm
atr. forceps, beck, double cvd., 19 cm
atr. forceps, de bakey, 90° ang., 10 cm
atr. forceps, de bakey, cvd., 13 cm
atr. forceps, de bakey, str., 13 cm
atr. forceps, de bakey, s-shape, 12.5 cm
atr. forceps, de bakey, ang., 12.5 cm
ti-forceps, neonatal, str., 13 cm
ti-forceps, neonatal, 30°, 12.5 cm
ti-forceps, neonatal, 50°, 12 cm
ti-forceps, neonatal, 70°, 12 cm
ti-forceps, neonatal, 90°, 11 cm
ti-forceps, neon., strong. cvd., 15 cm
ti-forceps, neon., strong. cvd., 12 cm
ti-forceps, neon., dbl. ang., 15 cm
ti-forceps, ped., str., 13.5 cm
ti-forceps, ped., 20°, 13.5 cm
ti-forceps, ped., 30°, 13 cm
ti-forceps, ped., 55°, 12.5 cm
ti-forceps, ped., cvd., 13.5 cm
ti-forceps, ped., dbl. ang., 12 cm
ti-forceps, ped., dbl. ang., 12 cm
ti-forceps, ped., strong. cvd., 12.5 cm
ti-forceps, ped., strong. cvd., 13 cm
ti-forceps, ped., ang., left, 14 cm
ti-forceps, ped., ang., right, 14 cm
ti-forceps, cooley, str., 14 cm
ti-forceps, cooley, ang., 14 cm
ti-forceps, cooley, ang., 14 cm
ti-forceps, cooley, spoon-shape, 13.5 cm
ti-forceps, cooley, dbl. cvd., 13.5 cm
ti-forceps, cooley, 90°, 11.5 cm
ti-forceps, pediatric, str., 16.5 cm
ti-forceps, pediatric, ang., 16 cm
ti-forceps, pediatric, ang., 15 cm
ti-forceps, pediatric, dbl. cvd., 15 cm
ti-forceps, pediatric, dbl. cvd., 15 cm
ti-forceps, subramanian, left, 15.5 cm
ti-forceps, subramanian, right, 15.5 cm
ti-forceps, subramanian, 135°, 16.5 cm
ti-forceps, beck, dbl. cvd., 16 cm
ti-forceps, debakey-derra, 16.5 cm
ti-forceps, debakey-derra, 16.5 cm
ti-forceps, debakey-derra, 16.5 cm
ti-forceps, debakey-satinsky, 23.5 cm
ti-forceps, debakey-satinsky, 24 cm
ti-forceps, debakey-satinsky, 24.5 cm
ti-forceps, debakey-satinsky, 25 cm
ti-forceps, debakey-satinsky, 28.5 cm
ti-forceps, lambert-kay, 19.5 cm
ti-aortic-forceps, debakey, 26 cm
ti-aortic-forceps, debakey, 31 cm
ti-aortic-forceps, debakey, 33 cm
atr. forceps, cooley, 2.0 mm, 16 cm
atr. forceps, cooley, 2.0 mm, 20 cm
atr. forceps, cooley, 90°, 11.5 cm
atr. forceps, cooley, str., 14.5 cm
atr. forceps, cooley, angled, 14.5 cm
atr. forceps, cooley, angled, 14.5 cm
atr. forceps, cooley, dbl. cvd., 14 cm
atr. forceps, cooley, spoon sh., 14.5 cm
atr. forceps, cooley, cvd., 14.5 cm
atr. iliaca forceps, cooley, ang., 22 cm
atr. forceps, cooley, str., 17 cm
atr. vasc. forceps, cooley-parry, 18 cm
atr. carotis forceps, cooley, ang., 20cm
atr. vasc. forceps, cooley-parry, 26 cm
atr. forceps, cooley, cvd. sidew., 17 cm
atr. forceps, cooley, dbl. cvd., 16 cm
atr. forceps, cooley, str. ang., 14.5 cm
atr. forceps, cooley, medium ang., 16 cm
atr. forceps, cooley, slight ang.,16,5cm
atr. forceps, cooley, ang., 17 cm
atr. forceps, cooley, cvd., 17 cm
atr. vascular forceps, cooley, 26.5 cm
atr. vascular forceps, cooley, 26.5 cm
atr. vascular forceps, cooley, 27.5 cm
atr. forceps, cooley, spoon-sh., 17.5 cm
atr. forceps, cooley, str. cvd., 16.5 cm
atr. forceps, cooley, str. cvd., 16.5 cm
anastom. forceps, cooley-derra, 16.5 cm
anastom. forceps, cooley-derra, 17 cm
anastom. forceps, cooley-derra, 17.5 cm
anastom. forceps, cooley-derra, 21 cm
atr. forceps, cooley-beck, ang., 17 cm
atr.vasc.fcps., allenberg-cobra, 23.5 cm
atr.vasc.fcps., allenberg-cobra, 26,5 cm
dilator, tubbs, spreading 8-42 mm
vasc. dilator, de bakey, ø 0.5 mm, 19 cm
vasc. dilator, de bakey, ø 1.0 mm, 19 cm
vasc. dilator, de bakey, ø 1.5 mm, 19 cm
vasc. dilator, de bakey, ø 2.0 mm, 19 cm
vasc. dilator, de bakey, ø 2.5 mm, 19 cm
vasc. dilator, de bakey, ø 3.0 mm, 19 cm
vasc. dilator, de bakey, ø 3.5 mm, 19 cm
vasc. dilator, de bakey, ø 4.0 mm, 19 cm
vasc. dilator, de bakey, ø 4.5 mm, 19 cm
vasc. dilator, de bakey, ø 5.0 mm, 19 cm
vasc. dilator, de bakey, ø 7.0 mm, 19 cm
vasc. dilator, de bakey, ø 9.0 mm, 19 cm
dilator, debakey, ø 0.5 mm, 14 cm
dilator, debakey, ø 1.0 mm, 14 cm
dilator, debakey, ø 1.5 mm, 14 cm
dilator, debakey, ø 2.0 mm, 14 cm
dilator, debakey, ø 2.5 mm, 14 cm
dilator, debakey, ø 3.0 mm, 14 cm
dilator, debakey, ø 3.5 mm, 14 cm
dilator, debakey, ø 4.0 mm, 14 cm
dilator, debakey, ø 4.5 mm, 14 cm
dilator, debakey, ø 5.0 mm, 14 cm
tunneler-set, martin, complete
tunneler-handle, f. 24-502-00
tunneler shaft, cvd., 24.5 cm
tunneler shaft, str., 24.5 cm
tunneler shaft, cvd., 55.5 cm
olive tip, f. 24-502-00, ø 5 mm
olive tip, f. 24-502-00, ø 6 mm
olive tip, f. 24-502-00, ø 7 mm
olive tip, f. 24-502-00, ø 8 mm
olive tip, f. 24-502-00, ø 10 mm
olive tip, f. 24-502-00, ø 12 mm
vein-tip, f. 24-502-00, (luer/lock)
dilator, cooley, ø 0.5 mm, 14 cm
dilator, cooley, ø 1.0 mm, 14 cm
dilator, cooley, ø 1.5 mm, 14 cm
dilator, cooley, ø 2.0 mm, 14 cm
dilator, cooley, ø 2.5 mm, 14 cm
dilator, cooley, ø 3.0 mm, 14 cm
dilator, cooley, ø 0.5 mm, 19 cm
dilator, cooley, ø 1.0 mm, 19 cm
dilator, cooley, ø 1.5 mm, 19 cm
dilator, cooley, ø 2.0 mm, 19 cm
dilator, cooley, ø 2.5 mm, 19 cm
dilator, cooley, ø 3.0 mm, 19 cm
dilator, debakey, ø 0.5 mm, 14 cm, nit.
dilator, debakey, ø 1.0 mm, 14 cm, nit.
dilator, debakey, ø 1.5 mm, 14 cm, nit.
dilator, debakey, ø 2.0 mm, 14 cm, nit.
dilator, debakey, ø 2.5 mm, 14 cm, nit.
dilator, debakey, ø 3.0 mm, 14 cm, nit.
dilator, debakey, ø 3.5 mm, 14 cm, nit.
dilator, debakey, ø 4.0 mm, 14 cm, nit.
dilator, debakey, ø 4.5 mm, 14 cm, nit.
dilator, debakey, ø 5.0 mm, 14 cm, nit.
dilator, debakey, ø 0.5 mm, 19 cm, nit.
dilator, debakey, ø 1.0 mm, 19 cm, nit.
dilator, debakey, ø 1.5 mm, 19 cm, nit.
dilator, debakey, ø 2.0 mm, 19 cm, nit.
dilator, debakey, ø 2.5 mm, 19 cm, nit.
dilator, debakey, ø 3.0 mm, 19 cm, nit.
dilator, debakey, ø 3.5 mm, 19 cm, nit.
dilator, debakey, ø 4.0 mm, 19 cm, nit.
dilator, debakey, ø 4.5 mm, 19 cm, nit.
dilator, debakey, ø 5.0 mm, 19 cm, nit.
dilator, debakey, ø 7.0 mm, 19 cm, nit.
dilator, debakey, ø 9.0 mm, 19 cm, nit.
dilator, cooley, ø 0.5 mm, 14 cm, nit.
dilator, cooley, ø 1.0 mm, 14 cm, nit.
dilator, cooley, ø 1.5 mm, 14 cm, nit.
dilator, cooley, ø 2.0 mm, 14 cm, nit.
dilator, cooley, ø 2.5 mm, 14 cm, nit.
dilator, cooley, ø 3.0 mm, 14 cm, nit.
dilator, cooley, ø 0.5 mm, 19 cm, nit.
dilator, cooley, ø 1.0 mm, 19 cm, nit.
dilator, cooley, ø 1.5 mm, 19 cm, nit.
dilator, cooley, ø 2.0 mm, 19 cm, nit.
dilator, cooley, ø 2.5 mm, 19 cm, nit.
dilator, cooley, ø 3.0 mm, 19 cm, nit.
fasciotomy knife, hach, si., 30 cm
intima spatula, blunt, 3 mm, 18.5 cm
intima spatula, blunt, 3 mm, 21.5 cm
intima spatula, slim, blunt, 14 cm
intima spatula, blunt  23.5 cm
dissector, robb, double, no. 1, 20,5 cm
dissector, robb, double, no. 2, 20,5 cm
dissector, robb, double, no. 3, 20,5 cm
dissector, robb, double, no. 4, 20,5 cm
hook, crile, 90°, 20 cm
hook, crile, 45°, 20.5 cm
suture hook, ø 1.5 mm, 26 cm
suture hook, ø 2.0 mm, 26 cm
suture hook, ø 2.5 mm, 26 cm
suture hook, ø 3.0 mm, 26 cm
tourniquet, rumel-belmont, 4.2 mm, 27 cm
tourniquet, rumel-belm., 8.8 mm, 30.5 cm
atr. subramanian-forceps, 135°, 16 cm
atr. subramanian-forceps, right, 16 cm
atr. subramanian-forceps, left, 16 cm
atr. forceps, pediatric, str., 14 cm
atr. forceps, pediatric, 14 cm
atr. forceps, pediatric, 14 cm
atr. forceps, pediatric, 13,5 cm
atr. forceps, pediatric, cvd, 14 cm
atr. forceps, pediatric, db. ang., 13 cm
atr. forceps, pediatric, db. ang., 13 cm
atr. forceps, pediatric, st. cvd., 14 cm
atr. forceps, pediatric, st. cvd., 13 cm
atr. fcps., pediatric, left ang., 14 cm
atr. fcps., pediatric, right ang., 14 cm
atr. forceps, pediatric, db. ang., 14 cm
atr. forceps, pediatric, db. ang., 14 cm
atr. forceps, pediatric, spoon., 14 cm
atr. forceps, pediatric, spoon., 14 cm
atr. forceps, ped., str., 13,5 cm
atr. forceps, ped., cvd., 13 cm
atr. forceps, ped., ang. 90°, 10,5 cm
atr. forceps, ped., ang. 30°, 12 cm
atr. forceps, ped., spoon-sh., 13 cm
ti-forceps, neonatal, 10,5 cm
ti-forceps, neonatal, ang. 60°, 10,5 cm
ti-forceps, neonatal, spoon-sh., 10,5 cm
ti-forceps, neonatal, anast., 10,5 cm
ti-forceps, neonatal, anast., 10,5 cm
atr. forceps, pediatric, str., 16.5 cm
atr. forceps, pediatric, ang., 16.5 cm
atr. forceps, pedi., med. ang., 15.5 cm
atr. forceps, pedi., dbl. cvd., 15.5 cm
atr. forceps, pedi., dbl. cvd., 16 cm
atr. neonatal forceps, str., 13 cm
atr. neonatal forceps, 30° ang., 12.5cm
atr. neonatal forceps, 45° ang., 12 cm
atr. neonatal forceps, 90° ang., 11 cm
atr. neonatal forceps, cvd., 12 cm
atr. neonatal forceps, cvd., 12 cm
atr. neonatal forceps, cvd., 12 cm
atr. neonatal forceps, cvd., 12 cm
scissors, marcore, 15°, small, 17 cm
scissors, marcore, 15°, medium, 24 cm
scissors, marcore, 15°, large, 29 cm
scissors, marcore, 30°, small, 17 cm
scissors, marcore, 30°, medium, 24 cm
scissors, marcore, 30°, large, 29 cm
scissors, marcore, 70°, small, 17 cm
scissors, marcore, 70°, medium, 24 cm
scissors, marcore, 70°, large, 29 cm
scissors, marcore, 30°, single action, s
scissors, marcore, 30°, single action, m
scissors, marcore, 30°, single action, l
scissors, marcore, potts-dietrich, 45°,s
scissors, marcore, potts-dietrich, 45°,m
scissors, marcore, potts-dietrich, 45°,l
scissors, marcore, potts-dietrich,125°,s
scissors, marcore, potts-dietrich,125°,m
scissors, marcore, potts-dietrich,125°,l
tc-needleholder, marcore, str.,w. lock,s
tc-needleholder, marcore, str.,w. lock,m
tc-needleholder, marcore, str.,w. lock,l
tc-needleholder, marcore, cvd.,w. lock,s
tc-needleholder, marcore, cvd.,w. lock,m
tc-needleholder, marcore, cvd.,w. lock,l
tc-needleholder, marcore, ryder-style, s
tc-needleholder, marcore, ryder-style, m
tc-needleholder, marcore, ryder-style, l
tc-needleholder, marcore, mini, str., s
tc-needleholder, marcore, mini, str., m
tc-needleholder, marcore, mini, str., l
tc-needleholder, marcore, mini, cvd., s
tc-needleholder, marcore, mini, cvd., m
tc-needleholder, marcore, mini, cvd., l
suture forceps, marcore, small, 17 cm
suture forceps, marcore, med., 24 cm
suture forceps, marcore, large, 29 cm
forceps, marcore, debakey, slim, s
forceps, marcore, debakey, slim, m
forceps, marcore, debakey, slim, l
forceps, marcore, debakey, wide, s
forceps, marcore, debakey, wide, m
forceps, marcore, debakey, wide, l
fcps., marcore,debakey,fine,sing. act.,s
fcps., marcore,debakey,fine,sing. act.,m
fcps., marcore,debakey,fine,sing. act.,l
fcps., marcore,debakey,wide,sing. act.,s
fcps., marcore,debakey,wide,sing. act.,m
fcps., marcore,debakey,wide,sing. act.,l
forceps, marcore, resano, single act., s
forceps, marcore, resano, single act., m
forceps, marcore, resano, single act., l
knot-pusher, marcore, small, 17 cm
knot-pusher, marcore, medium, 24 cm
knot-pusher, marcore, large, 29 cm
forceps,marcore,ima,upwards,sing. act.,s
forceps,marcore,ima,upwards,sing. act.,m
forceps,marcore,ima,upwards,sing. act.,l
hook, marcore, 5 mm, 26 cm
hook, marcore, 5 mm, 36 cm
hook, marcore, 5 mm, w. button, 26 cm
hook, marcore, 5 mm, w. button, 36 cm
hook, marcore, 10 mm, 26 cm
hook, marcore, 10 mm, 36 cm
hook, marcore, 10 mm, w. button, 26 cm
hook, marcore, 10 mm, w. button, 36 cm
hook, marcore, 120°, 5 mm, 26 cm
hook, marcore, 120°, 5 mm, 36 cm
hook, marcore, 120°, 10 mm, 26 cm
hook, marcore, 120°, 10 mm, 36 cm
ligature catcher, marcore, 26 cm
ligature catcher, marcore, 36 cm
scalpel handle, marcore, microbl., 26cm
scalpel handle, marcore, microbl., 34cm
scalpel handle, marcore, #11, 26 cm
scalpel handle, marcore, #11, 34 cm
retriever, marcore, magn., mall., 36 cm
marcore, sizer, chordae tendinae, 41cm
aortic fcps., marcore, transth., 31 cm
aortic fcps., marcore, transth., 33 cm
aortic fcps., marcore, transth., 36 cm
wire saw, gigli, fourfold, 30 cm
wire saw, gigli, fourfold, 40 cm
wire saw, gigli, fourfold, 50 cm
wire saw, gigli, fourfold, 60 cm
wire saw, gigli, fourfold, 70 cm
hook handle, f. wire saws
wire saw conductor, de martel
skull traction tong, crutchfield, small
skull traction tong, crutchfield, medium
drill pin f. 24-641-02, ø 3.5 mm, 7 cm
drill pin f. 24-641-02, ø 5.0 mm, 7 cm
skull traction tong, pins adjustable
cranial rongeur, dahlgren, 19.5 cm
cranial rongeur, de vilbiss, 21 cm
scalp clamp, raney
applying/removal forceps f. raney-clips
galea retractor, (hook) yasargil, 30 cm
galea retractor, (hook) yasargil, 41 cm
dissector, toennis, dbl-ended, 24 cm
dissector, olivecrona, dbl-ended, 24 cm
dissector, olivecrona, dbl-ended, 18 cm
dissector, olivecrona, dbl-ended, 24 cm
dissector, olivecrona, dbl-ended, 20 cm
separator, sachs, sharp, 20.5 cm
separator, milligan, dbl.-ended 21.5 cm
separator, davis, semi-sharp, 21.5 cm
dissector, double-ended, 22 cm
dissector, penfield, # 1, 17.5 cm
dissector, penfield, # 2, 19.5 cm
dissector, penfield, # 3, 19.5 cm
dissector, penfield, # 4, 20.5 cm
dissector, penfield, 29 cm, #5
dissector, davis, double-ended, 24.5 cm
arm, flexible
fixation device for 1 flexible arm
fixation device for 2 flexible arms
fixation device for 1 flexible arm
spatula holder, rd shaft for flex. arm
spatula holder for flat spatula
ball joint clamp for leyla retractor
supporting arm for leyla retractor
coupling head for 1-5 flexible arms
coupling head for 1 flexible arm
spatula, heifetz, malleable, 8x155 mm
spatula, heifetz, malleable, 11x155 mm
spatula, heifetz, malleable, 14x155 mm
spatula, heifetz, malleable, 17x155 mm
spatula, heifetz, mall., rd, 14x200 mm
spatula, heifetz, mall., rd, 17x200 mm
spatula, heifetz, mall., rd, 20x200 mm
hook, groningen, angled 26.5 cm
hook, groningen, curved 26.5 cm
hook, cushing, # 1, 19 cm
hook, cushing, # 1, 28 cm
hook, cushing, # 2, 19 cm
hook, cushing, # 2, 28 cm
hook, smithwick, curved, 16.5 cm
hook, smithwick, curved, 21 cm
hook, adson, blunt, angled, 20 cm
hook, adson, sharp, angled, 20 cm
hook, graham, blunt, curved, 16.5 cm
hook, sachs, sharp, curved, 17 cm
hook, 90°, sharp, curved, 19 cm
hook, 90°, sharp, angled dwn., 19 cm
hook, frazier, sharp, 13 cm
hook, frazier, sharp, 18 cm
hook, mikaeel #1, 45°, bay., 23 cm
hook, mikaeel #2, 45°, bay., 23 cm
dissector, mikaeel #3, bay., 23 cm
dissector, mikaeel #4, bay., 23 cm
dissector, mikaeel #5, bay., 23 cm
dissector, mikaeel #6, bay., ang., 23 cm
dissector, mikaeel #7, bay., right, 23cm
dissector, mikaeel #8, bay., left, 23 cm
sickle knife, mikaeel #9, bay., 23 cm
sickle knife, mikaeel #10, bay., 23 cm
hook, mikaeel #11, bay., 23 cm
curette, mikaeel #12, bay., 23 cm
wax applicator, mikaeel #13, bay., 23 cm
curette, mikaeel #14, 45°, bay., 23 cm
curette, mikaeel #15, 90°, bay., 23 cm
curette, mikaeel #16, 45°, bay., 23 cm
curette, mikaeel #17, 90°, bay., 23 cm
curette, mikaeel #18, backw.bay., 23 cm
set, mikaeel instr. #1-18, bay., 23 cm
pick, tew #1, sharp, 23 cm
pick, tew #2, blunt, 23 cm
pick, tew #3, sharp, cvd. down, 23 cm
pick, tew #4, sharp, cvd. up, 23 cm
dissector, tew #5, mod. penfield, 23 cm
cup dissector, tew #6, 23 cm
hook, tew #7, button end, 23 cm
dissector, tew #8, 2 mm, 23 cm
dissector, tew #9, 4 mm, 23 cm
curette, tew #10, 90°, 23 cm
curette, tew #11, 45°, 23 cm
chisel, tew #12, 23 cm
curette, tew #13, sharp, 90° up, 23cm
curette, tew #14, sharp, 45°, up, 23cm
curette, tew #15, sharp, 45°, down, 23cm
curette, tew #16, sharp, 90°, up, 23cm
curette, tew #17, sharp, 45°, up, 23cm
curette, tew #18, sharp, 45°, down, 23cm
curette, tew #19, blunt, 90°, up, 23cm
curette, tew #20, blunt, 45°, up, 23cm
curette, tew #21, blunt, 45°, down, 23cm
curette, tew #22, blunt, 90°, up, 23cm
curette, tew #23, blunt, 45°, up, 23cm
curette, tew #24, blunt, 45°, down, 23cm
micro fork, tew #25, 23 cm
enucleator, tew #26, right, 23 cm
enucleator, tew #27, left, 23 cm
probe, tew #28, 23 cm
set, tew instr. #1-28, baj., 23 cm
micro scissors acc. tew, 2,5mm, straight
micro scissors acc. tew, 2,5mm, curved
micro biopsy forceps acc. tew
micro alligator forceps acc. tew
micro scissor, tew, str., 2.5 mm, 360°
micro scissor, tew, cvd., 2.5 mm, 360°
micro biopsy forceps, tew, 360°
micro alligator forceps, tew, 360°
set, jannetta dissectors #1-8, 21 cm
dissector, jannetta, #1, 21 cm
dissector, jannetta, #2, 21 cm
dissector, jannetta, #3, 21 cm
dissector, jannetta, #4, 21 cm
dissector, jannetta, #5, 21 cm
dissector, jannetta, #6, 21 cm
dissector, jannetta, #7, 21 cm
dissector, jannetta, #8, 21 cm
set, pittsburgh dissectors #1-10, 23 cm
dissector, pittsburgh, #1, 23 cm
dissector, pittsburgh, #2, 23 cm
dissector, pittsburgh, #3, 23 cm
dissector, pittsburgh, #4, 23 cm
dissector, pittsburgh, #5, 23 cm
dissector, pittsburgh, #6, 23 cm
dissector, pittsburgh, #7, 23 cm
dissector, pittsburgh, #8, 23 cm
dissector, pittsburgh, #9, 23 cm
dissector, pittsburgh, #10, 23 cm
handle f. pituitary instruments
micro scissors, vannas, ang. down, 12 cm
micro scissors, vannas, str., 12 cm
micro scissors, vannas, cvd., 12 cm
micro scissors, vannas, str., 16 cm
micro scissors, vannas, cvd., 16 cm
micro scissors, millesi, str., 16 cm
micro scissors, millesi, cvd., 16 cm
micro scissors, jacobson, cvd., 18.5 cm
micro scissors,yasargil,bay.str.,16.5cm
micro scissors,yasargil,bay.cvd.,16.5cm
micro scissors,yasargil,bay.str.,20cm
micro scissors,yasargil,bay.cvd., 20cm
micro scissors,yasargil,bay.cvd.dn.,20cm
micro scissors,yasargil,bay.str.,22.5cm
micro scissors,yasargil,bay.cvd.,22.5cm
micro scissors,yasargil,bay.cvd.,24.5cm
micro diss.sciss.,yasargil, str.,20cm
micro diss.sciss.,yasargil, cvd.,20cm
micro diss.sciss.,yasargil, cvd.,22.5cm
micro diss.sciss.,yasargil, str.,22.5cm
micro sciss.,fahlbusch, cvd., 16.5cm
micro sciss.,caspar, cvd.,turn., 11.5cm
micro needleh., yasargil,bay.str., 20cm
micro needleh., yasargil,bay.cvd., 20cm
micro needleh., yasargil,bay.str.,22.5cm
micro needleh., yasargil,bay.cvd.,22.5cm
grasp.fcps., samii, bay.ri.cvd.,3mm,23cm
grasp.fcps., samii, bay.le.cvd.,3mm,23cm
grasp.fcps.,yasargil-samii,bay.,3mm,24cm
grasp.fcps.,yasargil-samii,bay.,5mm,24cm
grasp.fcps.,yasargil-samii,bay.,7mm,24cm
grasp.fcps.,yasargil, bay., 3mm, 22cm
grasp.fcps.,yasargil, bay., 5mm, 22cm
grasp.fcps., hunt, ang. down, 5 mm, 20cm
grasp.fcps., hunt, bay., 5 mm, 20cm
micro fcps., yasargil, bay., 0.6mm, 18cm
micro fcps., yasargil, bay., 0.9mm, 18cm
micro fcps., yasargil, bay., 1x2t., 18cm
micro fcps., yasargil, bay., 0.6mm, 20cm
micro fcps., yasargil, bay., 0.9mm, 20cm
micro fcps., yasargil, bay., 0.6mm, 22cm
micro fcps., yasargil, bay., 0.9mm, 22cm
tumour fork, yasargil, 8 mm, 20 cm
tumour fork, yasargil, 5 mm, 20 cm
tissue fcps. w. protector, ø1.8mm,18.5mm
tumor knife, samii, 1.0 mm, 23cm
tumor knife, samii, 1.5 mm, 23cm
tumor knife, samii, 2.0 mm, 23cm
tumor knife, samii, 2.5 mm, 23cm
tumor knife, samii, 3.0 mm, 23cm
tumor knife, samii, 3.5 mm, 23cm
tumor knife, samii, 4.0 mm, 23cm
tumor knife, samii, 5.0 mm, 23cm
tumor knife, samii, round, 1.5 mm, 23cm
tumor knife, samii, round, 3.0 mm, 23cm
tumor knife, samii, round, 4.5 mm, 23cm
tumor knife, samii, round, 6.0 mm, 23cm
tumor.grasp.fcps., landolt, blunt, 20 cm
dissector, micro, caspar, curved, 23 cm
dissector,micro,caspar,bay.,cvd.dwn,23cm
dissector,micro,caspar,bay.,cvd.dwn,23cm
dissector, micro, caspar, curved, 20 cm
dissector,micro,casp.,bay.cvd upwrd,20cm
dissector,micro,caspar,bay.,cvd dwn,20cm
dissector, rhoton, #1, round, 19 cm
dissector, rhoton, #1, round, 19 cm
dissector, rhoton, #2, round, 19 cm
dissector, rhoton, #2, round, 19 cm
dissector, rhoton, #3, round, 19 cm
dissector, rhoton, #3, round, 19 cm
elevator, rhoton, #4, ang., 19 cm
elevator, rhoton, #4, ang., 19 cm
elevator, rhoton, #5, cvd., 19 cm
elevator, rhoton, #5, cvd., 19 cm
dissector, rhoton, #6, small, 19 cm
dissector, rhoton, #6, small, 19 cm
dissector, rhoton, #7, medium, 19 cm
dissector, rhoton, #7, medium, 19 cm
dissector, rhoton, #8, large, 19 cm
dissector, rhoton, #8, large, 19 cm
hook, rhoton, #9, semisharp, 19 cm
hook, rhoton, #9, semisharp, 19 cm
hook, rhoton, #10, blunt, 19 cm
hook, rhoton, #10, blunt, 19 cm
hook, rhoton, #11, semisharp, 19 cm
hook, rhoton, #11, semisharp, 19 cm
needle, rhoton, #12, straight, 19 cm
needle, rhoton, #12, straight, 19 cm
curettes, rhoton, #13, small, 19 cm
curettes, rhoton, #13, small, 19 cm
curettes, rhoton, #14, large, 19 cm
curettes, rhoton, #14, large, 19 cm
tear drop dissector, rhoton, #15, 19 cm
tear drop dissector, rhoton, #15, 19 cm
tear drop diss., rhoton, #16, 90°, 19 cm
tear drop diss., rhoton, #16, 90°, 19 cm
tear drop diss., rhoton, #17, 90°, 19 cm
tear drop diss., rhoton, #17, 90°, 19 cm
tear drop diss., rhoton, #18, 40°, 19 cm
tear drop diss., rhoton, #18, 40°, 19 cm
tear drop diss., rhoton, #19, 40°, 19 cm
tear drop diss., rhoton, #19, 40°, 19 cm
lancet knife, samii, 1.8 mm, 23 cm
knife, micro vasc., koos, curved, 18.5cm
knife, micro vasc., koos, cvd dwn,18.5cm
knife, micro vasc.,koos,strg. cvd,18.5cm
knife,microvasc,koos,strg.cvd dwn,18.5cm
knife micro vasc., yasar.,cvd dwn,18.5cm
knife micro vasc.,yasar,cvd upwrd,18.5cm
knife micro vasc.,jacob.,straight,18.5cm
suture guide, yasargil, med. cvd, 18.5cm
suture guide,yasar.,slightly cvd,18.5cm
suture guide, yasargil, 90°, cvd, 18.5cm
raspat., micro, yasargil,ang. dwn,18.5cm
raspat., micro, yasargil,ang. dwn,18.5cm
raspat., micro, yasargil, curved, 18.5cm
raspat., micro, yasargil, curved, 18.5cm
raspat.,micro,yasar.,ang. dwn cvd,18.5cm
raspat.,micro,yasar.,ang. dwn cvd,18.5cm
raspat., micro, yasargil, curved, 18.5cm
raspat., micro,plate shape, small, 23cm
raspat., micro,plate shape, large, 23cm
raspat., micro,plate shape, bay., 23cm
dissector,micro,yasargil,ang. dwn,18.5cm
dissector,micro,straight,slim, cvd 23 cm
dissector, micro, bay., cvd. left, 23 cm
dissector, micro, straight, curved,23 cm
dissector, micro, bay., cvd. right 23 cm
button probe, jacobson,ang. dwn, 18.5 cm
double probe,jacobson,button end.,18.5cm
curette, micro, yasargil, sharp, 18.5 cm
curette, micro, sharp, straight, 23 cm
curette,micro,sharp,ang.up,straight,23cm
hooklet, micro, sharp, 23 cm
hooklet, micro,blunt, 23 cm
hook, krayenbuehl, # 1, 19 cm
hook, krayenbuehl, # 2, 19 cm
hook, krayenbuehl, # 3, 19 cm
hook, krayenbuehl, # 4, 19 cm
hooklet, caspar, 90°, 5 mm, 24.5 cm
hooklet, caspar, 90°, 7 mm, 24.5 cm
hooklet, caspar, 90°, 9 mm, 24.5 cm
hooklet, caspar, 45°, 11 mm, 24.5 cm
vertebral spreader, cloward, 16 cm
bone-spreader, plane
vertebral spreader, inge, 16 cm
vertebral spreader, inge, 25.5 cm
punch, 40°, 1mm, 18cm
punch, 40°, 1mm, 18cm
punch, 90°, 1mm, 18cm
punch, 90°, 1mm, 18cm
punch, 40°, 1mm, 20cm
punch, 40°, 1mm, 20cm
punch, 90°, 1mm, 20cm
punch, 90°, 1mm, 20cm
punch, 40°, 1mm, 23cm
punch, 40°, 1mm, 23cm
punch, 90°, 1mm, 23cm
punch, 90°, 1mm, 23cm
punch, 40°, 1mm, 28cm
punch, 40°, 1mm, 28cm
punch, 90°, 1mm, 28cm
punch, 90°, 1mm, 28cm
punch, 40°, 2mm, 18cm
punch, 40°, 2mm, 18cm
punch, 90°, 2mm, 18cm
punch, 90°, 2mm, 18cm
punch, 40°, 2mm, 20cm
punch, 40°, 2mm, 20cm
punch, 90°, 2mm, 20cm
punch, 90°, 2mm, 20cm
punch, 40°, 2mm, 23cm
punch, 40°, 2mm, 23cm
punch, 90°, 2mm, 23cm
punch, 90°, 2mm, 23cm
punch, 40°, 2mm, 28cm
punch, 40°, 2mm, 28cm
punch, 90°, 2mm, 28cm
punch, 90°, 2mm, 28cm
punch, 40°, 3mm, 18cm
punch, 40°, 3mm, 18cm
punch, 90°, 3mm, 18cm
punch, 90°, 3mm, 18cm
punch, 40°, 3mm, 20cm
punch, 40°, 3mm, 20cm
punch, 90°, 3mm, 20cm
punch, 90°, 3mm, 20cm
punch, 40°, 3mm, 23cm
punch, 40°, 3mm, 23cm
punch, 90°, 3mm, 23cm
punch, 90°, 3mm, 23cm
punch, 40°, 3mm, 28cm
punch, 40°, 3mm, 28cm
punch, 90°, 3mm, 28cm
punch, 90°, 3mm, 28cm
punch, 40°, 4mm, 18cm
punch, 40°, 4mm, 18cm
punch, 90°, 4mm, 18cm
punch, 90°, 4mm, 18cm
punch, 40°, 4mm, 20cm
punch, 40°, 4mm, 20cm
punch, 90°, 4mm, 20cm
punch, 90°, 4mm, 20cm
punch, 40°, 4mm, 23cm
punch, 40°, 4mm, 23cm
punch, 90°, 4mm, 23cm
punch, 90°, 4mm, 23cm
punch, 40°, 4mm, 28cm
punch, 40°, 4mm, 28cm
punch, 90°, 4mm, 28cm
punch, 90°, 4mm, 28cm
punch, 40°, 5mm, 18cm
punch, 40°, 5mm, 18cm
punch, 90°, 5mm, 18cm
punch, 90°, 5mm, 18cm
punch, 40°, 5mm, 20cm
punch, 40°, 5mm, 20cm
punch, 90°, 5mm, 20cm
punch, 90°, 5mm, 20cm
punch, 40°, 5mm, 23cm
punch, 40°, 5mm, 23cm
punch, 90°, 5mm, 23cm
punch, 90°, 5mm, 23cm
punch, 40°, 5mm, 28cm
punch, 40°, 5mm, 28cm
punch, 90°, 5mm, 28cm
punch, 90°, 5mm, 28cm
punch, 40°, 6mm, 18cm
punch, 40°, 6mm, 18cm
punch, 90°, 6mm, 18cm
punch, 90°, 6mm, 18cm
punch, 40°, 6mm, 20cm
punch, 40°, 6mm, 20cm
punch, 90°, 6mm, 20cm
punch, 90°, 6mm, 20cm
punch, 40°, 6mm, 23cm
punch, 40°, 6mm, 23cm
punch, 90°, 6mm, 23cm
punch, 90°, 6mm, 23cm
punch, 40°, 6mm, 28cm
punch, 40°, 6mm, 28cm
punch, 90°, 6mm, 28cm
punch, 90°, 6mm, 28cm
punch, 40°, downw., 1mm, 18cm
punch, 40°, downw., 1mm, 18cm
punch, 90°, downw., 1mm, 18cm
punch, 90°, downw., 1mm, 18cm
punch, 40°, downw., 1mm, 20cm
punch, 40°, downw., 1mm, 20cm
punch, 90°, downw., 1mm, 20cm
punch, 90°, downw., 1mm, 20cm
punch, 40°, downw., 1mm, 23cm
punch, 40°, downw., 1mm, 23cm
punch, 90°, downw., 1mm, 23cm
punch, 90°, downw., 1mm, 23cm
punch, 40°, downw., 2mm, 18cm
punch, 40°, downw., 2mm, 18cm
punch, 90°, downw., 2mm, 18cm
punch, 90°, downw., 2mm, 18cm
punch, 40°, downw., 2mm, 20cm
punch, 40°, downw., 2mm, 20cm
punch, 90°, downw., 2mm, 20cm
punch, 90°, downw., 2mm, 20cm
punch, 40°, downw., 2mm, 23cm
punch, 40°, downw., 2mm, 23cm
punch, 90°, downw., 2mm, 23cm
punch, 90°, downw., 2mm, 23cm
punch, 40°, downw., 3mm, 18cm
punch, 40°, downw., 3mm, 18cm
punch, 90°, downw., 3mm, 18cm
punch, 90°, downw., 3mm, 18cm
punch, 40°, downw., 3mm, 20cm
punch, 40°, downw., 3mm, 20cm
punch, 90°, downw., 3mm, 20cm
punch, 90°, downw., 3mm, 20cm
punch, 40°, downw., 3mm, 23cm
punch, 40°, downw., 3mm, 23cm
punch, 90°, downw., 3mm, 23cm
punch, 90°, downw., 3mm, 23cm
punch, 40°, downw., 4mm, 18cm
punch, 40°, downw., 4mm, 18cm
punch, 90°, downw., 4mm, 18cm
punch, 90°, downw., 4mm, 18cm
punch, 40°, downw., 4mm, 20cm
punch, 40°, downw., 4mm, 20cm
punch, 90°, downw., 4mm, 20cm
punch, 90°, downw., 4mm, 20cm
punch, 40°, downw., 4mm, 23cm
punch, 40°, downw., 4mm, 23cm
punch, 90°, downw., 4mm, 23cm
punch, 90°, downw., 4mm, 23cm
punch, 40°, downw., 5mm, 18cm
punch, 40°, downw., 5mm, 18cm
punch, 90°, downw., 5mm, 18cm
punch, 90°, downw., 5mm, 18cm
punch, 40°, downw., 5mm, 20cm
punch, 40°, downw., 5mm, 20cm
punch, 90°, downw., 5mm, 20cm
punch, 90°, downw., 5mm, 20cm
punch, 40°, downw., 5mm, 23cm
punch, 40°, downw., 5mm, 23cm
punch, 90°, downw., 5mm, 23cm
punch, 90°, downw., 5mm, 23cm
punch, 40°, downw., 6mm, 18cm
punch, 40°, downw., 6mm, 18cm
punch, 90°, downw., 6mm, 18cm
punch, 90°, downw., 6mm, 18cm
punch, 40°, downw., 6mm, 20cm
punch, 40°, downw., 6mm, 20cm
punch, 90°, downw., 6mm, 20cm
punch, 90°, downw., 6mm, 20cm
punch, 40°, downw., 6mm, 23cm
punch, 40°, downw., 6mm, 23cm
punch, 90°, downw., 6mm, 23cm
punch, 90°, downw., 6mm, 23cm
punch, 40°, long str., 1mm, 18cm
punch, 40°, long str., 1mm, 18cm
punch, 40°, long str., 2mm, 18cm
punch, 40°, long str., 2mm, 18cm
punch, 40°, long str., 3mm, 18cm
punch, 40°, long str., 3mm, 18cm
punch, 40°, long str., 4mm, 18cm
punch, 40°, long str., 4mm, 18cm
punch, 40°, long str., 5mm, 18cm
punch, 40°, long str., 5mm, 18cm
punch, 40°, long str., 6mm, 18cm
punch, 40°, long str., 6mm, 18cm
punch, 40°, 1mm, slim, 18cm
punch, 40°, 1mm, slim, 18cm
punch, 90°, 1mm, slim, 18cm
punch, 90°, 1mm, slim, 18cm
punch, 40°, 1mm, slim, 20cm
punch, 40°, 1mm, slim, 20cm
punch, 90°, 1mm, slim, 20cm
punch, 90°, 1mm, slim, 20cm
punch, 40°, 1mm, slim, 23cm
punch, 40°, 1mm, slim, 23cm
punch, 90°, 1mm, slim, 23cm
punch, 90°, 1mm, slim, 23cm
punch, 40°, 1mm, slim, 28cm
punch, 40°, 1mm, slim, 28cm
punch, 90°, 1mm, slim, 28cm
punch, 90°, 1mm, slim, 28cm
punch, 40°, 2mm, slim, 18cm
punch, 40°, 2mm, slim, 18cm
punch, 90°, 2mm, slim, 18cm
punch, 90°, 2mm, slim, 18cm
punch, 40°, 2mm, slim, 20cm
punch, 40°, 2mm, slim, 20cm
punch, 90°, 2mm, slim, 20cm
punch, 90°, 2mm, slim, 20cm
punch, 40°, 2mm, slim, 23cm
punch, 40°, 2mm, slim, 23cm
punch, 90°, 2mm, slim, 23cm
punch, 90°, 2mm, slim, 23cm
punch, 40°, 2mm, slim, 28cm
punch, 40°, 2mm, slim, 28cm
punch, 90°, 2mm, slim, 28cm
punch, 90°, 2mm, slim, 28cm
punch, 40°, 3mm, slim, 18cm
punch, 40°, 3mm, slim, 18cm
punch, 90°, 3mm, slim, 18cm
punch, 90°, 3mm, slim, 18cm
punch, 40°, 3mm, slim, 20cm
punch, 40°, 3mm, slim, 20cm
punch, 90°, 3mm, slim, 20cm
punch, 90°, 3mm, slim, 20cm
punch, 40°, 3mm, slim, 23cm
punch, 40°, 3mm, slim, 23cm
punch, 90°, 3mm, slim, 23cm
punch, 90°, 3mm, slim, 23cm
punch, 40°, 3mm, slim, 28cm
punch, 40°, 3mm, slim, 28cm
punch, 90°, 3mm, slim, 28cm
punch, 90°, 3mm, slim, 28cm
punch, 40°, 4mm, slim, 18cm
punch, 40°, 4mm, slim, 18cm
punch, 90°, 4mm, slim, 18cm
punch, 90°, 4mm, slim, 18cm
punch, 40°, 4mm, slim, 20cm
punch, 40°, 4mm, slim, 20cm
punch, 90°, 4mm, slim, 20cm
punch, 90°, 4mm, slim, 20cm
punch, 40°, 4mm, slim, 23cm
punch, 40°, 4mm, slim, 23cm
punch, 90°, 4mm, slim, 23cm
punch, 90°, 4mm, slim, 23cm
punch, 40°, 4mm, slim, 28cm
punch, 40°, 4mm, slim, 28cm
punch, 90°, 4mm, slim, 28cm
punch, 90°, 4mm, slim, 28cm
punch, 40°, 5mm, slim, 18cm
punch, 40°, 5mm, slim, 18cm
punch, 90°, 5mm, slim, 18cm
punch, 90°, 5mm, slim, 18cm
punch, 40°, 5mm, slim, 20cm
punch, 40°, 5mm, slim, 20cm
punch, 90°, 5mm, slim, 20cm
punch, 90°, 5mm, slim, 20cm
punch, 40°, 5mm, slim, 23cm
punch, 40°, 5mm, slim, 23cm
punch, 90°, 5mm, slim, 23cm
punch, 90°, 5mm, slim, 23cm
punch, 40°, 5mm, slim, 28cm
punch, 40°, 5mm, slim, 28cm
punch, 90°, 5mm, slim, 28cm
punch, 90°, 5mm, slim, 28cm
punch, 40°, 6mm, slim, 18cm
punch, 40°, 6mm, slim, 18cm
punch, 90°, 6mm, slim, 18cm
punch, 90°, 6mm, slim, 18cm
punch, 40°, 6mm, slim, 20cm
punch, 40°, 6mm, slim, 20cm
punch, 90°, 6mm, slim, 20cm
punch, 90°, 6mm, slim, 20cm
punch, 40°, 6mm, slim, 23cm
punch, 40°, 6mm, slim, 23cm
punch, 90°, 6mm, slim, 23cm
punch, 90°, 6mm, slim, 23cm
punch, 40°, 6mm, slim, 28cm
punch, 40°, 6mm, slim, 28cm
punch, 90°, 6mm, slim, 28cm
punch, 90°, 6mm, slim, 28cm
punch, 40°, long str., bayon., 1mm, 18cm
punch, 40°, long str., bayon., 1mm, 18cm
punch, 40°, long str., bayon., 2mm, 18cm
punch, 40°, long str., bayon., 2mm, 18cm
punch, 40°, long str., bayon., 3mm, 18cm
punch, 40°, long str., bayon., 3mm, 18cm
punch, 40°, long str., bayon., 4mm, 18cm
punch, 40°, long str., bayon., 4mm, 18cm
punch, 40°, long str., bayon., 5mm, 18cm
punch, 40°, long str., bayon., 5mm, 18cm
punch, 40°, cvd., 1mm, 20cm
punch, 40°, cvd., 1mm, 20cm
punch, 40°, cvd.le., 1mm, 20cm
punch, 40°, cvd.le., 1mm, 20cm
punch, 40°, cvd.ri, 1mm, 20cm
punch, 40°, cvd.ri, 1mm, 20cm
punch, 40°, cvd., 2mm, 20cm
punch, 40°, cvd., 2mm, 20cm
punch, 40°, cvd.le., 2mm, 20cm
punch, 40°, cvd.le., 2mm, 20cm
punch, 40°, cvd.ri, 2mm, 20cm
punch, 40°, cvd.ri, 2mm, 20cm
punch, 40°, cvd., 3mm, 20cm
punch, 40°, cvd., 3mm, 20cm
punch, 40°, cvd.le., 3mm, 20cm
punch, 40°, cvd.le., 3mm, 20cm
punch, 40°, cvd.ri, 3mm, 20cm
punch, 40°, cvd.ri, 3mm, 20cm
punch, 40°, cvd., 4mm, 20cm
punch, 40°, cvd., 4mm, 20cm
punch, 40°, cvd.le., 4mm, 20cm
punch, 40°, cvd.le., 4mm, 20cm
punch, 40°, cvd.ri, 4mm, 20cm
punch, 40°, cvd.ri, 4mm, 20cm
punch, 40°, cvd., 5mm, 20cm
punch, 40°, cvd., 5mm, 20cm
punch, 40°, cvd.le., 5mm, 20cm
punch, 40°, cvd.le., 5mm, 20cm
punch, 40°, cvd.ri, 5mm, 20cm
punch, 40°, cvd.ri, 5mm, 20cm
punch, 40°, cvd., bayon., 3mm, 15cm
rongeur, caspar, str., 2 mm, 15 cm
rongeur, caspar, str., 2 mm, 15 cm
rongeur, caspar, str., 3 mm, 15 cm
rongeur, caspar, str., 3 mm, 15 cm
rongeur, caspar, str., 4 mm, 15 cm
rongeur, caspar, str., 4 mm, 15 cm
rongeur, caspar, str., 5 mm, 15 cm
rongeur, caspar, str., 5 mm, 15 cm
rongeur, caspar, str., 2 mm, 18 cm
rongeur, caspar, str., 2 mm, 18 cm
rongeur, caspar, str., 3 mm, 18 cm
rongeur, caspar, str., 3 mm, 18 cm
rongeur, caspar, str., 4 mm, 18 cm
rongeur, caspar, str., 4 mm, 18 cm
rongeur, caspar, str., 5 mm, 18 cm
rongeur, caspar, str., 5 mm, 18 cm
rongeur, caspar, str., 2 mm, 20 cm
rongeur, caspar, str., 2 mm, 20 cm
rongeur, caspar, str., 3 mm, 20 cm
rongeur, caspar, str., 3 mm, 20 cm
rongeur, caspar, str., 4 mm, 20 cm
rongeur, caspar, str., 4 mm, 20 cm
rongeur, caspar, str., 5 mm, 20 cm
rongeur, caspar, str., 5 mm, 20 cm
rongeur, caspar, upw., 2 mm, 15 cm
rongeur, caspar, upw., 2 mm, 15 cm
rongeur, caspar, upw., 3 mm, 15 cm
rongeur, caspar, upw., 3 mm, 15 cm
rongeur, caspar, upw., 4 mm, 15 cm
rongeur, caspar, upw., 4 mm, 15 cm
rongeur, caspar, upw., 5 mm, 15 cm
rongeur, caspar, upw., 5 mm, 15 cm
rongeur, caspar, upw., 2 mm, 18 cm
rongeur, caspar, upw., 2 mm, 18 cm
rongeur, caspar, upw., 3 mm, 18 cm
rongeur, caspar, upw., 3 mm, 18 cm
rongeur, caspar, upw., 4 mm, 18 cm
rongeur, caspar, upw., 4 mm, 18 cm
rongeur, caspar, upw., 5 mm, 18 cm
rongeur, caspar, upw., 5 mm, 18 cm
rongeur, caspar, upw., 2 mm, 20 cm
rongeur, caspar, upw., 2 mm, 20 cm
rongeur, caspar, upw., 3 mm, 20 cm
rongeur, caspar, upw., 3 mm, 20 cm
rongeur, caspar, upw., 4 mm, 20 cm
rongeur, caspar, upw., 4 mm, 20 cm
rongeur, caspar, upw., 5 mm, 20 cm
rongeur, caspar, upw., 5 mm, 20 cm
rongeur, caspar, downw., 2 mm, 15 cm
rongeur, caspar, downw., 2 mm, 15 cm
rongeur, caspar, downw., 3 mm, 15 cm
rongeur, caspar, downw., 3 mm, 15 cm
rongeur, caspar, downw., 4 mm, 15 cm
rongeur, caspar, downw., 4 mm, 15 cm
rongeur, caspar, downw., 5 mm, 15 cm
rongeur, caspar, downw., 5 mm, 15 cm
rongeur, caspar, downw., 2 mm, 18 cm
rongeur, caspar, downw., 2 mm, 18 cm
rongeur, caspar, downw., 3 mm, 18 cm
rongeur, caspar, downw., 3 mm, 18 cm
rongeur, caspar, downw., 4 mm, 18 cm
rongeur, caspar, downw., 4 mm, 18 cm
rongeur, caspar, downw., 5 mm, 18 cm
rongeur, caspar, downw., 5 mm, 18 cm
rongeur, caspar, downw., 2 mm, 20 cm
rongeur, caspar, downw., 2 mm, 20 cm
rongeur, caspar, downw., 3 mm, 20 cm
rongeur, caspar, downw., 3 mm, 20 cm
rongeur, caspar, downw., 4 mm, 20 cm
rongeur, caspar, downw., 4 mm, 20 cm
rongeur, caspar, downw., 5 mm, 20 cm
rongeur, caspar, downw., 5 mm, 20 cm
rongeur, caspar, str.bayon., 2 mm, 18 cm
rongeur, caspar, str.bayon., 2 mm, 18 cm
rongeur, caspar, str.bayon., 3 mm, 18 cm
rongeur, caspar, str.bayon., 3 mm, 18 cm
rongeur, caspar, str.bayon., 4 mm, 18 cm
rongeur, caspar, str.bayon., 4 mm, 18 cm
rongeur, caspar, str.bayon., 5 mm, 18 cm
rongeur, caspar, str.bayon., 5 mm, 18 cm
rongeur, caspar, upw.bayon., 2 mm, 18cm
rongeur, caspar, upw.bayon., 2 mm, 18cm
rongeur, caspar, upw.bayon., 3 mm, 18cm
rongeur, caspar, upw.bayon., 3 mm, 18cm
rongeur, caspar, upw.bayon., 4 mm, 18cm
rongeur, caspar, upw.bayon., 4 mm, 18cm
rongeur, caspar, upw.bayon., 5 mm, 18cm
rongeur, caspar, upw.bayon., 5 mm, 18cm
rongeur, caspar, upw., 4 mm, 18 cm
rongeur, caspar, upw., 4 mm, 18 cm
rongeur, caspar, upw., 4 mm, 30 cm
rongeur, caspar, upw., 4 mm, 30 cm
rongeur, caspar, downw., 4 mm, 18 cm
rongeur, caspar, downw., 4 mm, 18 cm
rongeur, caspar, downw., 4 mm, 30 cm
rongeur, caspar, downw., 4 mm, 30 cm
rongeur, wagner, upw., 4 mm, 20 cm
rongeur, wagner, upw., 4 mm, 20 cm
rongeur, wagner, upw., 4 mm, 30 cm
rongeur, wagner, upw., 4 mm, 30 cm
rongeur, wagner, downw., 4 mm, 20 cm
rongeur, wagner, downw., 4 mm, 20 cm
rongeur, wagner, downw., 4 mm, 30 cm
rongeur, wagner, downw., 4 mm, 30 cm
rongeur, wagner, strong mod., 3 mm, 20cm
rongeur, wagner, strong mod., 3 mm, 20cm
rongeur, wagner, strong mod., 4 mm, 20cm
rongeur, wagner, strong mod., 4 mm, 20cm
rongeur, wagner, strong mod., 5 mm, 20cm
rongeur, wagner, strong mod., 5 mm, 20cm
rongeur, richter, str., 1 mm, 18 cm
rongeur, richter, str., 1 mm, 18 cm
rongeur, richter, upw., 1 mm, 18 cm
rongeur, richter, upw., 1 mm, 18 cm
rongeur, richter, str., 1,5 mm, 18 cm
rongeur, richter, str., 1,5 mm, 18 cm
rongeur, richter, upw., 1,5 mm, 18 cm
rongeur, richter, upw., 1,5 mm, 18 cm
pitiutary fcps., oldberg, ø 8 mm, 25 cm
tumor seizing forceps, landolt, 27 cm
pitiutary forceps, yasargil, 25.5 cm
pituitary forceps, yasargil,2,2mm,25,5cm
pituit. specula, papav.-caspar, 80x13mm
pituit. specula, papav.-caspar, 90x13mm
pituit. specula, papav.-caspar, 100x13mm
pituit. specula, cush.-landolt, 70x16 mm
pituit. specula, cush.-landolt, 90x16 mm
pituit. specula, cush.-landolt, 110x16mm
soft tissue retractor, set
cheekretractor, ring type
cheekretractor, blade type
soft tissue retractor
soft tissue retractor,only
cheekretractor, ring type,cross drive
cheekretractor, blade type, cross drive
tracheal dilator, laborde, 14 cm
tracheal dilator, trousseau, 14.5 cm
trachea retractor, iterson, sharp, 17 cm
trachea retractor, iterson, blunt, 17 cm
trachea retractor, rose, dbl., 15.5 cm
trachea retractor, luer, double, 11 cm
thymus-retractor, lukens, dbl., 17.5 cm
trachea retractor, jackson, dbl., 18 cm
goitre probe, kocher,  w/o hole, 16 cm
goitre probe, kocher, w. hole, 16 cm
goit. seiz. fcps., lahey, 3x3 t, 15.5 cm
goitre seiz. fcps., lahey, 3x3 t., 20 cm
dissector, breast, bayonet, 34 cm
dissector, breast, bayonet, 37 cm
dissector, breast, hook, 36 cm
retractor, breast, 125x30 mm, 27 cm
retractor, breast, 140x30 mm, 27 cm
elevator, breast, f. mammaplasty, 28 cm
areola marker, blunt, ø 36 mm
areola marker, blunt, ø 40 mm
areola marker, blunt, ø 42 mm
areola marker, blunt, ø 45 mm
adapter, ll/w to ll/w, 7,5 cm
lupus scraper, vidal, 13 cm
lupus curette, fox, str., 3 mm, 14 cm
lupus curette, fox, str., 4 mm, 14 cm
lupus curette, fox, str., 5 mm, 14 cm
lupus curette, fox, str., 6 mm, 14 cm
lupus scoop, wolff, no. 1, 14 cm
lupus scoop, wolff, no. 2, 14 cm
lupus scoop, wolff, no. 3, 14 cm
lupus scoop, wolff, no. 4, 14 cm
lupus scoop, wolff, no. 5, 14 cm
lupus scoop, wolff, no. 6, 14 cm
skin hooklet, kilner, gracile, 14.5 cm
skin hooklet, gillies, no. 1, 18 cm
skin hooklet, gillies, no. 2, 18 cm
face-lift hooklet, kaye, 4-pr., 13 cm
face-lift hooklet, kaye, 5-pr., 13 cm
dermal punch, keyes, w. handle, ø 2 mm
dermal punch, keyes, w. handle, ø 3 mm
dermal punch, keyes, w. handle, ø 4 mm
dermal punch, keyes, w. handle, ø 5 mm
dermal punch, keyes, w. handle, ø 6 mm
dermal punch, keyes, w. handle, ø 7 mm
dermal punch, keyes, w. handle, ø 8 mm
comedone extractor, unna, 14.5 cm
comedone extractor, unna, 14 cm
comedone extractor, saalfeld, 11 cm
comedone extractor, saalfeld, 14.5 cm
comedone extractor, schamberg, 9.5 cm
comedone extractor, katsch, 16 cm
forceps, aiach, str., 5 mm, 16 cm
face-lift forceps, d'assumpcao, 16 cm
facelift marker, pitanguy, 5 mm, 16 cm
st-scissor, fine, sh/sh, str., 11cm
st-scissor, jabaley, fine, str., 13 cm
st-scissor, fine, sh/sh, cvd., 11cm
st-scissor, jabaley, fine, cvd., 13 cm
st-scissor, iris, str., 10,5 cm
st-scissor, iris, str., 11,5 cm
st-scissor, micro-iris, cvd., 9 cm
st-scissor, iris, cvd., 10,5 cm
st-scissor, iris, cvd., 11,5 cm
st-scissor, diss., iris, str., 11,5 cm
st-scissor, diss., knapp, str., 12,5 cm
st-scissor, diss., iris, cvd., 11,5 cm
st-scissor, diss., knapp, cvd., 12,5 cm
st-scissor, stevens, bl/bl, str., 11,5cm
st-scissor, stevens, bl/bl, cvd., 11,5cm
st-scissor, diss., mayo, str., 14,0 cm
st-scissor, diss., mayo, str., 17,0 cm
st-scissor, diss., mayo, cvd., 14,0 cm
st-scissor, diss., mayo, cvd., 17,0 cm
st-scissor, diss., lexer, str., 16 cm
st-scissor, diss., lexer, cvd., 16 cm
st-scissor, diss., mayo-stille, cvd,15cm
st-scissor, diss., mayo-l., cvd,16,5cm
st-scissor, diss., mayo-stille, cvd,17cm
st-scissor, greenberg par, cvd., 11,5 cm
st-scissor, ragnell-kilner, cvd., 13 cm
st-scissor, ragnell-kilner, cvd., 15 cm
st-scissor, ragnell-kilner, cvd., 18 cm
st-scissor, peck-joseph, sh/sh, str,14cm
st-scissor, peck-joseph, sh/sh, cvd,14cm
st-scissor, peck-joseph, bl/bl, str,14cm
st-scissor, peck-joseph, bl/bl, cvd,14cm
st-scissor, diss., fino, sh/sh, str,14cm
st-scissor, diss., fino, sh/sh, cvd,14cm
st-scissor, diss., fino, sh/sh, cvd,18cm
st-scissor, diss., metzenb., str.,11,5cm
st-scissor, diss., metzenbaum, str.,14cm
st-scissor, diss., metzenbaum, str.,18cm
st-scissor, diss., metzenbaum, str.,20cm
st-scissor, diss., metzenb., cvd.,11,5cm
st-scissor, diss., metzenbaum, cvd.,14cm
st-scissor, diss., metzenbaum, cvd.,18cm
st-scissor, diss., metzenbaum, cvd.,20cm
st-scissor, metzenb.-nelson, str., 23 cm
st-scissor, metzenb.-nelson, str., 26 cm
st-scissor, metzenb.-nelson, str., 30 cm
st-scissor, metzenb.-nelson, cvd., 23 cm
st-scissor, metzenb.-nelson, cvd., 26 cm
st-scissor, metzenb.-nelson, cvd., 30 cm
st-scissor, metzenbaum-fino, str.,14 cm
st-scissor, metzenbaum-fino, str.,18 cm
st-scissor, metzenbaum-fino, str.,20 cm
st-scissor, metzenbaum-fino, str.,23 cm
st-scissor, metzenbaum-fino, cvd.,14 cm
st-scissor, metzenbaum-fino, cvd.,18 cm
st-scissor, metzenbaum-fino, cvd.,20 cm
st-scissor, metzenbaum-fino, cvd.,23 cm
st-scissor, metzenbaum-fino, cvd.,26 cm
st-scissor, metzenb.-fino, cvd.,28,5 cm
st-scissor, metzenbaum, s-shape, 18 cm
st-scissor, metzenbaum, s-shape, 20 cm
st-scissor, metzenbaum, s-shape, 23 cm
st-scissor, joseph, sh/sh, str., 15 cm
st-scissor, joseph, sh/sh, cvd., 15 cm
st-scissor, kelly, sh/sh, str., 16 cm
st-scissor, kelly, sh/sh, cvd., 16 cm
st-scissor, toennis-adson, cvd., 18 cm
st-scissor, reynolds-jameson, cvd.,12 cm
st-scissor, reynolds-jameson, cvd.,16 cm
st-scissor, reynolds-jameson, cvd.,18 cm
st-scissor, stevens, cvd., 13 cm
st-scissor, gorney, cvd., 17 cm
st-scissor, gorney, cvd., 19 cm
st-scissor, gorney-freeman, cvd., 17 cm
st-scissor, gorney-freeman, angl., 23 cm
st-scissor, kaye, cvd., 17 cm
st-scissor, kaye, cvd., 23 cm
st-scissor, fox, w. teeth, str., 13 cm
st-scissor, fox, w. teeth, cvd., 13 cm
st-scissor, heymann, angl., 18 cm
st-scissor, aufricht, bl/bl, cvd., 14 cm
st-scissor, fomon, bl/bl, cvd., 12,5 cm
st-scissor, fomon, angl., 13 cm
st-scissor, cottle, angl., 16 cm
st-scissor, dean, angl., 17 cm
aquila-scissor, iris, sh/sh, str,11,5cm
aquila-scissor, iris, sh/sh, cvd,11,5cm
aquila-scissor, diss., mayo, str.,14 cm
aquila-scissor, diss., mayo, str.,17 cm
aquila-scissor, diss., mayo, cvd.,14 cm
aquila-scissor, diss., mayo, cvd.,17 cm
aquila-scissor, diss., lexer, str.,16cm
aquila-scissor, diss., lexer, cvd.,16cm
aquila-scissor, mayo-stille, cvd.,15 cm
aquila-scissor, mayo-stille, cvd.,17 cm
aquila-scissor, metzenbaum, str., 20 cm
aquila-scissor, metzenbaum, str., 23 cm
aquila-scissor, metzenb., s-shape, 18cm
aquila-scissor, metzenb., s-shape, 20cm
aquila-scissor, metzenb., s-shape, 23cm
aquila-scissor, diss., kelly, str.,16cm
aquila-scissor, diss., kelly, cvd.,16cm
aquila-scissor, toennis-adson, cvd,18cm
aquila-scissor, cottle, angl., 16 cm
aquila-scissor, fomon, angl., 13 cm
tc-scissor, kaye, diss., cvd. 17 cm
tc-scissor, kaye, diss., cvd. 19 cm
tc-scissor, kaye, diss., cvd. 23 cm
tc-sciss., gregory, cvd., serr., 14.5 cm
tc-scissors, kaye, cvd., serr., 15 cm
tc-scissors, kaye, cvd., serr., 18 cm
tc-sciss., stella-s, cvd., serr., 18 cm
tc-sciss., gorney, cvd., serr., 17.5 cm
tc-sciss., freem.-k., cvd., serr., 18 cm
tc-sciss., freeman, cvd., serr., 23 cm
tissue fcps., allis-baby, 4x5 t., 13 cm
forceps, tissue, allis, 2x3 t., 15,5 cm
tissue forceps, allis, 4x5 t., 15.5 cm
tissue forceps, allis, 5x6 t., 15.5 cm
tissue forceps, allis, 5x6 t., 19 cm
tissue forceps, allis, 5x6 t., 25.5 cm
atr. tissue forceps, allis, 15.5 cm
atr. tissue forceps, allis, 20 cm
atr. tissue forceps, allis, 24.5 cm
atr. tissue forceps, allis, 30 cm
tissue forceps, allis, 11x12 t., 16 cm
tissue forceps, boys-all, 5x6 t.15.5 cm
tissue forceps, judd, 3x4 t., 15.5 cm
tissue forceps, judd, 3x4 t., 19 cm
tissue forceps, thoms, 6x7 t., 20.5 cm
tissue forceps, allis, 5x6 t., 20 cm
tissue forceps, lockwood, fenest., 20 cm
tissue fcps., williams, fenest., 16.5 cm
tc-tissue forceps, babcock, 16.5 cm
tc-tissue forceps, babcock, 21 cm
tissue forceps, babcock, 15,5 cm
tissue forceps, babcock, 17.5 cm
tissue forceps, babcock, 21 cm
tissue forceps, babcock, 24 cm
atr. tissue forceps, babcock, 16 cm
atr. tissue forceps, babcock, 21 cm
tc-tissue forceps, duval, 20.5 cm
tissue forceps, duval, slim, 18 cm
tissue forceps, duval, slim, 20.5 cm
tissue forceps, duval, wide, 20.5 cm
tissue forceps, duval, wide, 23 cm
intestinal forceps, doyen, str., 21.5 cm
intestinal forceps, doyen, str., 23.5 cm
intestinal forceps, doyen, cvd., 21 cm
intestinal forceps, doyen, cvd., 23 cm
intest. forceps, doyen-baby, str., 18 cm
intest. fcps., doyen-baby, cvd., 17.5 cm
intest. fcps., mayo-robs., str., 21.5 cm
intest. fcps., mayo-robs., str., 23.5 cm
intest. fcps., mayo-robson, cvd., 21 cm
intest. fcps., mayo-robson, cvd., 23 cm
intest. fcps., mayo-robs., str., 25.5 cm
intest. fcps., mayo-robs., cvd., 24.5 cm
int. fcps., kocher, soft, str., 22.5 cm
intest. fcps., kocher, soft, str., 25 cm
intest. fcps., kocher, soft, str., 28 cm
intest. fcps., kocher, soft, cvd., 22 cm
intest. fcps., kocher, soft,cvd.,24,5 cm
intest. fcps., kocher, soft,cvd.,27,5 cm
int. fcps., allen, childe, str., 16 cm
intestinal clamp, payr-baby, 15 cm
intestinal clamp, payr, 21 cm
intestinal clamp, payr, 29 cm
intestinal clamp, payr, 34 cm
intestinal anastom. forceps, 65 mm, set
intestinal anastom. forceps, 80 mm, set
intestinal anastom. forceps, 110 mm, set
clamp closing forceps, 27 cm
clamp holder, 9.5 cm
clamp holder, 23 cm
pylorus spreader, benson, 15.5 cm
stomachtwin clamp, lane, str., 30 cm
stomachtwin clamp, lane, cvd., 30 cm
atr. organ seizing forceps, 18 cm
atr. organ seiz. fcps., scheibe, 20.5 cm
atr. organ seiz. fcps., scheibe, 23 cm
atr. int. fcps., doyen-baby, str., 14 cm
atr. intest. fcps., doyen, str., 17 cm
atr. intest. fcps., doyen, str., 18.5 cm
atr. intest. fcps., doyen, str., 21.5 cm
atr. intest. fcps., doyen, str., 23.5 cm
atr. int. fcps., doyen-b., cvd., 13.5 cm
atr. intest. fcps., doyen, cvd., 17 cm
atr. intest. fcps., doyen, cvd., 18 cm
atr. intest. fcps., doyen, cvd., 21 cm
atr. intest. fcps., doyen, cvd., 23 cm
atr. int. fcps., mayo-robs., str., 26 cm
atr. int. fcps., mayo-robs., cvd., 25 cm
atr. int. fcps., kocher, str., 22.5 cm
atr. intest. fcps., kocher, str., 25 cm
atr. intest. fcps., kocher, str., 28 cm
atr. intest. fcps., kocher, cvd., 22 cm
atr. intest. fcps., kocher, cvd.,24,5 cm
atr. intest. fcps., kocher, cvd., 27 cm
atr. int. fcps., scudder, str., 33.5 cm
atr. int. fcps., scudder, cvd., 32.5 cm
atr. int. fcps., brunner, bayon., 27 cm
atr. rectum forceps, hayes, ang., 27 cm
atr. rectum forceps, hayes, ang., 28 cm
atr. rectum forceps, veidenheimer, 25 cm
atr. resection forceps, fehland, 24 cm
atr. rectum forceps, resano, 28 cm
curval speculum, czerny, 105x23-28 mm
curval speculum, sims, 70x15 mm
curval speculum, sims, fenstr., 70x15 mm
pratt rectal specula, 80x25 mm
anuscope, ives-fansler, ø 22 mm
anal spreader, alan-parks, 2 pair blades
lateral blades, short f. 30-647-00, pair
lateral blades, long f. 30-647-00, pair
center blade, f. spreader 30-647-00
sphincteroscope, kelly, 21x50 mm
sphincteroscope, kelly, 27x50 mm
haemorrhoidal forceps, mcgivney, 19.5 cm
atr. biopsy grasp. forceps, 15 mm, 38 cm
kidney stone fcp., randall, no. 1, 23 cm
kidney stone fcp., randall, no. 2, 21 cm
kidney stone fcp., randall, no. 3, 19 cm
kidney stone fcp., rand., no. 4, 18.5 cm
kidney stone forceps, strong cvd., 16 cm
kidney stone forceps, cvd., 17 cm
bile duct dilator, bakes, 1 mm, 32 cm
bile duct dilator, bakes, 2 mm, 32 cm
bile duct dilator, bakes, 3 mm, 32 cm
bile duct dilator, bakes, 4 mm, 32 cm
bile duct dilator, bakes, 5 mm, 32 cm
bile duct dilator, bakes, 6 mm, 32 cm
bile duct dilator, bakes, 7 mm, 32 cm
bile duct dilator, bakes, 8 mm, 32 cm
bile duct dilator, bakes, 9 mm, 32 cm
bile duct dilator, bakes, 10 mm, 32 cm
bile duct dilator, bakes, 11 mm, 32 cm
bile duct dilator, bakes, 12 mm, 32 cm
bile duct dilator, bakes, 13 mm, 32 cm
gallstone forceps, blake, str., 21 cm
gallstone forceps, blake, cvd., 20,5 cm
gallstone forceps, mayo-b., cvd., 21 cm
gallstone forceps, mixter, cvd., 22 cm
gallstone forceps, desjardins, no. 1
gallstone forceps, desjardins, no. 2
gall stone fcps. fine cvd. 24 cm
gallstone scoop, no. 000, 2.7 mm, 32 cm
gallstone scoop, no. 00, 3.4 mm, 32 cm
gallstone scoop, no. 0, 4.3 mm, 32 cm
gallstone scoop, no. 1, 5.5 mm, 32 cm
gallstone scoop, no. 2, 6.6 mm, 32 cm
gallstone scoop, no. 3, 8.0 mm, 32 cm
gallstone scoop, no. 4, 11 mm, 32 cm
gallstone scoop, no. 5, 15 mm, 32 cm
prostate retractor, young, slim, 22 cm
prostate retract., young, bulb, 22 cm
prostate retractor, young, forked, 23 cm
atr. capsule forceps, millin, 24.5 cm
atr. capsule forceps, millin, 22.5 cm
capsule forceps, millin, 24.5 cm
capsule forceps, millin, 9x10 t., 22 cm
vesical neck spreader, millin, 29.5 cm
bladder retractor, judd-mason
bladder retractor, millin, complete
blade only, 57x25 mm, pair
blade only, 80x25 mm
center blade, 120x45 mm, w/o f. o.
urethral bougies, v. buren, 8-36 ch
urethral bougie, v. buren, 8 ch, 27 cm
urethral bougie, v. buren, 10 ch, 27 cm
urethral bougie, v. buren, 12 ch, 27 cm
urethral bougie, v. buren, 14 ch, 27 cm
urethral bougie, v. buren, 16 ch, 27 cm
urethral bougie, v. buren, 18 ch, 27 cm
urethral bougie, v. buren, 20 ch, 27 cm
urethral bougie, v. buren, 22 ch, 27 cm
urethral bougie, v. buren, 24 ch, 27 cm
urethral bougie, v. buren, 26 ch, 27 cm
urethral bougie, v. buren, 28 ch, 27 cm
urethral bougie, v. buren, 30 ch, 27 cm
urethral bougie, v. buren, 32 ch, 27 cm
urethral bougie, v. buren, 34 ch, 27 cm
urethral bougie, v. buren, 36 ch, 27 cm
urethral bougie, guyon, 10 ch, 26.5 cm
urethral bougie, guyon, 11 ch, 26.5 cm
urethral bougie, guyon, 12 ch, 26.5 cm
urethral bougie, guyon, 13 ch, 26.5 cm
urethral bougie, guyon, 14 ch, 26.5 cm
urethral bougie, guyon, 15 ch, 26.5 cm
urethral bougie, guyon, 16 ch, 26.5 cm
urethral bougie, guyon, 17 ch, 26.5 cm
urethral bougie, guyon, 18 ch, 26.5 cm
urethral bougie, guyon, 19 ch, 26.5 cm
urethral bougie, guyon, 20 ch, 26.5 cm
urethral bougie, guyon, 21 ch, 26.5 cm
urethral bougie, guyon, 22 ch, 26.5 cm
urethral bougie, guyon, 23 ch, 26.5 cm
urethral bougie, guyon, 24 ch, 26.5 cm
urethral bougie, guyon, 25 ch, 26.5 cm
urethral bougie, guyon, 26 ch, 26.5 cm
urethral bougie, guyon, 27 ch, 26.5 cm
urethral bougie, guyon, 28 ch, 26.5 cm
urethral bougie, guyon, 29 ch, 26.5 cm
urethral bougie, guyon, 30 ch, 26.5 cm
catheter f. women, cvd., 12 ch, 15 cm
catheter f. women, cvd., 14 ch, 15 cm
circumcision instrument, ø 8 mm
circumcision instrument, ø 11 mm
circumcision instrument, ø 13 mm
circumcision instrument, ø 16 mm
circumcision instrument, ø 21 mm
circumcision instrument, ø 26 mm
circumcision instrument, ø 32 mm
circumcision instrument, mogen, 7.5 cm
foreign body fcps., mathieu, shaft 20 cm
foreign body fcps., mathieu, shaft 30 cm
penis clamp, stockmann, 8 cm
penis clamp, w. rubber coat., 11 cm
vaginal speculum, cusco, 75x32 mm
vaginal speculum, cusco, 85x37 mm
vaginal speculum, cusco, 100x35 mm
vaginal speculum, cusco, 75x18 mm
vaginal speculum, cusco, 90x22 mm
vaginal speculum, cusco, 100x25 mm
vaginal speculum, cusco, 105x27 mm
vaginal speculum, cusco, 75x34 mm
vaginal speculum, cusco, 85x37 mm
vaginal speculum, cusco, 100x37 mm
vaginal speculum, collin, 85x30 mm
vaginal speculum, collin, 100x35 mm
vaginal speculum, collin, 110x40 mm
vaginal speculum, pederson, 75x13 mm
vaginal speculum, pederson, 100x24 mm
vaginal speculum, pederson, 120x26 mm
vaginal speculum, grave, 75x20 mm
vaginal speculum, grave, 95x35 mm
vaginal speculum, grave, 115x35 mm
vaginal speculum, semm, 100x20-25 mm
vaginal speculum, semm, 100x27-35 mm
vaginal speculum, guttmann, 90x35 mm
vaginal speculum, sims, 65x25/70x30 mm
vaginal speculum, sims, 70x30/80x35 mm
vaginal speculum, sims, 85x35/90x40 mm
vaginal speculum, jackson, 75x38 mm
vaginal speculum, jackson, 90x38 mm
vaginal speculum, jackson, 100x38 mm
vaginal speculum, kristeller, 70x27 mm
vaginal speculum, kristeller, 80x30 mm
vaginal speculum, kristeller, 90x36 mm
vaginal retractor, kristeller, 75x23 mm
vaginal retractor, kristeller, 85x26 mm
vaginal retractor, kristeller, 100x32 mm
vaginal speculum, kristeller, set, no. 1
vaginal speculum, kristeller, set, no. 2
vaginal speculum, kristeller, set, no. 3
vaginal speculum, kristeller, 105x18 mm
vaginal speculum, kristeller, 105x21 mm
vaginal retractor, kristeller, 110x14 mm
vaginal retractor, kristeller, 110x17 mm
vaginal speculum, kristeller, set, no. 1
vaginal speculum, kristeller, set, no. 2
vaginal speculum, flat, 105x26 mm
vaginal speculum, flat, 105x28 mm
vaginal speculum, flat, 105x33 mm
vaginal retractor, kristeller, 115x22 mm
vaginal retractor, kristeller, 115x24 mm
vaginal retractor, kristeller, 115x29 mm
vaginal speculum, kristeller, set, no. 1
vaginal speculum, kristeller, set, no. 2
vaginal speculum, kristeller, set, no. 3
vaginal speculum, kristeller, 110x28 mm
vaginal speculum, kristeller, 110x30 mm
vaginal speculum, kristeller, 110x36 mm
vaginal retractor, kristeller, 115x23 mm
vaginal retractor, kristeller, 115x26 mm
vaginal retractor, kristeller, 115x32 mm
vaginal speculum, kristeller, set, no. 1
vaginal speculum, kristeller, set, no. 2
vaginal speculum, kristeller, set, no. 3
vaginal speculum, kallmorgen, 70x40 mm
vaginal speculum, kallmorgen, 90x40 mm
vaginal retractor, kallmorgen, 70x37 mm
vaginal retractor, kallmorgen, 90x37 mm
vaginal speculum, kallmorgen, set, no. 1
vaginal speculum, kallmorgen, set, no. 2
retractor, vaginal, doyen, 58x35 mm
retractor, vaginal, doyen, 88x35 mm
retractor, vaginal, doyen, 118x35 mm
retractor, vaginal, doyen, 66x47 mm
retractor, vaginal, doyen, 95x47 mm
retractor, vaginal, doyen, 120x47 mm
retractor, vaginal, doyen, 165x47 mm
vaginal retractor, doyen, 55x60 mm
retractor, vaginal, doyen, 85x60 mm
retractor, vaginal, doyen, 115x60 mm
speculum, vaginal, doyen, 160x60 mm
speculum, vaginal, doyen, 200x60 mm
vaginal retractor, scherbak, complete
retractor blade, scherbak, 80x30 mm
retractor blade, scherbak, 85x35 mm
retractor blade, scherbak, 90x40 mm
retractor blade, scherbak, 58x40-60 mm
retractor blade, scherbak, 70x45-70 mm
weight, only, 400 gr., f. 32-302-00
weight, only, 800 gr., f. 32-302-00
handle, only, f. 32-302-00
vaginal speculum, auvard, 75x43 mm
vaginal speculum, weissbarth, 80x42 mm
strainer, only, f. 32-314-24
vaginal retractor, breisky, 100x20 mm
vaginal retractor, breisky, 100x25 mm
vaginal retractor, breisky, 100x30 mm
vaginal retractor, breisky, 100x35 mm
vaginal retractor, breisky, 100x40 mm
vaginal retractor, breisky, 130x20 mm
vaginal retractor, breisky, 130x25 mm
vaginal retractor, breisky, 130x30 mm
vaginal retractor, breisky, 130x35 mm
vaginal retractor, breisky, 130x40 mm
vaginal retractor, breisky, 160x40 mm
vaginal retract., doyen, 70x30 mm, 25 cm
endo speculum, kogan, 24.5 cm
endo speculum, kogan, w. lock, 24.5 cm
uterine dilator, hegar, 1.0 mm, 18.5 cm
uterine dilator, hegar, 2.0 mm, 18.5 cm
uterine dilator, hegar, 3.0 mm, 18.5 cm
uterine dilator, hegar, 4.0 mm, 18.5 cm
uterine dilator, hegar, 5.0 mm, 18.5 cm
uterine dilator, hegar, 6.0 mm, 18.5 cm
uterine dilator, hegar, 7.0 mm, 18.5 cm
uterine dilator, hegar, 8.0 mm, 18.5 cm
uterine dilator, hegar, 9.0 mm, 18.5 cm
uterine dilator, hegar, 10.0 mm, 18.5 cm
uterine dilator, hegar, 11.0 mm, 18.5 cm
uterine dilator, hegar, 12.0 mm, 18.5 cm
uterine dilator, hegar, 13.0 mm, 18.5 cm
uterine dilator, hegar, 14.0 mm, 18.5 cm
uterine dilator, hegar, 15.0 mm, 18.5 cm
uterine dilator, hegar, 16.0 mm, 18.5 cm
uterine dilator, hegar, 17.0 mm, 18.5 cm
uterine dilator, hegar, 18.0 mm, 18.5 cm
uterine dilator, hegar, 19.0 mm, 18.5 cm
uterine dilator, hegar, 20.0 mm, 18.5 cm
uterine dilator, hegar, 21.0 mm, 18.5 cm
uterine dilator, hegar, 22.0 mm, 18.5 cm
uterine dilator, hegar, 23.0 mm, 18.5 cm
uterine dilator, hegar, 24.0 mm, 18.5 cm
uterine dilator, hegar, 25.0 mm, 18.5 cm
uterine dilator, hegar, 26.0 mm, 18.5 cm
uterine dilators, hegar, set, 4-17 mm
uterine dilators, hegar, set, 1-26 mm
uterine dilator, hegar, 1.5 mm, 18.5 cm
uterine dilator, hegar, 2.5 mm, 18.5 cm
uterine dilator, hegar, 3.5 mm, 18.5 cm
uterine dilator, hegar, 4.5 mm, 18.5 cm
uterine dilator, hegar, 5.5 mm, 18.5 cm
uterine dilator, hegar, 6.5 mm, 18.5 cm
uterine dilator, hegar, 7.5 mm, 18.5 cm
uterine dilator, hegar, 8.5 mm, 18.5 cm
uterine dilator, hegar, 9.5 mm, 18.5 cm
uterine dilator, hegar, 10.5 mm, 18.5 cm
uterine dilator, hegar, 11.5 mm, 18.5 cm
uterine dilator, hegar, 12.5 mm, 18.5 cm
uterine dilator, hegar, 13.5 mm, 18.5 cm
uterine dilator, hegar, 14.5 mm, 18.5 cm
uterine dilator, hegar, 15.5 mm, 18.5 cm
uterine dilator, hegar, 16.5 mm, 18.5 cm
uterine dilator, hegar, 17.5 mm, 18.5 cm
uterine dilator, hegar, double, 1/2 mm
uterine dilator, hegar, double, 3/4 mm
uterine dilator, hegar, double, 5/6 mm
uterine dilator, hegar, double, 7/8 mm
uterine dilator, hegar, double, 9/10 mm
uterine dilator, hegar, double, 11/12 mm
uterine dilator, hegar, double, 13/14 mm
uterine dilator, hegar, double, 15/16 mm
uterine dilator, hegar, double, 17/18 mm
uterine dilator, hegar, double, 19/20 mm
uterine dilator, hegar, double, 21/22 mm
uterine dilator, hegar, double, 23/24 mm
uterine dilator, hegar, double, 25/26 mm
uterine dilator, hegar, double, set
uterine dilator, hegar, double, set
uterine dilator, hank, double, 4.5/5 mm
uterine dilator, hank, double, 5.5/6 mm
uterine dilator, hank, double, 6.5/7 mm
uterine dilator, hank, double, 7.5/8 mm
uterine dilator, hank, double, 8.5/9 mm
uterine dilator, hank, double, 9.5/10 mm
uterine dilator, hank, double, set
uterine probe, sims, rigid, 33 cm
uterine probe, sims, malleable, 33 cm
uterine probe, valleix, 25,5 cm
uterine depressor, braun, 27 cm
tenac. fcps., schroeder, 1x1 t., 25.5 cm
tenaculum forceps, braun, 1x1 t., 26 cm
tenaculum forceps, duplay, s-sh., 28 cm
amniotome, beacham, 26 cm
tenac. fcps., skene, 1x1 t., cvd., 24 cm
tenaculum forceps, str., 2x2 t., 25 cm
tenaculum forceps, cvd., 2x2 t., 25 cm
tenac. fcps., teale, cvd., 4x5 t., 23 cm
tenac. fcps., iowa, 5x6 t., cvd., 26 cm
tenac. fcps., museux, 7 mm, 2x2 t., 24cm
tenac. fcps., museux, 9 mm, 2x2 t., 24cm
tenac. fcps., museux, 10mm, 2x2 t., 24cm
tenac. fcps., jacobs, str., 2x2 t., 21cm
tenaculum forceps, 4x4 t., 26.5 cm
tenaculum forceps, braun, 4x4 t., 16 cm
tenaculum forceps, czerny, 4x4 t., 21 cm
uterine polypus forceps, kelly, 31.5 cm
uterine polypus forceps, noto, 27 cm
uter. pol. forceps, heywood-smith, 26 cm
screw, myoma, doyen, spiral ø15 mm, 17cm
screw, myoma, doyen, spiral ø25 mm, 17cm
myoma knife, segond, 13 mm, 28 cm
uterine elev. forceps, dartigues, 27 cm
uterine elev. fcps., somer, cvd., 22.5cm
uterine elevat. forceps, collin, 26 cm
fistula hook, emmett, no. 3, ang., 23 cm
fistula hook, simon, 1-prong, 21.5 cm
suction curette, novak, ø4mm ,l/l,24.5cm
uterine biopsy curette, kevorkian, 30 cm
biopsy curette, munich-type, 27 cm
biopsy forceps, gellhorn, 24 cm
biopsy forceps, faure, 21 cm
biopsy forceps, schubert, 21.5 cm
biopsy forceps, schubert, 28 cm
biopsy forceps, thoms-gaylor, 21 cm
biopsy forceps, thoms-gaylor, 24 cm
biopsy forceps, schubert, 24 cm
biopsy forceps, van doren, 27 cm
biopsy forceps, van doren, 25.5 cm
biopsy forceps, alexander, 28 cm
cervical biopsy fcps., kevorkian, 25 cm
biopsy forceps, schumacher, 24 cm
biopsy forceps, schumacher, compl.
tip, only, f. biopsy forceps 32-865-00
iup-removal fcps., flex, ø 3.0 mm, 27 cm
iup-removal fcps., flex, ø 3.0 mm, 32 cm
uterine scoop, simon, no. 1, 23 cm
uterine scoop, simon, no. 2, 23.5 cm
uterine scoop, simon, no. 3, 24 cm
uterine scoop, simon, no. 4, 24 cm
uterine scoop, simon, no. 5, 24 cm
uterine scoop, simon, no. 6, 24 cm
uterine scoop, schroeder, no. 1, 30 cm
uterine scoop, schroeder, no. 2, 30 cm
uterine scoop, schroeder, no. 3, 30 cm
uterine scoop, schroeder, no. 4, 30 cm
uterine scoop, schroeder, no. 5, 30 cm
uterine scoop, schroeder, no. 6, 30 cm
curette, double. blake, sh/bl, 8/13 mm
uter. curette, 5 mm, sh., rig., 30 cm
uter. curette, 6 mm, sh., rig., 30.5 cm
uter. curette, 7 mm, sh., rig., 30.5 cm
uter. curette, 8 mm, sh., rig., 30.5cm
uter. curette, 9 mm, sh., rig., 31 cm
uter. curette, 11 mm, sh., rig., 31 cm
uter. curette, 12 mm, sh., rig., 31.5 cm
uter. curette, 14 mm, sh., rig., 31.5 cm
uter. curette, 15 mm, sh., rig., 32 cm
uter. curette, 16 mm, sh., rig., 32 cm
uter. curette, 19 mm, sh., rig., 32 cm
uter. curette, 20 mm, sh., rig., 32 cm
uter. curette, 21 mm, sh., rig., 32 cm
uter. curette, 23 mm, sh., rig., 32 cm
uter. curette, 25 mm, sh., rig., 34 cm
uter. curette, 30 mm, sh., rig., 34.5 cm
uter. curette, 35 mm, sh., rig., 34.5 cm
uter. curette, 40 mm, sh., rig., 35 cm
uter. curette, 5 mm, sh., mall., 30 cm
uter. curette, 6 mm, sh., mall., 30 cm
uter. curette, 7 mm, sh., mall., 30.5 cm
uter. curette, 8 mm, sh., mall., 30.5 cm
uter. curette, 9 mm, sh., mall., 31 cm
uter. curette, 11 mm, sh., mall, 31.5 cm
uter. curette, 12 mm, sh., mall, 31.5 cm
uter. curette, 14 mm, sh., mall, 31.5 cm
uter. curette, 15 mm, sh., mall., 32 cm
uter. curette, 16 mm, sh., mall., 32 cm
uter. curette, 19 mm, sh., mall., 32 cm
uter. curette, 20 mm, sh., mall., 32 cm
uter. curette, 21 mm, sh., mall., 32 cm
uter. curette, 23 mm, sh., mall., 32 cm
uter. curette, 25 mm, sh., mall., 34 cm
uter. curette, 30 mm, sh., mall, 34.5 cm
uter. curette, 35 mm, sh., mall, 34.5 cm
uter. curette, 40 mm, sh., mall., 35 cm
uter. curette, greene, 10 mm, 28 cm
uterine curette, greene, 12 mm, 28 cm
uterine curette, greene, 14 mm, 28 cm
uter. curette, 5 mm, bl., rig., 30 cm
uter. curette, 6 mm, bl., rig., 30.5 cm
uter. curette, 7 mm, bl., rig., 30.5 cm
uter. curette, 8 mm, bl., rig., 30.5 cm
uter. curette, 9 mm, bl., rig., 31 cm
uter. curette, 11 mm, bl., rig., 31 cm
uter. curette, 12 mm, bl., rig., 31 cm
uter. curette, 14 mm, bl., rig., 31 cm
uter. curette, 15 mm, bl., rig., 31 cm
uter. curette, 16 mm, bl., rig., 31 cm
uter. curette, 19 mm, bl., rig., 31 cm
uter. curette, 20 mm, bl., rig., 31 cm
uter. curette, 21 mm, bl., rig., 31 cm
uter. curette, 23 mm, bl., rig., 31 cm
uter. curette, 25 mm, bl., rig., 33.5 cm
uter. curette, 30 mm, bl., rig., 33.5 cm
uter. curette, 35 mm, bl., rig., 34.5 cm
uter. curette, 40 mm, bl., rig., 35.5 cm
uter. curette, 5 mm, bl., mall., 30 cm
uter. curette, 6 mm, bl., mall., 30.5 cm
uter. curette, 7 mm, bl., mall., 30.5 cm
uter. curette, 8 mm, bl., mall., 30.5 cm
uter. curette, 9 mm, bl., mall., 31 cm
uter. curette, 11 mm, bl., mall., 31 cm
uter. curette, 12 mm, bl, mall., 31.5 cm
uter. curette, 14 mm, bl, mall., 31.5 cm
uter. curette, 15 mm, bl., mall., 32 cm
uter. curette, 16 mm, bl., mall., 31 cm
uter. curette, 19 mm, bl., mall., 31 cm
uter. curette, 20 mm, bl., mall., 31 cm
uter. curette, 21 mm, bl., mall., 31 cm
uter. curette, 23 mm, bl., mall., 33 cm
uter. curette, 25 mm, bl, mall., 33.5 cm
uter. curette, 30 mm, bl., mall., 34 cm
uter. curette, 35 mm, bl, mall., 34.5 cm
uter. curette, 40 mm, bl, mall., 35.5 cm
suction curette, ø 3.0 mm, 29 cm
suction curette, ø 4.5 mm, 29 cm
suction curette, ø 6.0 mm, 29 cm
suction curette, ø 8.0 mm, 29 cm
suction curette, ø 10.0 mm, 29 cm
suction curette, ø 12.0 mm, 29 cm
suction curette, ø 14.0 mm, 29 cm
connecting piece, angled, 11 cm
pelvimeter, martin, inches & cm, 35 cm
obstetrical forceps, naegele, 36.5 cm
obstetrical forceps, naegele, 40.5 cm
obstetrical forceps, simpson, 30.5 cm
obstetrical forceps, wrigley, 28 cm
obstetrical forceps, simpson, 36.5 cm
obstetrical forceps, kielland, 41 cm
obstetrical forceps, piper, 44.5 cm
haemost. forceps, green-armytage, 21 cm
obstetric lever, sellheim, 32 cm
ovum forceps, saenger, str., 27.5 cm
ovum forceps, saenger, cvd., 27 cm
ovum forceps, winter, str., n. 1, 28 cm
ovum forceps, winter, str., n. 2, 28 cm
ovum forceps, winter, cvd., n. 1, 28 cm
ovum forceps, winter, cvd., n. 2, 28 cm
ovum curette, cuzzi, 17 mm, 30 cm
ovum curette, cuzzi, 20 mm, 30 cm
ovum curette, cuzzi, 23 mm, 30 cm
ovum curette, pestalozza, 30.5 cm
umbilical cord clamp, collin, 8.5 cm
caliper, castroviejo, 0-15 mm, 8 cm
caliper, castrov., str., 0-20 mm, 8 cm
caliper, castrov.-schach., cvd., 0-20 mm
caliper, castrov.-epker, 0-40 mm, 9 cm
caliper, castrov.-epker, 0-40 mm, 18 cm
castroviejo-epker caliper curved
probe, bowman, cyl., fig. 00/0
probe, bowman, cyl., fig. 0/1
probe, bowman, cyl., fig. 1/2
probe, bowman, cyl., fig. 2/3
probe, bowman, cyl., fig. 3/4
probe, bowman, cyl., fig. 4/5
probe, bowman, cyl., fig. 5/6
probe, bowman, cyl., fig. 6/7
probe, bowman, cyl., fig. 7/8
probe, bowman, button fig. 00/0
probe, bowman, button fig. 0/1
probe, bowman, button fig. 1/2
probe, bowman, button fig. 2/3
probe, bowman, button fig. 3/4
probe, bowman, button fig. 4/5
probe, bowman, button fig. 5/6
probe, bowman, button fig. 6/7
probe, bowman, button fig. 7/8
forceps, castroviejo, 0.9mm, 10.5cm
micro-ear forceps, str., 4x0.8 mm
micro-ear forceps, str., smooth, 4x0.8mm
micro-ear forceps, str., 4x0.8 mm
micro-ear forceps, str., 4x0.8 mm
micro-ear forceps, cvd. up, 4x0.8 mm
micro-ear forceps, cvd. up, 4x0.8 mm
micro-ear forceps, r., 4x0.8 mm
micro-ear forceps, r., 4x0.8 mm
micro-ear forceps, l., 4x0.8 mm
micro-ear forceps, l., 4x0.8 mm
mini-alligator forceps, mcgee, smooth
mini-alligator forceps, mcgee, smooth
mini-alligator forceps, mcgee, serrated
mini-alligator forceps, mcgee, serrated
micro-ear forceps, str., 4x0.6 mm
micro-ear forceps, str., smooth, 4x0.6mm
micro-ear forceps, str., 4x0.6 mm
micro-ear forceps, str., 4x0.6 mm
micro-cup shaped forceps, str., 4x0.9 mm
micro-cup shaped forceps, str., 4x0.9mm
micro-cup shaped forceps, cvd., 4x0.9 mm
micro-cup shaped forceps, cvd., 4x0.9mm
micro-cup shaped forceps, r., 4x0.9 mm
micro-cup shaped forceps, r., 4x0.9 mm
micro-cup shaped forceps, l., 4x0.9 mm
micro-cup shaped forceps, l., 4x0.9 mm
micro-cup shaped fcps., str., 3.5x0.5 mm
micro-cup shaped fcps., str., 3.5x0.7 mm
micro-cup shaped fcps., cvd., 3.5x0.5 mm
micro-cup sharped fcps., cvd., 3.5x0.7 m
micro-cup shaped fcps., r., 3.5x0.5 mm
micro-cup shaped fcps., r., 3.5x0.7 mm
micro-cup shaped fcps., l., 3.5x0.5 mm
micro-cup shaped fcps., l., 3.5x0.7 mm
micro-ear scissors, belluci, str., 4 mm
micro-ear scissors, bellucci, str., 4mm
micro-ear scissors, belluci, cvd., 4 mm
micro-ear scissors, bellucci, cvd., 4mm
micro-ear scissors, belluci, r., 4 mm
micro-ear scissors, bellucci, r., 4mm
micro-ear scissors, belluci, l., 4 mm
micro-ear scissors, bellucci, l., 4mm
mic.-ear scissors, wullstein, str., 4 mm
micro-ear scissors, wullst., str., 4mm
micro-ear sciss., wullst., cvd. up, 4 mm
micro-ear sciss., wullst., cvd. up, 4mm
mic.-ear scissors, wullstein, r., 4 mm
micro-ear scissors, wullst., r., 4 mm
mic.-ear scissors, wullstein, l., 4 mm
micro-ear scissors, wullst, l., 4 mm
wire closing forceps, mcgee, 3.5x0.8 mm
wire closing forceps, mcgee, 3.5x0.8 mm
wire closing forceps, mcgee, 6x0.8 mm
wire closing forceps, mcgee, 6x0.8 mm
malleus nipper, upwards, 1.3 mm
malleus nipper, upwards, 1.5 mm
malleus nipper, downwards, 1.3 mm
malleus nipper, downwards, 1.5 mm
malleus nipper, right, 1.3 mm
malleus nipper, right, 1.5 mm
malleus nipper, left, 1.3 mm
malleus nipper, left, 1.5 mm
introducing forceps, fuller
introducing forceps, fuller
sickle knife, schuknecht, ang.,  15.5 cm
sickle knife, wullstein, str., 15.5 cm
mucous knife, tabb, 15.5 cm
flap knife, plester, 2.5 mm, 16 cm
round cutt. knife, rosen, 3.0 mm, 16 cm
round cutt. knife, rosen,  2.8 mm, 16 cm
round cutt. knife, rosen,  2.6 mm, 16 cm
round cutt. knife, rosen, 2.0 mm, 16 cm
round cutt. knife, rosen, 1.6 mm, 16 cm
round cutt. knife, rosen, 1.4 mm, 16 cm
round cutt. knife, rosen, 1.0 mm, 16 cm
needle, barbara, str., 16 cm
needle, barbara, cvd., blunt, 16 cm
needle, barbara, slight cvd., 16 cm
needle, rosen, strong cvd., 16 cm
hooklet, barbara, 25°, 0.3 mm, 16 cm
hooklet, barbara, 25°, 0.6 mm, 16 cm
hooklet, barbara, 25°, 1.0 mm, 16 cm
hooklet, barbara, 45°, 0.3 mm, 16 cm
hooklet, barbara, 45°, 0.6 mm, 16 cm
hooklet, barbara, 45°, 1.0 mm, 16 cm
hooklet, barbara, 45°, 1.2 mm, 16 cm
hooklet, barbara, 45°, 1.5 mm, 16 cm
hooklet, barbara, 45°, 2.0 mm, 16 cm
hooklet, barbara, 45°, 2.5 mm, 16 cm
hooklet, barbara, 90°, 0.3 mm, 16 cm
hooklet, barbara, 90°, 0.6 mm, 16 cm
hooklet, barbara, 90°, 1.0 mm, 16 cm
hooklet, barbara, 90°, 1.2 mm, 16 cm
hooklet, barbara, 90°, 1.5 mm, 16 cm
hooklet, barbara, 90°, 2.0 mm, 16 cm
hooklet, barbara, 90°, 2.5 mm, 16 cm
hooklet, barbara, cvd., 0.5 mm, 16 cm
hooklet, barbara, cvd., 1.0 mm, 16 cm
hooklet, 0.3 mm, 90° cvd. up, 15.5 cm
hooklet, 0.6 mm, 90° cvd. up, 15.5 cm
hooklet, 1.0 mm, 90° cvd. up, 15.5 cm
hooklet, 0.3 mm, 90° cvd. down, 15.5 cm
hooklet, 0.6 mm, 90° cvd. down, 15.5 cm
hooklet, 1.0 mm, 90° cvd. down, 15.5 cm
hooklet, 0.5 mm, cvd. up, 15.5 cm
hooklet, 1.0 mm, cvd. up, 15.5 cm
hooklet, 0.5 mm, cvd. down, 15.5 cm
hooklet, 1.0 mm, cvd. down, 15.5 cm
needle, barbara, ang., 15.5 cm
needle, barbara, ang., cvd., 15.5 cm
micro ear hook, 25°, 0.3 mm, 15 cm
micro ear hook, 25°, 0.6 mm, 15 cm
micro ear hook, shamb., 1.0 mm, 15 cm
micro ear hook, 45°, 0.3 mm, 15 cm
micro ear hook, 45°, 0.6 mm, 15 cm
micro ear hook, shambaugh, 1.0 mm, 15 cm
exploring hook, shea, 45°, 2.0 mm, 15 cm
atticus dissector, austin, 3.0 mm, 15 cm
dissector, fisch, right, cvd., 15 cm
dissector, fisch, left, cvd., 15 cm
dissector, fisch, right, ang., 15.5 cm
dissector, fisch, left, ang., 15.5 cm
micro raspatory, rosen, cvd. 1.2 mm
measuring probe, up to 3.5 mm, 15.5 cm
measuring probe, up to 4.0 mm, 15.5 cm
measuring probe, up to 4.5 mm, 15.5 cm
ear curette, house, 1.0/1.2 mm, 14.5 cm
ear curette, house, 1.5/1.8 mm, 14.5 cm
ear curette, house, 1.0/1.2 mm, 14.5 cm
ear specula-set, hartmann, no. 0 - 2
ear speculum, hartmann, no. 0, ø 3.0 mm
ear speculum, hartmann, no. 1, ø 4.0 mm
ear speculum, hartmann, no. 2, ø 5.0 mm
ear speculum, hartmann, no. 3, ø 6.0 mm
ear speculum, hartmann, no. 4, ø 7.5 mm
ear specula-set, hartmann, no. 2 - 4
ear specula-set, hartmann, no. 1 - 4
ear specula-set, toynbee, no. 2 - 4
ear speculum, toynbee, no. 1, ø 4.0 mm
ear speculum, toynbee, no. 2, ø 5.0 mm
ear speculum, toynbee, no. 3, ø 6.0 mm
ear speculum, toynbee, no. 4, ø 7.5 mm
ear specula-set, toynbee, no. 1-4
ear speculum, farrior, no. 1, ø 5.5 mm
ear speculum, farrior, no. 2, ø 6.5 mm
ear speculum, farrior, no. 3, ø 7.5 mm
ear speculum, farrior, no. 4, ø 8.5 mm
ear speculum, farrior, no. 5, ø 9.5 mm
ear speculum, farrior, no. 6, ø 10.5 mm
ear speculum, farrior, no. 7, ø 11.5 mm
metal rack f. 12 ear specula
nasal fcps., henckel-tilley, 6.5mm, 11cm
eustach. cathet., hartmann, no. 1, 15 cm
eustach. cathet., hartmann, no. 2, 15 cm
eustach. cathet., hartmann, no. 3, 15 cm
ear polypus snare, krause, 18.5 cm
ear polypus snare, krause-voss, 18.5 cm
snare wire, ø 0.3 mm, ring of 10 meter
ear dress. forceps, troeltsch, 10.5 cm
ear dress. forceps, troeltsch, 11 cm
ear forceps, troeltsch, bulld., 12.5 cm
ear forceps, gruenwald, bayon., 14.5 cm
ear dress. fcps., jansen, bayo., 16 cm
ear dress. fcps., jansen, bayo., 21.5 cm
ear polypus fcps., hartmann, fine, 12 cm
ear polypus forcpes, hartmann, 14 cm
foreign body forceps, buck, 11.5 cm
ear polypus fcps., hartmann-wulls., 8 cm
ear polypus fcps., hartmann-wulls., 1 mm
ear polypus forcpes, hartmann, 8 cm
ear polypus forcpes, hartmann, 14 cm
ear fcps., spoon-sha., hartmann, 2.0 mm
ear fcps., spoon-sha., hartmann, 2.5 mm
ear fcps., spoon-sha., hartmann, 3.0 mm
ear polypus forceps, hartmann, 3.0 mm
ear polypus forceps, struempel, 8 cm
ear polyp. forceps, hartm.-hoff., 2.0 mm
bone punch, citelli, 3 mm
bone punch, beyer, 2 mm
bone punch, beyer, 1 mm
ear curette, shapleigh, no. 1, 15 cm
ear curette, shapleigh, no. 2, 15 cm
ear curette, buck, str., blunt, no. 00
ear curette, buck, str., blunt, no. 0
ear curette, buck, str., blunt, no. 1
ear curette, buck, str., blunt, no. 2
ear curette, buck, cvd., blunt, no. 000
ear curette, buck, cvd., blunt, no. 00
ear curette, buck, cvd., blunt, no. 0
ear curette, buck, cvd., blunt, no. 1
ear curette, buck, cvd., blunt, no. 2
ear curette, buck, cvd., blunt, no. 3
ear curette, buck, cvd., blunt, no. 4
ear curette, buck, cvd., sharp, no. 000
ear curette, buck, cvd., sharp, no. 00
ear curette, buck, cvd., sharp, no. 0
ear curette, buck, cvd., sharp, no. 1
ear curette, buck, cvd., sharp, no. 2
ear curette, buck, cvd., sharp, no. 3
ear curette, buck, cvd., sharp, no. 4
ear curette, double, jansen, sh., 16 cm
curette/hooklet, large, bl., 12,5 cm
foreign body loop, weber, 16 cm
ear loop, billeau, no. 1, 16.5 cm
ear loop, billeau, no. 2, 16.5 cm
ear loop, billeau, no. 3, 16.5 cm
foreign body lever, zaufal, 16 cm
ear hooklet, hartmann, sharp, 16 cm
hooklet, probe-end, lucae, no. 1, 14 cm
hooklet, probe-end, lucae, no. 2, 14 cm
hooklet, probe-end, lucae, no. 3, 14 cm
hook, probe-end, wagener, no. 1, 14 cm
hook, probe-end, wagener, no. 2, 14 cm
hook, probe-end, wagener, no. 3, 14 cm
hook, probe-end, wagener, no. 4, 14 cm
hook, probe-end, wagener, no. 5, 14 cm
hooklet wagener, cvd., sh., no. 6, 14 cm
hooklet wagener, cvd., bl., no. 7, 14 cm
ear hooklet, day, long hook, 17 cm
ear hooklet, day, short hook, 17 cm
tympanum perforator, str., 17.5 cm
tympanum perforator, vertical, 15.5 cm
tympanum perforator, horizontal, 16 cm
tympanum perfor,lucae,vertic.,2,5mm,18cm
tympanum perfor,lucae,horiz.,2.5mm,18cm
raspatory, lempert, cvd., 20.5 cm
raspatory, lempert, str. cvd., 18 cm
curette, sharp, lempert, no. 1, 20 cm
curette, sharp, lempert. no. 2, 20 cm
curette, sharp, lempert, no. 3, 20 cm
curette, sharp, lempert, no. 4, 20 cm
curette, sharp, lempert, no. 5, 20 cm
nasal speculum, goldsmith, no. 1, 6.5 cm
nasal speculum, goldsmith, no. 2, 6.5 cm
nasal speculum, goldsmith, no. 3, 6.5 cm
nasal speculum, hartmann-halle, no. 1
nasal speculum, hartmann-halle, no. 2
nasal speculum, hartmann-halle, no. 3
nasal speculum, martin, child, 13 cm
nasal speculum, martin,child, 13 cm
nasal spec., tieck-halle, 16 mm, 13 cm
speculum, nasal, killian, 35 mm, #1
speculum, nasal, killian, 50 mm, #2
speculum, nasal, killian, 75 mm, #3
speculum, nasal, killian, 90 mm, #4
nasal spec., vienna-type, 30 mm, 13.5 cm
nasal speculum, cottle, 35 mm, no. 1
nasal speculum, cottle, 50 mm, no. 2
nasal speculum, cottle, 75 mm, no. 3
nasal speculum, cottle, 85 mm, no. 4
speculum, nasal, cottle, 45 mm
nasal speculum, cottle, 75 mm
nasal polypus snare, krause, 26 cm
nasal polypus snare, krause-voss, 26 cm
snare wire, ø 0.3 mm, bundel of 12 pcs.
nasal tampon forceps, troeltsch, 14.5 cm
nasal tampon forceps, troeltsch, 15.5 cm
nasal tampon forceps,grünwald,1x2t.,16cm
nasal tampon forceps, gruenwald, 21.5 cm
forceps, nasal tampon, westmacott, 20 cm
nasal tampon fcps., lubet-barbon, 17.5cm
nasal tampon forceps, hartmann, 18.5 cm
nasal cutting forceps, knight, 17 cm
septum & vomer forceps, craig, 16 cm
septum forceps, cvd. left, 15.5 cm
septum fcps., bruenings, no. 1, 16.5 cm
septum fcps., bruenings, no. 2, 16.5 cm
septum fcps., bruenings, no. 3, 16.5 cm
septum fcps., bruenings, no. 4, 16.5 cm
ethmoid. forceps, takahashi, str., 19 cm
ethmoid. forceps, takahashi, cvd., 19 cm
ethmoid. fcps., watson-w., serr., 19 cm
ethmoid. fcps., watson-williams, 19 cm
nasal cutt. fcps., weil-blakes., 3.0 mm
nasal cutt. fcps., weil-blakes., 3.5 mm
nasal cutt. fcps., weil-blakes., 4.5 mm
nasal cutt. fcps., weil-blakes., 5.5 mm
nasal cutt. fcps., weil-blakes., 6.0 mm
ethmoid. fcps., 45° upw., no. 1, 3.0 mm
ethmoid. fcps., 45° upw., no. 2, 3.5 mm
ethmoid. fcps., 45° upw., no. 3, 4.5 mm
ethmoid. fcps., 45° upw., no. 4, 5.0 mm
ethmoid. fcps., 90° upw., no. 1, 3.0 mm
ethmoid. fcps., 90° upw., no. 2, 3.5 mm
ethmoid. fcps., 90° upw., no. 3, 4.5 mm
ethmoid. fcps., 90° upw., no. 4, 5.0 mm
nasal cutting fcps., 0.9 mm, 19 cm
antrum punch, 2.5 mm, retrograde, upw.
antrum punch, 2.5 mm, retrograde, right
antrum punch, 2.5 mm, retrograde, left
nasal cutting fcps., jaw ø 5 mm, 19 cm
nasal cutting fcps., jaw ø 7 mm, 19 cm
nasal cutting fcps., jaw ø 9 mm, 19 cm
nasal cutting fcps., jaw ø 11 mm, 19 cm
septum fcps., middleton, open, 20.5 cm
septum fcps., middleton, closed, 20 cm
septum scissors, caplan, serr., 20 cm
tc-morselizer, septum, garney, ang.,20cm
protection cap, f. 37-335-21
septum morselizer, rubin, 20 cm
septum morselizer, rubin, 18.5 cm
tc-septum morselizer, rubin, 25 cm
sphenoidal punch, hajek, upw., 4x4 mm
sphenoidal punch, hajek, downw., 4x4 mm
sphenoidal punch, upw., 3.5x3.5 mm
sphenoidal punch, down, 3.5x3.5 mm
sphenoidal punch, upw., 3x3 mm, 18 cm
sphenoidal punch, down, 3x3 mm, 18 cm
sphenoidal punch, upw., 5x5 mm, 18 cm
sphenoidal punch, down, 5x5 mm, 18 cm
sphenoidal punch, obliq. up, 3 mm, 18 cm
sphenoidal punch, obliq. up, 5 mm, 18 cm
antrum punch, upwards, 3x3 mm, 9 cm
antrum punch, upwards, 4x4 mm, 9 cm
antrum punch, upwards, 5x5 mm, 9 cm
antrum punch, upwards, 6x6 mm, 9 cm
rhinoplastic knife, joseph, no. 1
rhinoplastic knife, joseph, no. 2
rhinoplastic knife, fomon, cvd., 16.5 cm
rhinoplast. knife, converse, cvd., 16 cm
rhinoplast. knife, joseph, str., 15.5 cm
rhinoplastic knife, cottle, str., 14 cm
knife, mucosa, freer, 15,5 cm
septum knife, freer, cvd., 19 cm
septum knife, freer, angled, 18.5 cm
swivel knife, ballenger, str., 3 mm
swivel knife, ballenger, str., 4 mm
swivel knife, ballenger, str., 5 mm
swivel knife, ballenger, bayon., 3 mm
swivel knife, ballenger, bayon., 4 mm
swivel knife, ballenger, bayon., 5 mm
septum elevator, mckenty, 4 mm, 15 cm
septum elevator, mckenty, 5 mm, 15 cm
septum elevator, halle, 3.5 mm, 16 cm
septum elevator, joseph, 4 mm, 16.5 cm
septum elevator, freer, sh., 19 cm
septum elevator, freer, bl., 19 cm
palatal raspatory, slight cvd., 24.5 cm
palatal raspatory, strong cvd., 24 cm
elevator, freer, sh/bl, w/o pin, 18 cm
septum elevator, freer, sh/bl, 18 cm
septum elevator, freer, double, 21 cm
elevator, mckenty, 4 mm, 20.5 cm
elevator, ballenger-hajek, 6 mm, 19 cm
elevator, howarth, 21.5 cm
elevator, cottle, 5 mm, 23.5 cm
septum elevator, killian, 4 mm, 18 cm
septum elevator, killian, 23.5 cm
elevator, cottle, cvd., 8 mm, 18 cm
septum elevator, pennington, 21.5 cm
elevator, septum, nagata, 16 cm
elevator, septum, nagata, 17 cm
septum elevator, roger, 4 mm, 20 cm
elevator, bayonet-shaped, 4 mm, 21.5 cm
elevator, boies, str., 8 mm, 19 cm
septum elevator, cottle, 3.7 mm, 23 cm
elevator, septum, straight, 5 mm, 17 cm
elevator, masing, 2 mm, 19.5 cm
elevator, cottle, 4.5 mm, 22 cm
periost elevator, joseph, 6.5 mm, 18 cm
septum chisel, freer, cvd.,4 mm, 16,5 cm
septum chisel, freer, str., 4 mm, 16.5cm
septum-gouge, freer, 6 mm, 16 cm
gouge, ballenger, 2 mm, str., 15 cm
gouge, ballenger, 4 mm, str., 15 cm
gouge, ballenger, 6 mm, str., 15 cm
gouge, ballenger, 8 mm, str., 15 cm
septum-gouge, killian, 5 mm, 16 cm
gouge, killian-claus, 5 mm, 16 cm
osteotome, cottle, gradu., 4 mm, 18,5 cm
osteotome, cottle, gradu., 7 mm, 18.5 cm
osteotome, cottle, gradu., 9 mm, 18.5 cm
osteotome, cottle, gradu., 12 mm, 18.5cm
osteotome, cottle, cvd., 6 mm, 18.5 cm
osteotome, cottle, cross-gr., 2mm,18.5cm
osteotome, cottle, cross-gr., 4mm,18.5cm
osteotome, cottle, cross-gr., 7mm,18.5cm
osteotome, cottle, cross-gr., 9mm,18.5cm
osteotome, cottle, cross-gr.,12mm,18.5cm
osteotome,cottle,cross-gr,ang,6mm,18.5cm
osteotome, cottle, gradu., 16 mm, 18.5cm
osteotome, cottle, cross-gr.,16mm,18.5cm
osteotome, rubin, 10 mm, 18.5 cm
osteotome, rubin, 12 mm, 18.5 cm
osteotome, rubin, 14 mm, 16.5 cm
chisel, walter, 3 mm, 19 cm
chisel, walter, 4.5 mm, 19 cm
osteotome, walter, 3 mm, 19 cm
osteotome, walter, 4 mm, 19 cm
osteotome, walter, 7 mm, 19 cm
osteotome, walter, 9 mm, 19 cm
osteotome, walter, 12 mm, 19 cm
chisel, fomon, w. guide, 4 mm, 16 cm
chisel, fomon, w. guide, 5 mm, 16 cm
chisel, fomon, w. guide, 6 mm, 16 cm
chisel, fomon, w. guide, 7 mm, 16 cm
osteotome, cinelli, 10 mm, 16 cm
osteotome, cinelli, 12 mm, 16 cm
osteotome, cinelli, 14 mm, 16 cm
osteotome, cinelli, 16 mm, 16 cm
osteotome, neivert-anderson, 7 mm, r.
osteotome, neivert-anderson, 7 mm, l.
osteotome, neivert-anderson, 7 mm, str.
osteotome, 3 mm, 18,5 cm
osteotome, gubisch-fanous, str., 19,5 cm
osteotome, fanous, str., 4 mm, 19,5 cm
osteotome, fanous, str., ri., 4mm,19,5cm
osteotome, fanous, str., le., 4mm,19,5cm
osteotome, walter, str., 2 mm, 19 cm
osteotome, cottle, str., 10 mm, 20 cm
nasal chisel, silver, str., 5 mm, 18 cm
nasal chisel, silver, r., 5 mm, 18 cm
nasal chisel, silver, l., 5 mm, 18 cm
nasal saw, joseph, angled left, 17 cm
nasal saw, joseph, angled right, 17 cm
nasal saw, joseph, str., 19 cm
nasal saw, joseph, bayon., left, 19 cm
nasal saw, joseph, bayon., right, 19 cm
cartilage crusher, cottle, w. clip
cartilage crusher, gubisch, 65x30 mm
cutting block, teflon, 5,5x8,7x1,2 cm
rasp, maltz, draw, 34x7 mm, 17 cm
rasp, maltz, push, 34x7 mm, 17 cm
bone file, joseph, fine, 16 cm
nasal rasp, fomon, coarse, 20.5cm
nasal rasp, parkes, fine, 19.5cm
raspatory, curved, 5 mm, 18 cm
nasal rasp, cottle, 30x8 mm, 21 cm
glabellum rasp, aufricht, push, 21 cm
glabellum rasp, aufricht, draw, 21 cm
nasal rasp, lewis, fine, 15x8mm, 19 cm
nasal rasp, diamond, rnd., 19cm
nasal rasp, diamond, crvd., 19cm
tc-maltz nasal rasp, no. 1, 20 cm
tc-maltz nasal rasp, no. 2, 20 cm
tc-maltz nasal rasp, no. 3, 20 cm
tc-maltz nasal rasp, no. 4, 20 cm
tc-maltz nasal rasp, no. 5, 20 cm
tc-maltz nasal rasp, no. 6, 20 cm
tc-maltz nasal rasp, no. 7, 20 cm
tc-maltz nasal rasp, no. 8, 20 cm
tc-maltz nasal rasp, no. 9, 20 cm
tc-maltz nasal rasp, no. 10, 20 cm
nasal rasp, fomon, double-ended, 20.5 cm
tc insert, # 1
tc insert, # 2
tc insert, # 3
tc insert, # 4
tc insert, # 5
tc insert, # 6
tc insert, # 7
tc insert, # 8
tc insert, # 9
tc insert, # 10
handle f. tc inserts, 14cm
handle f. tc inserts, double, 15cm
key for handle
tc-nasal rasp, fomon, no. 1/2, 20.5 cm
tc-nasal rasp, fomon, no. 3/4, 20.5 cm
tc-nasal rasp, fomon, no. 5/6, 20.5 cm
tc-nasal rasp, fomon, no. 7/8, 20.5 cm
tc-nasal rasp, fomon, no. 9/10, 20.5 cm
tc-nasal rasp, fomon, no. 2/5, 20.5 cm
raspatory, cartilage, dingman, # 1-2
raspatory, cartilage, dingman, # 1, 15cm
raspatory, cartilage, dingman, # 2, 15cm
mucous hooklet, joseph, sharp, 15.5 cm
tenaculum hooklet, cottle, sharp, 17 cm
tenaculum hooklet, cottle, sh,180°, 17cm
hooklet, cottle, sharp, no. 1, 14.5 cm
hooklet, cottle, sharp, no. 2, 14.5 cm
hooklet, cottle, sharp, no. 3, 14.5 cm
alar retractor, lange, blunt, 23 cm
alar retractor, fomon, blunt, 17 cm
nasal retract., aufricht, 45x11 mm, 19cm
alar retractor, kilner, sharp, 8 cm
retractor, converse, 44x11 mm, 10.5 cm
alar retractor, sharp, double, 11.5 cm
mucosa-hooklet, freer, 2-pr., sharp,15cm
skin hooklet, joseph, 2-pr., 2 mm, 16 cm
skin hooklet, joseph, 2-pr., 5 mm, 16 cm
skin hooklet, joseph, 2-pr., 7 mm, 16 cm
skin hooklet, joseph, 2-pr., 10 mm
hooklet, double, millard, 5x12 mm,5,5 cm
alar retractor, fomon, bl., 2-pr., 16 cm
retractor, cottle-neiv., groove, 19.5 cm
hooklet, cottle-neivert, 5x10 mm, 21 cm
hooklet, sharp, 2-pr., 14.5 cm
hooklet, blunt/sharp, 2-pr., 14.5 cm
hooklet, sharp/blunt, 2-pr., 14.5 cm
retractor, neivert, w. groove, 17 cm
alar retractor, cottle, 14 cm
nasal retractor, aufricht, dbl., 12 cm
septum forceps, kressner, ang., 22 cm
septum straightening fcps., str., 23 cm
septum straightening fcps., l., 23 cm
septum straightening fcps., r., 23 cm
septum straight. forceps, asch, 22.5 cm
skin grasp. forceps, ogura, 4 mm, 11 cm
skin grasp. forceps, cottle, bay., 14 cm
columell forceps, cottle, 12 mm, 11 cm
curette, double, faulkner, 21 cm
curette, sharp, coakley, no. 1, 17 cm
curette, sharp, coakley, no. 2, 17 cm
curette, sharp, coakley, no. 3, 17 cm
curette, sharp, coakley, no. 4, 17 cm
curette, sharp, coakley, no. 5, 17 cm
curette, sharp, coakley, no. 6, 17 cm
adenoid curette, beckmann, 13mm, 22,5cm
adenoid curette, beckmann, 15mm, 22,5cm
adenoid curette, beckmann,17 mm, 22,5 cm
adenoid curette, beckmann, 19mm, 22,5cm
adenoid curette, beckmann, 21mm, 22,5cm
adenoid curette, beckmann, 23mm, 22,5cm
adenoid curette, cvd., 13 mm, 22 cm
adenoid curette, cvd., 15 mm, 22 cm
adenoid curette, cvd., 17 mm, 22 cm
adenoid curette, cvd., 19 mm, 22 cm
adenoid curette, cvd., 21 mm, 22 cm
adenoid curette, cvd., 23 mm, 22 cm
cannula, eicken-killian, ø 3,0 mm, 14 cm
suction raspatory, guilen, bayon., 19 cm
dilat.probe ritter halle 3,0 mm
dilat.probe ritter halle 4,0 mm
elevator, terry, 5.0/8.0 mm, 17 cm
graft packer, terry, 11.5 cm
elevator, terry, 3.0/7.0 mm, 18 cm
sinus-lift-curette, fig. 1, 19 cm
sinus-lift-curette, fig.2, 20 cm
sinus-lift-curette, fig.3, 19 cm
sinus-lift-curette, fig.4, 17 cm
sinus-lift-curette, fig.5, 18 cm
bone crusher f. little/medium quantities
sinus-lift-instrument, fig. 1
sinus-lift-instrument, fig. 2
sinus-lift-instrument, fig. 3
sinus-lift-instrument, fig. 4
mini sinus curette acc. to horiuchi
sinus lift instrument, dr. iglhaut
periosteal elevator, allen, 2mm
tunnelinstrument, dr. iglhaut
gumknife,allen/iglhaut, fig.1
periosteal elevator, allen, 3mm
tunnelinstrument, dr. iglhaut fig 2
tunnelinstrument, dr. iglhaut fig 3
mouth wedge, pitha, 28x30 mm, w. chain
mouth prop, mckesson, xxl, f. teehtless
mouth prop, mckesson, xl, f. adults
mouth prop, mckesson, l, f. adults
mouth prop, mckesson, s, f. childes
mouth prop, mckesson, s, f. infants
mouth gag, heister, 13 cm
mouth gag, molt, f. children, 11 cm
mouth gag, molt, f. adults, 13 cm
mouth gag, denhart, 13 cm
mouth gag, roser-koenig, 16 cm
mouth gag, roser-koenig, 19 cm
chest support f. mouth gag 38-198-00
mouth gag, kilner-doughty, complete
tongue depressor, no. 1, f. 38-198-00
tongue depressor, no. 2, f. 38-198-00
tongue depressor, no. 3, f. 38-198-00
frame only, f. 38-198-00
tongue depressor f. 38-208-00, 65x25,5mm
tongue depressor f. 38-208-00, 73x28,5mm
tongue depressor f. 38-208-00, 71x30 mm
frame only, f. 38-208-00
mouth gag, davis boyle, complete
tongue depressor, no. 1, f. 38-212-00
tongue depressor, no. 2, f. 38-212-00
tongue depressor, no. 3, f. 38-212-00
tongue depressor, no. 4, f. 38-212-00
tongue depressor, no. 5, f. 38-212-00
frame only, f. 38-212-00
mouth gag with joint, davis-boyle
mouth gag, mcivor, complete
tongue depressor, no. 1, f. 38-222-00
tongue depressor, no. 2, f. 38-222-00
tongue depressor, no. 3, f. 38-222-00
frame only, f. 38-222-00
mouth gag, dingmann, complete
tongue depressor, no. 1, f. 38-224-00
tongue depressor, no. 2, f. 38-224-00
tongue depressor, no. 3, f. 38-224-00
mouth gag, compl. w. tongue depress.
mouth gag, jennings, 10.5 cm
mouth gag, jennings, 12.5 cm
mouth gag, jennings, 14.5 cm
mouth gag, jennings, 16.5 cm
lip retractor, oringer, no. 0, 9.5 cm
lip retractor, oringer, no. 1, 10 cm
lip retractor, oringer, no. 2, 10.5 cm
lip retractor, oringer, no. 3, 11 cm
lip retractor, oringer, set, no. 1-3
cheek retractor, martin-simplex, 10.5 cm
vestibulum retractor, 14 cm
lip retractor, sternberg, double, 14 cm
cheek/lip retractor, bishop, 13.5 cm
cheek retractor, cawood-minnes., 15.5 cm
cheek retr., caw.-min., fenest., 14.5 cm
tongue depressor, hartmann, 15 cm
tongue depressor, tobold, 15 cm
tongue depressor, tobold, 16 cm
tongue depressor, wieder, 36 mm, 14 cm
tongue depressor, wieder, 43 mm, 15 cm
tongue depressor, plastic, 15 cm, 100
tongue depressor, doyen, 23x30 mm, 13 cm
tongue depressor, doyen, 30/33 mm, 16 cm
tongue depressor, bruenings, fen., 19 cm
henahan third molar tissus retractor f.1
henahan third molar tissus retractor n.2
austin soft tissue retractor, short
austin soft tissue retractor, long
tongue hold. forceps, collin, fen., 17 cm
tongue hold. forceps, young, ang., 15 cm
extraoral retractor, 9.5x16 mm, 22 cm
extraoral retractor, eckelt, 21 cm
extraor. retractor, 9.5x16 mm, 25 cm, fo
extraoral retractor, eckelt, 25 cm, fo
intraoral-retractor, 25.5 mm, 23 cm
intraoral-retractor, 25.5 mm, 26 cm, fo
intraoral-retractor, left, 21 cm
intraoral-retractor, right, 21 cm
intraoral-retractor, left, 24.5 cm, fo
intraoral-retractor, right, 24.5 cm, fo
intraoral-retractor, l&m, 25 cm
intraoral-retractor, l&m, 28 cm, fo
retractor acc. to ishi fig. 1
retractor acc. to ishi fig. 3
retractor acc. to ishi fig. 4
intraoral-retractor, l&m, 28cm, fo, fen.
retractor, shea, 14.5 mm, 23.5 cm, fo
lindorf side step retractor, left
lindorf side step retractor, right
lindorf ramus claw retractor, left
lindorf ramus claw retractor, right
lindorf sinus claw retractor, left
lindorf sinus claw retractor, right
spina nasalis-retract., obwegeser, 22 cm
ramus retractor, obwegeser, 22 cm
chin retractor, obwegeser, 16.5 cm
channel retract., obwegeser, 8 mm, 16 cm
channel retract., obweg., 10 mm, 16 cm
progeny retract., schuchardt, 18 cm
progeny retractor, metz, 19.5 cm
retractor, koberg, 15x7 mm, 18 cm
retractor, koberg, 20x7 mm, 18 cm
outer progeny retractor, lauer, 15 cm
inner progeny retractor, lauer, 15 cm
out. progeny retractor, lauer, 15 cm, fo
inn. progeny retractor, lauer, 15 cm, fo
out. progeny retractor, lauer, 20 cm, fo
inn. progeny retr., lauer, 20.5 cm, f.o.
raspatory, obwegeser, 6 mm, 17.5 cm
raspatory, obwegeser, 9 mm, 17.5 cm
raspatory, obwegeser, 11 mm, 17.5 cm
raspatory, obwegeser, cvd., 5 mm, 20 cm
raspatory, obwegeser, cvd., 7 mm, 20 cm
raspatory, obweges., cvd., 9 mm, 20 cm
raspatory, obwegeser, v-shape, 17.5 cm
raspatory, deep v-shape, 17.5 cm
condylar repositioner, no. 11, 24.5 cm
condylar repositioner, no. 12, 24.5 cm
elevator, obwegeser, double, 20.5 cm
elevator, obwegeser, double, 20.5 cm
wire pusher, double-ended, 17 cm
orbital retractor, rowe, right, 19 cm
orbital retractor, rowe, left, 19 cm
orbital rim retractor, 20 cm
orbital rim retractor, donovan, 19.5 cm
reposition forceps, rowe, l., 21.5 cm
reposition forceps, rowe, l., 24 cm
reposition forceps, rowe, l., 24.5 cm
reposition forceps, rowe, r., 21.5 cm
reposition forceps, rowe, r., 24 cm
reposition forceps, rowe, r., 24.5 cm
zygoma elevator, rowe, 26 cm
maxillary mobilizer, tessier, left
maxillary mobilizer, tessier, right
zygoma elevator, gillies, ang., 25 cm
zygoma elevator, dingmann, ø 5 mm
hook, dingmann-wilk, sharp, 20 cm
bone holding forceps, jvs, light, 19 cm
bone holding forceps, jvs, strong, 18 cm
bone holding forceps, keen, l., 17.5 cm
bone holding forceps, keen, r., 17.5 cm
bone hold. forceps, steinh., str., 13,5c
bone hold. forceps, steinh., ang., 12,5c
bone holding forceps, wolford, 25 cm
bone holding forceps, salyer, 16.5 cm
retractor,post., dunn-dautrey, 6.5x50 mm
retractor,anter., dunn-dautrey,6.5x60 mm
retractor,superi.,dunn-dautrey,8.0x50 mm
retractor,superi.,dunn-dautrey,6.5x50 mm
tmj-disc forceps, dolwick, 12.5 cm
tmj-disc-scissors, dolwick, cvd., 13.5 cm
tmj-elevator, dolwick, str. cvd., 17 cm
tmj-condyle rteractor, dolwick, 14.5 cm
tmj-rasp, dolwick, hollow, 4.5 mm, 15 cm
tmj-rasp, dolwick, flat, 4.5 mm, 15 cm
tmj-rasp, dolwick, str. cvd., 17.5 cm
tmj-forceps, dolwick, small, 16 cm
tmj-forceps, dolwick, large, 16.5 cm
tmj-spreader, champy-type, 16 cm
wilkes retractor, 26mm, left
wilkes retractor, 26mm, right
wilkes retractor, 26mm, straight
osteotome, bauer, 6 mm, str., 20.5 cm
osteotome, bauer, 8 mm, str., 20.5 cm
osteotome, bauer, 6 mm, cvd., 20.5 cm
osteotome, bauer, 8 mm, cvd., 20.5 cm
osteotome, epker-b., 8 mm, cvd., 17.5 cm
osteotome, munro-dautrey, 4 mm, 16 cm
osteotome, munro-dautrey, 6 mm, 16 cm
osteotome, munro-dautrey, 8 mm, 16 cm
osteotome, munro-dautrey, 10 mm, 16 cm
osteotome, munro-dautrey, 12 mm, 16 cm
osteotome, munro-dautrey, 14 mm, 16 cm
osteotome, munro-dautrey, 16 mm, 16 cm
osteotome, dunn-dautrey, 4 mm, 16.5 cm
osteotome, dunn-dautrey, 6 mm, 17 cm
osteotome, dunn-dautrey, 8 mm, 17 cm
osteotome, dunn-daut., 6 mm, cvd., 17 cm
osteotome, dunn-d., 6 mm, st. cvd., 17 cm
osteotome, dunn-d., 8 mm, cvd., 18 cm
osteotome, dunn-d., 8 mm, st.cvd.,16.5 cm
osteotome, epker, 4 mm, str., 18 cm
osteotome, epker, 6 mm, str., 18 cm
osteotome, epker, 8 mm, str., 18 cm
osteotome, epker, 4 mm, cvd., 18 cm
osteotome, epker, 6 mm, cvd., 18 cm
osteotome, epker, 6 mm, str. cvd., 18 cm
osteotome, epker, 8 mm, str. cvd., 18 cm
bone chisel,dr. iglhaut,5mm w. grad.
bone chisel,dr. iglhaut,5mm w/o. grad.
osteotome, spatula, urata, 4 mm tip, 15
spatula osteotome, urata, 3.7 mm, 15 cm
osteotome, spatula, martini, 4.5 mm tip,
osteotome, spatula, martini, 7 mm tip, 1
lip & cheek retractor, hargis, 16 cm
ramus retractor, hargis, left, 19.5 cm
ramus retractor, hargis, right, 19.5 cm
mandib. retractor, hargis, cvd., 17.5 cm
anter. border stripper, hargis, 18.5 cm
stripper, hargis, 6.5 mm, right, 23.5 cm
stripper, hargis, 9.0 mm, right, 24 cm
stripper, hargis, 6.5 mm, left, 23.5 cm
stripper, hargis, 9.0 mm, left, 23 cm
piriform rim retractor, hargis, 18.5 cm
pterygoid-osteotome, hargis, cvd., 22 cm
coronoid retr., hargis, w. chain, 19 cm
separator, smith, right, 18.5 cm
separator, smith, left, 18.5 cm
ramus separator, smith, 23.5 cm
ramus separator smith w. ratchet, 23.5cm
atr. muscle forceps, terry, left, 17 cm
atr. muscle forceps, terry, right, 17 cm
channel retractor, terry, 16.5 cm
ramus pusher, terry, 24 cm
wire introducer, terry, 17 cm
septum osteotome, terry, 19 cm
palatal expander, turvey, 17 cm
elevator, steinh., str. cvd., 18.5 cm
channel retractor, steinhaeuser, 27 cm
ramus forceps, steinhaeuser, l., 16 cm
ramus forceps, steinhaeuser, r., 16 cm
ramus osteotome, steinh., 7 mm, 17 cm
ramus osteotome, steinh., 10 mm, 17 cm
chisel, steinhaeuser, 7 mm, 19 cm
chisel, steinhaeuser, 11 mm, 19 cm
chisel, steinhaeuser, 15 mm, 19 cm
repostion forceps, steinhaeuser, 18 cm
orbita elevator, 4 mm, 17 cm
orbital osteotome, steinh., 5 mm, 18 cm
orbital osteotome, steinh., 8 mm, 18 cm
osteotome, wolford, ang., 6 mm, 21.5 cm
osteotome, wolford, ang., 8 mm, 21.5 cm
cleft palate retractor, short, 18 cm
cleft palate retractor, long, 18 cm
dissector, salyer, ang., short, 18 cm
dissector, salyer, ang., long, 18 cm
elevator, salyer, slight cvd., 18 cm
elevator, salyer, strong cvd., 18 cm
elevator, salyer, angled, gradu., 18 cm
cleft palate raspatory, jaboma, 17 cm
palatal raspatory, cvd. l., 4 mm, 14 cm
palatal raspatory, cvd. r., 4 mm, 14 cm
palatal needle, hurd, left, 20.5 cm
tonsil knife, fisher, 22.5 cm
tonsil knife, bruenings, 23 cm
dissector & retractor, hurd, 22.5 cm
elevator, henke, 11.5x5 mm, 23.5 cm
elevator, henke 16.5x5 mm, 23.5 cm
gauze packer, luniatschek, 3 mm, 17.5 cm
gauze packer, luniatschek, 2 mm, 17.5 cm
tonsil seiz. forceps, white, cvd., 18 cm
tonsil forceps, blohmke, 1x2 t., 20 cm
tonsil forceps, schnidt, cvd., 19 cm
tonsil forceps, schnidt, cvd., 18.5 cm
tonsil forceps, schnidt, cvd., 19 cm
tonsil forceps, schnidt, cvd., 18.5 cm
tonsil snare, eve, w/o ratchet, 28.5cm
tonsil snare, eve, w. ratchet, 28.5cm
tonsil snare, bruenings, 29 cm
snare loop f. tonsils, 40x0.3 mm
snare loop f. tonsils, 50x0.3 mm
snare wire, ø 0.3 mm, bundle of 100 pcs.
tonsil snare, tyding, w. 1 tip
tonsil forceps, hartmann, jaw ø 13 mm
tonsil forceps, hartmann, jaw ø 15 mm
univ. handle f. laryng. forceps, huber
extension tube, str., 22 cm
extension tube, str., 32 cm
extension tube, str., 41 cm
extension tube, bruenings, cvd., 18 cm
tip f. laryn. fcps., fraenkel, serr.
tip f. laryn. fcps., seiffert, coarse
tip f. laryn. fcps., fraenkel, oval
tip f. fcps., bruenings, no. 2, ø 3 mm
tip f. fcps., bruenings, no. 3, ø 4 mm
tip f. fcps., bruenings, no. 2, oval
tip f. fcps., bruenings, no. 3, oval
tip f. laryn. fcps., lange, oval
tip f. laryn. fcps., krause, no. 1, oval
tip f. laryn. fcps., krause, no. 2, oval
tip f. laryn. fcps., krause, high arch
laryngeal mirror, w. handle, ø 24 mm
laryngeal mirror, rhod., w. hdl., no. 00
laryngeal mirror, rhod., w. hdl., no. 0
laryngeal mirror, rhod., w. hdl., no. 1
laryngeal mirror, rhod., w. hdl., no. 2
laryngeal mirror, rhod., w. hdl., no. 3
laryngeal mirror, rhod., w. hdl., no. 4
laryngeal mirror, rhod., w. hdl., no. 5
laryngeal mirror, rhod., w. hdl., no. 6
laryngeal mirror, rhod., w. hdl., no. 7
laryngeal mirror, rhod., w. hdl., no. 8
laryngeal mirror, rhod., w. hdl., no. 9
laryngeal mirror, rhod., w. hdl., no. 10
laryngeal mirror, w/o handle, ø 20 mm
laryng. mirror, rhod., w/o hdl., no. 00
laryngeal mirror, rhod., w/o hdl., no. 0
laryngeal mirror, rhod., w/o hdl., no. 1
laryngeal mirror, rhod., w/o hdl., no. 2
laryngeal mirror, rhod., w/o hdl., no. 3
laryngeal mirror, rhod., w/o hdl., no. 4
laryngeal mirror, rhod., w/o hdl., no. 5
laryngeal mirror, rhod., w/o hdl., no. 6
laryngeal mirror, rhod., w/o hdl., no. 7
laryngeal mirror, rhod., w/o hdl., no. 8
laryngeal mirror, rhod., w/o hdl., no. 9
laryng. mirror, rhod., w/o hdl., no. 10
laryngeal mirror, michel, ø 12 mm
laryngeal mirror, michel, ø 14 mm
laryngeal mirror, michel, ø 16 mm
laryngeal mirror, michel, ø 18 mm
extracting fcps.engl.pat. f1
extracting fcps.engl.pat. f2
extracting fcps.engl.pat. f4
extracting fcps.engl.pat. f7
forceps engl.pattern,fig. 13
extracting fcps.engl.pat.f17
extracting fcps.engl.pat.f18
extracting fcps.engl.pat.f18a
extracting fcps.engl.pat.f22
extracting fcps.engl.pat.f23
extracting fcps.engl.pat.f24
extracting fcps.engl.pat.f29
extracting fcps.engl.pat.f33
extracting fcps.engl.pat.f33a
extracting fcps.engl.pat.f33c
extracting fcps.engl.pat.f33m
extracting fcps. engl. pat. fig. 34n
extracting fcps. engl. pat. fig. 35n
extracting fcps. engl. pat. fig. 46l
extracting fcps. engl. pat. fig. 46lx
extracting fcps. engl. pat. fig. 49
extracting fcps.engl.pat.f51
extracting fcps.eng.pat.f51a
extracting fcps.eng.pat.f51c
extr.ecps.engl.pat.fig.67
ectr.fcps.engl.pat.fg. 67a
extracting fcps. engl. pat. fig. 67n
extr.fcps.engl.pat.fig.73
extr.fcps.engl.pat.fig.74
extr.fcps.engl.pat.fig.74n
extr.fcps.engl.pat.fig.74n
extr.fcps.engl.pat.fig.75
lawrence read extr.fcps f76n
extr.fcps.engl.pat.fg 79
extr.fcps.engl.pat.fg 79a
extracting fcps. engl. pat. fig. 79n
extr.fcps.engl.pat.fg 86 a
extr.fcps.engl.pat.fg 86b
extr.fcps.engl.pat.fg 86c
extracting fcps. engl. pat. fig. 97
extracting fcps. engl. pat. fig. 333s
extracting fcps. engl. pat. fig. 146
extracting fcps. engl. pat. fig. 351s
extracting fcps. engl. pat. fig. 153
forceps  martin fino  fig 2
forceps  martin fino  fig 7
forceps  martin fino  fig13
forceps  martin fino  fig17
forceps  martin fino  fig18
forceps  martin fino  fig22
forceps  martin fino  fig30
forceps  martin fino  fig33
forceps  martin fino  fig67a
forceps martin fino   fig73
forceps martin fino   fig74
forceps martin fino   fig74n
forceps  martin fino  fig79
martin ergo extr. fcps, fig. 1, diam.
martin ergo extr. fcps, fig. 13, diam.
martin ergo extr. fcps, fig. 22, diam.
martin ergo extr. fcps, fig. 33, diam.
martin ergo extr. fcps, fig. 46l, diam.
martin ergo extr. fcps, fig. 49, diam.
martin ergo extr. fcps, fig. 51, diam.
martin ergo extr. fcps, fig. 51a, diam.
martin ergo extr. fcps, fig. 67a, diam.
martin ergo extr. fcps, fig. 74n, diam.
martin ergo extr. fcps, fig. 79, diam.
children fcps.engl.pat f13s
children fcps.engl.pat f22s
children fcps.engl.pat f30s
children fcps.engl.pat f33s
children fcps.engl.pat f37
children fcps.engl.pat f38
children fcps.engl.pat f39
children fcps.engl.pat.f39l
children fcps.engl.pat.f39r
children fcps.engl.pat.f40
children fcps.engl.pat.f51s
lawrence read child.fcps.76s
klein children fcps fg.3
klein childen fcps fg.5
klein children fcps fg.6
klein children fcps fg.7
klein children fcps fg.137
klein children fcps fg.139
klein children fcps fg.51s
children fcps.am.pat.fg17sk
children fcps.am.pat.fg150sk
children fcps.am.pat.fg151sk
extr.fcps.standard fig.1
extr.fcps.americ.pat.f.10s
extr.fcps.americ.pat.fig16
children fcps.am.pat.fg16s
extr.fcps.americ.pat.f.23
parmly extr.fcps.fig.32
extr.fcps.americ.pat.f.53l
extr.fcps.americ.pat.f.53r
extr.fcps.americ.pat.f62
extr.fcps.americ.pat.f.65
tomes extr.fcps.fig.69
nevius extr.fcps.fig 88l
nevius extr.fcps.fig 88r
cryer extr.fcps.a.p.fg 150
cryer extr.fcps.am.pat.fig. 151
cryer extr.fcps.am.pat.fig. 151a
cryer children fcps. fig.151s
extr.fcps.am.pat.fig.222
extracting forceps for biscuspids
witzel root extr. fcps fig. 501
witzel root extr. fcps
root elevator, fig. 1l
root elevator, fig. 1r
seldin root elevator, fig. 2
seldin root elevator, fig. 3
cryer root elevator, fig. 3a
seldin root elevator fig. 4l
seldin root elevator fig. 4r
root elevator, fig. 6
root elevator fig. 8
root elevator, fig. 9
root elevator, fig. 10
root elevator fig. 11
root elevator, fig. 12
cryer root elevator fig. 27
cryer root elevator fig. 28
seldin root elevator, fig. 34
seldin root elevator, fig. 34 s
cryer root elevator, fig. 39
cryer root elevator fig. 40
flohr root elevator fig. 46
root elevator fig. 50
root elevator, fig. 51
lindo levian root elev. fig. 1, 3 mm
lindo levian root elev. fig. 3, 4 mm
root elev. fig. 1,3 s, 1,2 mm
root elev. fig. 1,8 s, 1,7 mm
root elev. fig. 2,3 s, 2,2 mm
root elev., fig. 1,3 c, curved, 1,2 mm
root elev., fig. 1,3 rc, curved, 1,2 mm
bein lux. root elev. fig. 1, 2 mm
bein lux. root elev. fig. 2 3 mm
bein lux. root elev. fig. 3, 4 mm
bein lux. root elev. fig. 4, 5 mm
bein lux. root elev. fig. 1a, 2 mm
bein lux. root elev. fig. 2a, 3 mm
bein lux. root elev. fig. 3a, 4 mm
bein lux. root elev. fig. 4a, 5 mm
apical lux. root elev. fig. 1, 2 mm
apical lux. root elev. fig. 2, 3 mm
apical luxator root elev. fig. 3, 4 mm
apical luxator, root elev. fig. 4, 5 mm
apical lux. root elev. cur. fig 1a, 2 mm
apical lux. root elev. cur. fig 2a, 3 mm
apical lux. root elev. cur. fig 3a, 4 mm
apical lux. root elev. cur. fig 4a, 5 mm
apical root elevator, fig. 301
apical-flohr root elevator, fig. 302
apical-flohr root elevator, fig. 303
apical root elevator, fig. 304
apical root elevator, fig. 46r
coleman root elevator, fig. 1
coleman root elevator, fig. 2l
coleman root elevator, fig. 2r
coupland elevator, 2 mm
coupland root elevator, 2,5 mm
coupland root elevator, 3 mm
friedman root elevator fig. 1
friedman root elevator fig. 2l
friedman root elevator fig. 3r
friedman root elevator fig. 31f
hylin root elevator fig. 1, 3 mm
hylin root elevator, fig. 2, 4,5 mm
hylin root elevator, fig. 3l, 3 mm
hylin root elevator, fig. 4r, 3 mm
bein root elev., fig 0, 2 mm
bein root elevator, fig. 1, 3 mm
bein root elevator, fig. 2, 4 mm
bein root elev., fig 0, 2 mm
bein root elevator, fig. 1, 3 mm
bein root elevator, fig. 2, 4 mm
bein root elev., fig 0, 2 mm
bein root elevator, fig 1
bein root elevator, fig 2
bein root elev., fig 0a, 2 mm
bein root elev., fig 1a, 3 mm
bein root elev., fig 2a, 4 mm
bein root elev., fig. 0a, 2 mm
bein root elev., fig. 1a, 3 mm
bein root elev., fig. 2a, 4 mm
w.f.barry root elevator, fig. 320l
w.f.barry root elevator, fig. 321r
w.f.barry root elevator, fig. 322
w.f.barry root elevator, fig. 323
w.f.barry root elevator, fig. 370l
w.f.barry root elevator, fig. 371r
winter root elevator, fig. 11 l
winter root elevator, fig. 11r
winter root elevator, fig. 13l
winter root elevator, fig. 13r
winter root elevator, fig. 14 l
winter root elevator, fig. 14r
root elevator, pott, fig. 1, t-handle
root elevator, pott, fig. 2, t-handle
root elevator, fig. 1k
root elevator, fig. 2k
warwick-james root elevator, fig. 1
warwick-james root elevator, fig. 2l
warwick-james root elevator, fig. 3r
chompret root elevator, fig. 1
chompret root elevator, fig. 2
chompret root elevator, fig. 3
heidebrink fragment elev., fig. 1
heidebrink fragment elev., fig. 2
heidebrink fragment elev., fig. 3
west fragment elevator, fig. 1
west fragment elev., fig. 2
west frgment elevator, fig. 3
heidebrink root tip teaser fig.1
heidebrink root tip teaser fig.2
heidebrink root tip teaser fig.3
mouth mirror, pl.f.4   22 mm
mouth mirror, pl.f.5   22 mm
mouth mirror, holl.f.4 22 mm
mouth mirror, holl.f.5 24 mm
rhodium mouth mirror, size 00,plane,10mm
rhodium mouth mirror w/o hdle plane 18mm
mouth-mirror rhodium, plane, size 4 22mm
mouth-mirror rhodium, plane, size 5 24mm
rhodium mouth mirror "megaduo"
mouth mirr.c.s.pl.no4 22mm
mouth mirr.c.s.p.no5 24mm
micro-mirror, 2,5 mm, 45°
micro-mirror, round, 5,0 mm
micro-mirror, rhodium, 3 x 6 mm
micro mouth-mirror-rhodium-diam 5 mm
mouth handel with simp threa
mouth mirr handle conesocket
mouth mirror handle, hexagonal, 8mm
mouth mirror handle,oct.shaped, 6mm
mouth mirror handle, round
martin-ergo, mouth mirror handle
martin-grip, mouth mirror handle
london college tweez.f1
london college tweez.f3
london college tweez.f5
lond coll tweez lock f 5
lond coll tweez lock f 8
meriam tweezers fig 1
meriam tweezers fig 3
meriam tweezers fig 5
flagg tweezers fig 1
flagg tweezers fig 2
flagg tweezers fig 3
flagg tweezers fig 4
micro forceps straight 18 cm (5-d japan)
suture/membrane forceps, dia. = 1,6 mm
suture/membrane forceps, dia. = 2,2 mm
jaquette-scaler, round handle fig.33
jaquette-scaler, round handle fig.34
jaquette-scaler, round handle fig.35
cumine-scaler, round handle
mitchell-scaler, round handle
scaler-, round handle fig.33/34
columbia-curette, fig.13/14, blue
columbia-curette, fig.2r/2l, blue
columbia-curette, fig.4r/4l, blue
younger-good-scaler, fig. 7/8
langer-curette, fig. 1/2, titan, grey
langer-curette, fig. 3/4, titan, black
langer-curette, fig. 5/6, titan, yellow
perioprobe, dr.iglhaut
micro periodontal probe acc. to akiyama
towner-scaler,r. handle, fig.5/33 green
mccall-scaler, round,fig.13s/14 green
mccall-scaler, round,fig.13sm/14 green
scaler, round handle, fig.t2/3, green
towner-scaler,r. handle, fig.15/30 green
scaler, round handle, fig.u135, green
scaler round handle, fig. ci 2/3, green
scaler round handle, fig.m23, green
hygienist-scaler, f. 6/7, d=8 mm, green
hygienist-scaler, f. 6/7, d=10 mm, green
scaler round handle, fig.204, green
scaler round handle, fig.204s, green
scaler round handle, fig.204sd, green
hirschfeld-file, fig. 3/7
hirschfeld-file, fig. 5/11
mini-scaler, gray
scaler round handle, fig. scc6
scaler round handle, fig. st 2/3
jaquette-scaler, r. handle, fig. 31/32
jaquette-scaler, r. handle, fig. 30/33
jaquette-scaler, r. handle, fig. 34/35
goldm.-fox-scaler, r. handle, fig.1
goldm.-fox-scaler, r. handle, fig.2
goldm.-fox-scaler, r. handle, fig.3
goldm.-fox-scaler, r. handle, fig.4
goldm.-fox-scaler, r. handle, fig.5
goldm.-fox-scaler, r. handle, fig.6
goldm.-fox-gingival knife, fig.7
goldm.-fox-gingival knife, fig.8
goldm.-fox-gingival knife, fig.9
goldm.-fox-gingival knife, fig.10
goldm.-fox-gingival knife, fig.11
ward-kirkland-scaler, r. handle, fig.1
kirkland-gingival knife, r. handle, left
kirkland-gingival knife, r. handle, righ
kirkland-gingival knife, r. handle, ri/l
orban-gingival knife, fig. 1
orban-gingival knife, fig. 2
orban-gingival knife, fig. 1/2
gracey titan mini fig. 5/6
gracey titan mini fig. 7/8
gracey titan mini fig. 11/12
gracey titan mini fig. 13/14
gracey titan mini set
gum knife, 5d
gracey titan standard fig. 5/6
gracey titan standard fig. 7/8
gracey titan standard fig. 11/12
gracey titan standard fig. 13/14
gracey-mini 1/2,  yellow
gracey-mini 3/4,  yellow
gracey-mini 5/6,  yellow
gracey-mini 7/8,  grey
gracey-mini 9/1o,  grey
gracey-mini 11/12,  purple
gracey-mini 13/14,  blue
gracey-mini 15/16,  purple
gracey-mini 17/18,  blue
gracey-curette 1/2, yellow
gracey-curette 3/4, yellow
gracey-curette 5/6, yellow
gracey-curette 7/8, grey
gracey-curette 9/10, grey
gracey-curette 11/12, purple
gracey-curette 13/14, blue
gracey-curette 15/16, purple
gracey-curette 17/18, blue
gracey-rigid 1/2, yellow
gracey-rigid 3/4, yellow
gracey-rigid 5/6, yellow
gracey-rigid 7/8, grey
gracey-rigid 9/10, grey
gracey-rigid 11/12, purple
gracey-rigid 13/14, blue
gracey-rigid 15/16, purple
gracey-rigid 17/18, blue
gracey-curette, 10 mm, 1/2, yellow
gracey-curette, 10 mm, 3/4, yellow
gracey-curette, 10 mm, 5/6, yellow
gracey-curette, 10 mm, 7/8, grey
gracey-curette, 10 mm, 9/10, grey
gracey-curette, 10 mm,11/12, pur.
gracey-curette, 10 mm,13/14, blue
gracey-curette, 10 mm,15/16, pur.
gracey-curette, 10 mm,17/18, blue
furkation-curette, fig. 1, 0,9 mm
furkation-curette, fig. 2, 1,3 mm
furkation-curette, fig. 3, 0,9 mm
furkation-curette, fig. 4, 1,3 mm
furkation-curette, fig. 5, 0,9 mm
perio-probe, r. handle, fig.w
rhodes-mini-chisel, fig. 36/37
prichard-curette
ochsenbein-chisel, fig. 1
ochsenbein-chisel, fig. 2
fedi-chisel, fig. 1
fedi-chisel, fig. 2
micro-endo-probe, red
extra-fine explorer, r. handle fig. 3
extra-fine explorer, r. handle fig. 6
extra-fine explorer, r. handle fig. 8a
extra-fine explorer, r. handle fig. 9
extra-fine explorer, r. handle fig. 12
extra-fine explorer, r. handle fig. 17
extra-fine explorer, r. handle fig. 23
extra-fine explorer, r. handle fig. 3a
extra-fine explorer, r. handle fig. 6xl
white-explorer, r. handle fig. 12
explorer, r. handle fig. 3
explorer, r. handle fig. 6
explorer, r. handle fig. 8a
explorer, r. handle fig. 9
briault-explorer exd 11
explorer exd 11-12, r. handle
white-explorer, r. handle fig. 17
white-explorer, r. handle, fig. 23
explorer, r. handle fig. 3a
explorer, r. handle fig. 54
explorer, r. handle fig. 6xl
explorer, fig. ut 1/2
explorer, r. handle, fig. 2/2
explorer, r. handle, fig. 3 ch/3 ch
explorer, fig. 23/6
explorer, fig. 16/17
explorer, r. handle, fig. 17/23
explorer, fig. 23/17a
nabers explorer fig. 1
nabers explorer fig. 2
explorer fig. 5/6
explorer fig. 16/23
excavator, r. handle, fig. gm 1a
excavator, r. handle, fig. gm 2a
excavator, r. handle, fig. gm 0
excavator, r. handle, fig. gm 1
excavator, r. handle, fig. gm 2
excavator, r. handle, fig. gm 3
excavator, r. handle, fig. gm 4
excavator, diam. 1,9 mm, grey
excavator, r. handle, fig. gm 125/126
excavator, r. handle, fig. gm 127/128
excavator, r. handle, fig. gm 129/130
excavator, r. handle, fig. gm 133/134
excavator, r. handle, fig. gm 153/154
excavator, r. handle, fig. gm 14
excavator, r. handle, fig. gm 38/39
excavator, r. handle, fig. gm e1
excavator, r. handle, fig. gm e2
excavator, r. handle, fig. gm e3
excavator, r. handle, fig. gm 6
excavator, r. handle, fig. gm 17s
excavator, r. handle, fig. gm 17
excavator, r. handle, fig. gm 18
excavator, r. handle, fig. gm 19
excavator, r. handle, fig. gm 17w
excavator, r. handle, fig. gm 18w
excavator, r. handle, fig. gm 19w
excavator, r. handle, fig. gm 61/62
excavator, r. handle, fig. gm 63/64
excavator, r. handle, fig. gm 65/66
excavator, r. handle, fig. gm 31l
excavator, r. handle, fig. gm 32l
excavator, r. handle, fig. gm 33l
wedelstaedt-enamel-chisel, fig. 1/2
wedelstaedt-enamel-chisel, fig. 3/4
wedelstaedt-enamel-chisel, fig. 5/6
plugger, iso 30/40, blue-black
plugger, iso 50/90, yellow-white
endo probe stewart
plugger, fig. 1
plugger, fig. 2
plugger, fig. 3
spreader, iso 20, yellow
spreader, iso 30, blue
spreader, iso 40, black
spreader, iso 50, yellow
spreader, iso 60, blue
osteotom, dr.iglhaut,str., 2,2 < 2,7mm
osteotom, dr.iglhaut,str., 2,7 < 3,2mm
osteotom, dr.iglhaut,str., 3,2 < 3,7mm
osteotom, dr.iglhaut,str., 3,7 < 4,2mm
osteotom, dr.iglhaut,str., 4,2 < 4,7mm
osteotom, dr.iglhaut,str., 4,7 < 5,4mm
osteotom, dr.iglhaut,crv., 2,2 < 2,7mm
osteotom, dr.iglhaut,crv., 2,7 < 3,2mm
osteotom, dr.iglhaut,crv., 3,2 < 3,7mm
osteotom, dr.iglhaut,crv., 3,7 < 4,2mm
osteotom, dr.iglhaut,crv., 4,2 < 4,7mm
osteotom, dr.iglhaut,crv., 4,7 < 5,4mm
dilator,dr. iglhaut, 4,0x11mm,w.grad
backaction, dr. iglhaut, fig.1
backaction, dr. iglhaut, fig.2
backaction, dr. iglhaut, fig.3
backaction, dr. iglhaut, fig.4
perio-probe, interch., fig. cpg 11,5 who
perio-probe, interch., fig. cpg 12
perio-probe, interch., fig. cp 15 unc
perio-probe, interch., fig. cpng 22
perio-probe, interch., fig. cpg 11,5 who
perio-probe, interch., fig. cpg 12
perio-probe, interch., fig. cp 15 unc
perio-probe, interch., fig. cpng 22
merrit a, perio probe, 1-2-3-5-7-8-9-10
merrit e, perio probe, 1-2-3-5-7-8-9-10
gold.-fox, perio-probe, 1-2-3-5-7-8-9-10
michigan, perio-probe, 3-6-8
mercury, perio-probe, 3-6-9-12
perio-probe, cpng 12s, 3-6-9-12, ball
perio-p., cpg 11,5 who, 3,5-5,5-8,5-11,5
perio-p., cpg 12, 3-6-9-12
perio-p., cp 15 unc, 1-2...14-15, ball
perio-p., cpng 22, 2-4-6-8-10-12
perio-p., fig. 26g, 1-2-3-5-7-8-9-10
williams/g-fox. -perio-probe
perio-p./explorer, cp11/23
perio-p./explorer,  cp12/23
perio-p./explorer,  gf/23
perio-p./explorer,  um/23
perio-p./explorer,  w/23
mccall-curette, fig. 17s/18s, blue
mccall-scaler 17/18, green
roncati scaler h6/h7
roncati curette micro cvd
spreader, dr.iglhaut, bay., 1,6 mm
spreader, dr.iglhaut, bay., 1,6 < 2,2 mm
spreader, dr.iglhaut, bay., 2,2 mm
roncati feile gerade/diamantiert
roncati file curved/diamond
record-arkansas grinding stone multiform
original arkansas grinding stone
roncati titan kuerette micro
back-action, periosteal elevator, slim
ochsenbein-chisel, mod., fig. 1
ochsenbein-chisel, mod., fig. 2
periost.elevator, backaction, 5d
periodontal file
sugarman-periodontal file, fig. 3-4s
orban-periodontal file, fig. 10-11
orban-periodontal file, fig. 12-13
pin-osteotome
osteotome, concave, fig. 0, 17,5 cm
osteotome, concave, fig. 1, 17,5 cm
osteotome, concave, fig. 2, 17,5 cm
osteotome, concave, fig. 3, 17,5 cm
bone-spreader, fig. 1b, 1,6/2,2 mm
bone-spreader, fig. 2b, 2,2/2,8 mm
bone-spreader, fig. 3b, 2,8/3,4 mm
bone-spreader, fig. 4b, 3,4/4,0 mm
finger cup f grinding paste
finger cup for amalgame
condenser, ball 1,5/spatual 1,7 mm
condenser, 90°, blue
condenser, counter angled, 90°, blue
composite instrument, ti.-coated, fig. 1
composite instrument, ti.-coated, fig. 2
composite instrument, ti.-coated, fig. 3
composite instrument, ti.-coated, fig. 4
composite instrument, ti.-coated, fig. 5
composite instrument, ti.-coated, fig.10
felt-composite instr., titanb., fig.1
felt-composite instr., titanb., fig.2
felt-composite instr., titanb., fig.3
felt-composite instr., titanb., fig.4
felt-composite instr., titanb., fig.5
felt-composite instr., titanb., fig.6
goldst.-composite instr., titanb. fig 1
goldst.-composite instr., titanb. fig 2
goldst.-composite instr., titanb. fig 3
goldst.-composite instr., titanb. fig 4
elephant-foot-cond., fig. 0
elephant-foot-cond., fig. 1
elephant-foot-cond., fig. 2
ball condenser, fig. 1
ball condenser, fig. 2
ball condenser, fig. 3
ball condenser, fig. 4
ball condenser, fig. 5
ball condenser, fig. 18
ball condenser, fig. 26/27s
burnisher fig. 27/28
condenser fig. 1
condenser fig. 2
condenser fig. 3
condenser fig. 1s
condenser fig. 2s
condenser fig. 3s
filling instrument, double, fig. 1s
filling instrument, double, fig. 2s
filling instrument, double, fig. 3s
filling instrument, double, fig. 4s
filling instrument, double, fig. 1p
filling instrument, double, fig. 2p
filling instrument, double, fig. 3p
filling instrument, double, fig. 4p
filling instrument, double, fig. 2d
hollenback filling inst. double, fig h1
hollenback filling inst. double, fig h2
hollenback filling inst. double, fig h3
filling instrument, double, fig. mq 1s
filling instrument, usa mod. fig. 1
filling instrument, usa mod. fig. 3
filling instrument, fig. wo1
filling instrument, fig. wo2
filling instrument, fig. wo3
filling instrument, fig. l2
filling instrument, fig. l3
filling instr. ball/spatula fig. 1
filling instr. ball/spatula fig. 2
filling instr. ball/spatula fig. 3
filling instr. ball/spatula fig. 1a
filling instr. ball/spatula fig. 2a
filling instr. ball/spatula fig. 3a
filling instr. ball/spatula fig. 1b
filling instr. ball/spatula fig. 2b
filling instr. ball/spatula fig. 1c
filling instr. ball/spatula fig. 2c
filling instr., spatula, fig. 1
filling instr., spatula, fig. 2
filling instr., spatula, fig. 3
filling instr., spatuala, fig. 10
filling instr., spautla, fig. 11a
filling instr., spautla, fig. 12
filling instr., spatula, fig. 13
fill.-instr. f. plastic fill. fig. 7a
fill.-instr. f. plastic fill. fig. 19
fill.-instr. f. plastic fill. fig. 7b
filling instr. spatula, fig. 6
filling instr. spatula, fig. 11
filling instr. spatula, fig. 179
heidemann spatula, fig. 1 - 2,0 mm
heidemann spatula, fig. 2 - 2,5 mm
heidemann spatula, fig. 3 - 3,0 mm
heidemann spatula, s, fig. 11 - 2,0 mm
heidemann spatula, s, fig. 12 - 2,5 mm
heidemann spatula, s, fig. 13 - 3,0 mm
mini-cement spatula, zuerich
cement spatula fig. 1a
cement spatula fig. 2a
cement spatula fig. 3a
cement spatula fig. 4
cement spatula fig. 2
cement spatula fig. 00
cement spatula fig. 0
martin cement spatula fig. 1
martin cement spatula fig. 2
martin cement spatula fig. 3
silicate spat of plexiglass
ivory matrix retainer
ivory matrix retainer
ivory matrix retainer
matrixband f molars fg1
matrixband f molars fg2
matrixband f molars fg3
matrixbd bicuspid fg4
matrixbd bicuspid fg5
matrixbd bicuspid fg6
ivory matrix retainer 5mm
ivory matrix retainer 6 mm
ivory matrix retainer 7 mm
tofflemire matrix retainer
tofflemire matrixbd fg 1,12pc
tofflemire matrixbd fig13,12pc
matrixband molar fg7
matrixband molar fg8
matrixband molar fg9
matrixband molar f10
matrixbd bicusp fig 11
matrixbd bicusp fig 12
matrix band 5 mm roll 100 cm
matrix band 6mm,coil 1000mm
ainsworth rubber dam punch
rubberdam punch amer.patt
rubber dam clamp forceps ivory
rub.dam cl.fcps brewer
ivory rub dam clamp fg 26
ivory rub dam clamp fg 27
ivory rub dam clamp fg 28
ivory rub dam clamp fg 29
ivory rub dam clamp fg 30
ivory rub dam clamp fg 31
ivory rub dam clamp fg 51
ivory rub dam clamp fg 60
wizard rubber dam holder
elite imp.tray sup-b fg 0
elite im tr perf sup-b fg 1
elite im.tr.perf.sup-b fg 2
elite im.tr.perf.sup-b-fg 3
elite im.tr-perf.sop-b fg 4
elite im.tr.perf.sup-p fg 1
elite im.tr.perf.sup-p fg2
elite im.tr.perf.sup-p fg 3
elite im.tr.perf.sup-f fg 1
elite im.tr.perf.sup-f. fg 2
elite im tr perf sup-f fg3
elite im.tr.perf.sup-u fg1
elite im.tr.perf.sup-u fg 2
elite im.tr.perf.sup-u fg3
elite im.tr.perf.inf-b fg 0
elite im.tr.perf.inf-b fg1
elite im.tr.perf.inf-b fg2
elite im.tr.perf.inf-b 3
elite im.tr.perf.inf-b 4
elite im.tr.perf. inf-p-1
elite im.tr.perf.inf-p f 2
elite im.tr.perf.inf-p 3
elite im.tr.perf.inf.u fg 1
elite im.tr.perf.inf-u fg 2
elite im.tr.perf.inf-u f 3
elite tray unp.sup-b fg 0
elite tray unp.sup-b fg1
elite tray unp sup-b fg 2
elite tray unp.sup-b-f 3
elite tray unp.sup-b fg 4
impr. tray w/o handle, unperf., fo, fig.
impr. tray w/o handle, unperf., fo, fig.
impr. tray w/o handle, unperf., fo, fig.
elite imp.tr.unp.unf-b f0
elite imp.tr.unp.inf-b fg1
elite imp.tr.unp.inf.-b f2
elite imp.tr.unp.inf-b f3
elite imp.tr.unp.inf-b f 4
elite imp.tr.unp.inf-p fg1
elite impr.tr.unp.inf-p f2
elite imp.tr.unp.inf-p f3
elite imp.tr.unp.inf-u f2
impr.tray perf.c1/2 r f 1
imptr.tr.perf.c 1/2 r fg 2
impr.tr.perf.c 1/2 r fg 3
impr.tray unp.c1/2 r fg 2
impr.tr.perf.c1/2 l fg 1
impr.tr.perf.c1/2 l fg 2
impr.tr.perf.c1/2 l fg 3
universal impr.tray perf.
universal impr.tray plain
impr.tray adjustable perf.
impr.tray adjustable plain
stolley impr.tray perf.
plugger f. retraction suture, fig. 1
plugger f. retraction suture, fig. 2
gingiv. cord packer acc. to minami (5-d)
schwarz plaster spat.plexgl.
plaster bowl soft rubber
thomas-wax-instrument, fig. 1
thomas-wax-instrument, fig. 2
thomas-wax-instrument, fig. 3
thomas-wax-instrument, fig. 4
thomas-wax-instrument, fig. 5
hollenback-carving-instr. fig. 1/2
hollenback-carving-instr. fig. 3
hollenback-carving-instr. fig. 3s
frahm-carving-instr. fig. 0/1
frahm-carving-instr. fig. 2/3
ward-carving-instr. fig. 1
ward-carving-instr. fig. 1s
ward-carving-instr. fig. 2
nyström-carving-instr. fig. 1
nyström-carving-instr. fig. 2
nyström-carving-instr. fig. 3
carving-instr. mspr-18
carving-instr., c/d, fig. 0
carving-instr., c/d, fig. 4/5
carving-instr., c/d, fig. 3/6
carving-instr., c/d, fig. 4/7
carving-instr., c/d, fig. 89/92
hylin-carving-instrument
zahle-carving-instrument
le cron-carving-instrument
beale-carving-instrument
greenstein-carving instr., 3 pcs
greenstein-carving-instr., 3 pcs
gisy-wild wax knife
miller fcps f artic paper
sachs crown pusher
treyemann-crown remover
crown butler fig. 1, with 3 inserts
crown butler fig. 2, with 3 inserts
insert fig. 1a, f. crown but. fig. 1 + 2
insert fig. 2a, f. crown but. fig. 1 + 2
insert fig. 3a, f. crown but. fig. 1 + 2
martin-crown-spreader
flat nose plier serrated 5mm
langbeck flat nose pliers
flat nose pliers serrated
goslee flat nose cont pliers
flat round nose pliers
dumont fine flat nose pliers
side nippers with tc tips
tc-distal-cutter with wire catcher
tc-wire-cutter, 11,5 cm
tc-wire-cutter, 13 cm
weingart-plier f. dental tech., 14 cm
band removing plier
angle-wire bending plier, 12 cm
wire bending plier with horiz. profile
tweed-wire bending plier
clasp bending plier
schwarz clasp bend pliers m1
schwarz clasp bend pliers m2
schwarz clasp bend pliers m3
adams wire bending pliers
young wire bending pliers
aderer wire bend pliers sm
waldsachs universal pliers
univ bend cutt pliers
furrer copp ring remov plier
how cronn and lig pliers str
how cronn and lig pliers cvd
johnson contouring pliers
abell contouring pliers
retractor, obweg., upw., 16x5 mm, 21.5cm
retractor, obweg., upw., 25x7 mm, 21 cm
retractor, obweg., upw., 35x10 mm, 23 cm
retractor, obweg., upw., 42x10 mm, 23 cm
retractor,obweg.,upw., 57x12,5mm, 23.5cm
retractor, obweg., upw., 72x15mm, 23.5cm
retractor, obweg., upw., 87x16mm, 23,5cm
retractor, obweg., down, 16x5 mm, 21 cm
retractor, obweg., down, 25x7 mm, 21 cm
retractor, obweg., down, 35x10 mm, 23 cm
retractor, obweg., down, 42x10 mm, 23 cm
retract., obweg., down, 55x12 mm, 23.5cm
retract., obweg., down, 72x15 mm, 23.5cm
retract., obweg., down, 86x17 mm, 23.5cm
ramus retr., obweg., 75x11/15 mm, 24 cm
ramus retr., obweg., 75x12/22 mm, 24 cm
alveolar-retractor, obwegeser, 24 cm
spina nasalis-retract., obwegeser, 24 cm
ramus fcps., obweg., small, r., 16.5 cm
ramus fcps., obweg., small, l., 16.5 cm
ramus fcps., obweg., large, r., 17 cm
ramus fcps., obweg., large, l., 17 cm
channel retr., obwegeser, 9 mm, 16.5 cm
channel retr., obwegeser, 10 mm, 16.5 cm
rasse channel retractor 165 mm
chin retractor, obweges., 16.5 mm, 16 cm
raspatory, obwegeser, 6 mm, 18 cm
raspatory, obwegeser, 7 mm, 18 cm
raspatory, obwegeser, 9 mm, 18 cm
raspatory, obwegeser, 11 mm, 18 cm
raspatory, obweges., round, 6 mm, 18 cm
raspatory, obweges., round, 7 mm, 18 cm
raspatory, obweges., round, 9 mm, 18 cm
raspatory, obweges., round, 11 mm, 18cm
elevator, obwegeser, 6 mm, 21 cm
raspatory, obwegeser, 6 mm, 21 cm
stripper, obwegeser, 10 mm, left, 18 cm
stripper, obwegeser, 10 mm, right, 18 cm
ramus stripper, obweg., 7.5 mm, 17.5 cm
ramus stripper, obweg., 11 mm, 17.5 cm
ramus raspatory, obweg., 5 mm, 21 cm
ramus raspatory, obweg., 7 mm, 21 cm
ramus raspatory, obweg., 9 mm, 21 cm
septum osteotome, obwegeser, 4 mm, 19 cm
septum osteotome, obwegeser, 6 mm, 19 cm
septum osteotome, obwegeser, 8 mm, 19 cm
wedge osteotome, obweges., 8 mm, 22.5 cm
wedge osteotome, obweg., 12 mm, 22.5 cm
wedge osteotome, obweg., 16 mm, 22.5 cm
wedge osteotome, obweges., 8 mm, 22.5 cm
wedge osteotome, obweges., 12 mm, 22.5 c
wedge osteotome, obweges., 16 mm, 22.5 c
blade osteotome, obweges., 8 mm, 22.5 cm
blade osteotome, obweg., 12 mm, 22.5 cm
blade osteotome, obweg., 16 mm, 22.5 cm
blade osteotome, obweg., 20 mm, 22.5 cm
fragment forceps, obwegeser, l., 21 cm
fragment forceps, obwegeser, r., 21 cm
bone separator, obwegeser, 15 mm, 22 cm
bone separator, obwegeser, 20 mm, 22 cm
blade osteotome, obweges., 8 mm, 22.5 cm
blade osteotome, obweges., 12 mm, 22.5 c
blade osteotome, obweges., 16 mm, 22.5 c
blade osteotome, obweges., 20 mm, 22.5 c
osteotome, obwegeser, cvd., 8 mm, 23 cm
osteotome, obwegeser, cvd., 11 mm, 23 cm
osteotome, elastic, cvd., 8 mm, 21 cm
osteotome, elastic, cvd., 11 mm, 21 cm
osteotome, obwegeser, 3 mm, 15.5 cm
osteotome, obwegeser, 4 mm, 15.5 cm
osteotome, obwegeser, 6.5 mm, 15.5 cm
maxillary-mobilizer, 12 mm, 23 cm
mandibula-awl, obwegeser, 15 cm
mandibula-awl, obwegeser, 17.5 cm
zygomatic awl, obwegeser, 24 cm
flat nose pliers, obwegeser, 12.5 cm
flat nose pliers, obwegeser, 13.0 cm
flat nose pliers, obwegeser, 15.0 cm
flat nose pliers, obwegeser, 13 cm
tc-wire twisting fcps., obwegeser, 14 cm
contour. forceps, convex/concave, 20 cm
contour. forceps, concave/convex, 20 cm
bone contouring forceps, flat, 20 cm
skin hook, tessier, sharp, 19 cm
atr. scalp forceps, tessier, 13.5 cm
nasal speculum, tessier, 35 mm, 13.5 cm
nasal speculum, tessier, 45 mm, 14 cm
nasal speculum, tessier, 70 mm, 15.5 cm
osteotome, tessier, str., 2 mm, 16 cm
osteotome, tessier, str., 3 mm, 16 cm
osteotome, tessier, str., 5 mm, 16 cm
osteotome, tessier, str., 7 mm, 16 cm
osteotome, tessier, str., 10 mm, 16 cm
osteotome, tessier, str., 14 mm, 16 cm
osteotome, tessier, str., 16 mm, 16 cm
osteotome, tessier, cvd., 5 mm, 16 cm
osteotome, tessier, cvd., 7 mm, 16 cm
osteotome, tessier, cvd., 10 mm, 16 cm
osteotome, tessier, str., 18 mm, 16 cm
osteotome, tessier, cvd., 10 mm, 18 cm
osteotome, tessier, str., 10 mm, 20 cm
osteotome, tessier, str., 15 mm, 20 cm
osteotome, tessier, str., 20 mm, 20 cm
osteotome, tessier, str., 30 mm, 20 cm
osteotome, tessier, cvd., 10 mm, 20 cm
osteotome, tessier, cvd., 15 mm, 20 cm
osteotome, tessier, str., 10 mm, 16 cm
osteotome, tessier, str., 15 mm, 16 cm
osteotome, tessier, cvd., 10 mm, 16 cm
osteotome, tessier, cvd., 15 mm, 16 cm
thorax ret., tessier, 90x22 mm, 21 cm
thor. retr., tessier, 120x28 mm, 26.5 cm
bone hold. fcps., tessier, 5 mm, 16.5 cm
bone hold. forceps, tessier, 5 mm, 18 cm
bone cutting forceps acc. to tessier
bone cutting forceps, tessier.18.5 cm
bone cutting forceps, tessier, 22 cm
bone shaping fcps., ang., 11 mm, 22 cm
raspatory, tessier, 30°, 6 mm, 18 cm
raspatory, tessier, 60°, 6 mm, 18 cm
raspatory, tessier, 12 mm, 20.5 cm
raspatory, tessier, 14 mm, 20.5 cm
nasal awl, tessier, ø 2.5 mm, 21 cm
perforator, tessier, ø 4.5 mm, 16.5 cm
trocar, tessier, ø 2.0 mm, 14 cm
spatula, tessier, mall., 10/12 mm, 22 cm
spatula, tessier, mall., 15/17 mm, 22 cm
spatula, tessier, mall., 20/22 mm, 22 cm
soft tiss. retr., tessier, 19x7/29x10 mm
soft tiss. ret., tessier, 20x13/30x15 mm
soft tiss. ret., tessier, 28x13/36x15 mm
soft tiss. ret., tessier, 33x12/43x15 mm
soft tiss. ret., tessier, 50x12/68x16 mm
soft tiss. ret., tessier, 30x12/38x16 mm
soft tiss. ret., tessier, 35x12/45x16 mm
soft tiss. ret., tessier, 50x12/70x16 mm
septum osteotome, tessier, str., 19 cm
osteotome, tessier, cvd., 10 mm, 18 cm
tessier-kawamoto osteotome, 9mm, 18cm
palatal osteotome, 22 cm
undermining sciss., tessier, cvd., 13 cm
tc-scissors, tessier, sh/sh, str., 15 cm
tc-sciss., tessier, bl/bl, str., 16.5 cm
reposition forceps, l., child, 23 cm
reposition forceps, l., adult, 23 cm
reposition forceps, r., child, 23 cm
reposition forceps, r., adult, 23 cm
caliper, tessier, up to 200 mm, 26 cm
perkins measuring device 14,5 cm
spreading forceps, tessier, 7 mm, 17 cm
mobilization lever, tessier, r., 9 mm
mobilization lever, tessier, l., 9 mm
caliper, marchac, 80 mm
elevator, steinberg, double, 18 cm
elevator, steinberg, double, 19.5 cm
elevator, steinberg, atr./sh., 22.5 cm
elevator, steinberg, 4 mm, 18.5 cm
ramus ret., steinberg, 60x9/13 mm, 22 cm
chin osteotomy retractor 6.5x80 mm
plate holding forceps 16 cm
eckelt repositioning forceps right
eckelt repositioning forceps left
fracture reduction clamp 15cm
eckelt tmj clamp left
eckelt tmj clamp right
suction dissector, marchac, str., 19 cm
osteotome, marchac, 4 mm, str., 18.5 cm
osteotome, marchac, 6 mm, str., 18.5 cm
osteotome, marchac, 8 mm, str., 18.5 cm
osteotome, marchac, 6 mm, cvd., 18.5 cm
bone hook, marchac, sharp, 20 cm
bone expander, marchac, 17.5 cm
cheek retractor, closed
cannula - single thorn
cannula - double thorn
cannula - smooth
depth gauge
hand brush, martin-aseptic, autoclaveab.
brush dispenser, f. 10 brushes, compl.
brush dispenser, f. 20 brushes, compl.
fingernail scissors, cvd., 10.5 cm
fingernail nipper, oblique cut, 14 cm
fingernail nipper, 14 cm
fingernail nipper, 14 cm
fingernail splitt. forceps, str., 13 cm
cuticle cutter, fine, cvd. edge, 11 cm
cuticle scissors, fine, str., 10.5 cm
cuticle scissors, fine, cvd., 10.5 cm
fingernail file, 9 cm
fingernail file, saphire coated, 16 cm
infection goggles, zeller, w/o shield
label, miniset, w. indicator, 1000 pcs.
silicone mat f. miniset container
silicone mat f. miniset tray
sterilizing forceps, cheatle, 27 cm
sterilizing forceps, 30 cm
needle case, perforated, 210x125x17 mm
needle case, perforated, 210x125x17 mm
bottom, marsafe, grey, 30x30x11cm
bottom, marsafe, grey, 30x30x14cm
bottom, marsafe, grey, 30x30x16cm
bottom, marsafe, grey, 30x30x21cm
bottom, marsafe, grey, 30x30x27cm
marsafe, grey, 30x30x11cm
marsafe, grey, 30x30x14cm
marsafe, grey, 30x30x16cm
marsafe, grey, 30x30x21cm
marsafe, grey, 30x30x27cm
bottom, marsafe, grey, perf., 30x30x11cm
bottom, marsafe, grey, perf., 30x30x14cm
bottom, marsafe, grey, perf., 30x30x16cm
bottom, marsafe, grey, perf., 30x30x21cm
bottom, marsafe, grey, perf., 30x30x27cm
marsafe, grey, perf., 30x30x11cm
marsafe, grey, perf., 30x30x14cm
marsafe, grey, perf., 30x30x16cm
marsafe, grey, perf., 30x30x21cm
marsafe, grey, perf., 30x30x27cm
bottom, marsafe, grey, 47x30x11cm
bottom, marsafe, grey, 47x30x14cm
bottom, marsafe, grey, 47x30x16cm
marsafe, grey, 47x30x11cm
marsafe, grey, 47x30x14cm
marsafe, grey, 47x30x16cm
bottom, marsafe, grey, perf., 47x30x11cm
bottom, marsafe, grey, perf., 47x30x14cm
bottom, marsafe, grey, perf., 47x30x16cm
marsafe, grey, perf., 47x30x11cm
marsafe, grey, perf., 47x30x14cm
marsafe, grey, perf., 47x30x16cm
bottom, marsafe, grey, 60x30x11cm
bottom, marsafe, grey, 60x30x14cm
bottom, marsafe, grey, 60x30x16cm
bottom, marsafe, grey, 60x30x21cm
bottom, marsafe, grey, 60x30x27cm
marsafe, grey, 60x30x11cm
marsafe, grey, 60x30x14cm
marsafe, grey, 60x30x16cm
marsafe, grey, 60x30x21cm
marsafe, grey, 60x30x27cm
bottom, marsafe, grey, perf., 60x30x11cm
bottom, marsafe, grey, perf., 60x30x14cm
bottom, marsafe, grey, perf., 60x30x16cm
bottom, marsafe, grey, perf., 60x30x21cm
bottom, marsafe, grey, perf., 60x30x27cm
marsafe, grey, perf., 60x30x11cm
marsafe, grey, perf., 60x30x14cm
marsafe, grey, perf., 60x30x16cm
marsafe, grey, perf., 60x30x21cm
marsafe, grey, perf., 60x30x27cm
marsafe +, grey, 30x30x11cm
marsafe +, grey, 30x30x14cm
marsafe +, grey, 30x30x16cm
marsafe +, grey, 30x30x21cm
marsafe +, grey, 30x30x27cm
marsafe +, grey, 47x30x11cm
marsafe +, grey, 47x30x14cm
marsafe +, grey, 47x30x16cm
marsafe +, grey, 60x30x11cm
marsafe +, grey, 60x30x14cm
marsafe +, grey, 60x30x16cm
marsafe +, grey, 60x30x21cm
marsafe +, grey, 60x30x27cm
bottom, marsafe, red, 30x30x11cm
bottom, marsafe, red, 30x30x14cm
bottom, marsafe, red, 30x30x16cm
bottom, marsafe, red, 30x30x21cm
bottom, marsafe, red, 30x30x27cm
marsafe, red, 30x30x11cm
marsafe, red, 30x30x14cm
marsafe, red, 30x30x16cm
marsafe, red, 30x30x21cm
marsafe, red, 30x30x27cm
bottom, marsafe, red, perf., 30x30x11cm
bottom, marsafe, red, perf., 30x30x14cm
bottom, marsafe, red, perf., 30x30x16cm
bottom, marsafe, red, perf., 30x30x21cm
bottom, marsafe, red, perf., 30x30x27cm
marsafe, red, perf., 30x30x11cm
marsafe, red, perf., 30x30x14cm
marsafe, red, perf., 30x30x16cm
marsafe, red, perf., 30x30x21cm
marsafe, red, perf., 30x30x27cm
bottom, marsafe, red, 47x30x11cm
bottom, marsafe, red, 47x30x14cm
bottom, marsafe, red, 47x30x16cm
marsafe, red, 47x30x11cm
marsafe, red, 47x30x14cm
marsafe, red, 47x30x16cm
bottom, marsafe, red, perf., 47x30x11cm
bottom, marsafe, red, perf., 47x30x14cm
bottom, marsafe, red, perf., 47x30x16cm
marsafe, red, perf., 47x30x11cm
marsafe, red, perf., 47x30x14cm
marsafe, red, perf., 47x30x16cm
bottom, marsafe, red, 60x30x11cm
bottom, marsafe, red, 60x30x14cm
bottom, marsafe, red, 60x30x16cm
bottom, marsafe, red, 60x30x21cm
bottom, marsafe, red, 60x30x27cm
marsafe, red, 60x30x11cm
marsafe, red, 60x30x14cm
marsafe, red, 60x30x16cm
marsafe, red, 60x30x21cm
marsafe, red, 60x30x27cm
bottom, marsafe, red, perf., 60x30x11cm
bottom, marsafe, red, perf., 60x30x14cm
bottom, marsafe, red, perf., 60x30x16cm
bottom, marsafe, red, perf., 60x30x21cm
bottom, marsafe, red, perf., 60x30x27cm
marsafe, red, perf., 60x30x11cm
marsafe, red, perf., 60x30x14cm
marsafe, red, perf., 60x30x16cm
marsafe, red, perf., 60x30x21cm
marsafe, red, perf., 60x30x27cm
marsafe +, red, 30x30x11cm
marsafe +, red, 30x30x14cm
marsafe +, red, 30x30x16cm
marsafe +, red, 30x30x21cm
marsafe +, red, 30x30x27cm
marsafe +, red, 47x30x11cm
marsafe +, red, 47x30x14cm
marsafe +, red, 47x30x16cm
marsafe +, red, 60x30x11cm
marsafe +, red, 60x30x14cm
marsafe +, red, 60x30x16cm
marsafe +, red, 60x30x21cm
marsafe +, red, 60x30x27cm
bottom, marsafe, blue, 30x30x11cm
bottom, marsafe, blue, 30x30x14cm
bottom, marsafe, blue, 30x30x16cm
bottom, marsafe, blue, 30x30x21cm
bottom, marsafe, blue, 30x30x27cm
marsafe, blue, 30x30x11cm
marsafe, blue, 30x30x14cm
marsafe, blue, 30x30x16cm
marsafe, blue, 30x30x21cm
marsafe, blue, 30x30x27cm
bottom, marsafe, blue, perf., 30x30x11cm
bottom, marsafe, blue, perf., 30x30x14cm
bottom, marsafe, blue, perf., 30x30x16cm
bottom, marsafe, blue, perf., 30x30x21cm
bottom, marsafe, blue, perf., 30x30x27cm
marsafe, blue, perf., 30x30x11cm
marsafe, blue, perf., 30x30x14cm
marsafe, blue, perf., 30x30x16cm
marsafe, blue, perf., 30x30x21cm
marsafe, blue, perf., 30x30x27cm
bottom, marsafe, blue, 47x30x11cm
bottom, marsafe, blue, 47x30x14cm
bottom, marsafe, blue, 47x30x16cm
marsafe, blue, 47x30x11cm
marsafe, blue, 47x30x14cm
marsafe, blue, 47x30x16cm
bottom, marsafe, blue, perf., 47x30x11cm
bottom, marsafe, blue, perf., 47x30x14cm
bottom, marsafe, blue, perf., 47x30x16cm
marsafe, blue, perf., 47x30x11cm
marsafe, blue, perf., 47x30x14cm
marsafe, blue, perf., 47x30x16cm
bottom, marsafe, blue, 60x30x11cm
bottom, marsafe, blue, 60x30x14cm
bottom, marsafe, blue, 60x30x16cm
bottom, marsafe, blue, 60x30x21cm
bottom, marsafe, blue, 60x30x27cm
marsafe, blue, 60x30x11cm
marsafe, blue, 60x30x14cm
marsafe, blue, 60x30x16cm
marsafe, blue, 60x30x21cm
marsafe, blue, 60x30x27cm
bottom, marsafe, blue, perf., 60x30x11cm
bottom, marsafe, blue, perf., 60x30x14cm
bottom, marsafe, blue, perf., 60x30x16cm
bottom, marsafe, blue, perf., 60x30x21cm
bottom, marsafe, blue, perf., 60x30x27cm
marsafe, blue, perf., 60x30x11cm
marsafe, blue, perf., 60x30x14cm
marsafe, blue, perf., 60x30x16cm
marsafe, blue, perf., 60x30x21cm
marsafe, blue, perf., 60x30x27cm
marsafe +, blue, 30x30x11cm
marsafe +, blue, 30x30x14cm
marsafe +, blue, 30x30x16cm
marsafe +, blue, 30x30x21cm
marsafe +, blue, 30x30x27cm
marsafe +, blue, 47x30x11cm
marsafe +, blue, 47x30x14cm
marsafe +, blue, 47x30x16cm
marsafe +, blue, 60x30x11cm
marsafe +, blue, 60x30x14cm
marsafe +, blue, 60x30x16cm
marsafe +, blue, 60x30x21cm
marsafe +, blue, 60x30x27cm
bottom, marsafe, orange, 30x30x11cm
bottom, marsafe, orange, 30x30x14cm
bottom, marsafe, orange, 30x30x16cm
bottom, marsafe, orange, 30x30x21cm
bottom, marsafe, orange, 30x30x27cm
marsafe, orange, 30x30x11cm
marsafe, orange, 30x30x14cm
marsafe, orange, 30x30x16cm
marsafe, orange, 30x30x21cm
marsafe, orange, 30x30x27cm
bottom, marsafe, orange,perf.,30x30x11cm
bottom, marsafe, orange,perf.,30x30x14cm
bottom, marsafe, orange,perf.,30x30x16cm
bottom, marsafe, orange,perf.,30x30x21cm
bottom, marsafe, orange,perf.,30x30x27cm
marsafe, orange, perf., 30x30x11cm
marsafe, orange, perf., 30x30x14cm
marsafe, orange, perf., 30x30x16cm
marsafe, orange, perf., 30x30x21cm
marsafe, orange, perf., 30x30x27cm
bottom, marsafe, orange, 47x30x11cm
bottom, marsafe, orange, 47x30x14cm
bottom, marsafe, orange, 47x30x16cm
marsafe, orange, 47x30x11cm
marsafe, orange, 47x30x14cm
marsafe, orange, 47x30x16cm
bottom, marsafe, orange,perf.,47x30x11cm
bottom, marsafe, orange,perf.,47x30x14cm
bottom, marsafe, orange,perf.,47x30x16cm
marsafe, orange, perf., 47x30x11cm
marsafe, orange, perf., 47x30x14cm
marsafe, orange, perf., 47x30x16cm
bottom, marsafe, orange, 60x30x11cm
bottom, marsafe, orange, 60x30x14cm
bottom, marsafe, orange, 60x30x16cm
bottom, marsafe, orange, 60x30x21cm
bottom, marsafe, orange, 60x30x27cm
marsafe, orange, 60x30x11cm
marsafe, orange, 60x30x14cm
marsafe, orange, 60x30x16cm
marsafe, orange, 60x30x21cm
marsafe, orange, 60x30x27cm
bottom, marsafe, orange,perf.,60x30x11cm
bottom, marsafe, orange,perf.,60x30x14cm
bottom, marsafe, orange,perf.,60x30x16cm
bottom, marsafe, orange,perf.,60x30x21cm
bottom, marsafe, orange,perf.,60x30x27cm
marsafe, orange, perf., 60x30x11cm
marsafe, orange, perf., 60x30x14cm
marsafe, orange, perf., 60x30x16cm
marsafe, orange, perf., 60x30x21cm
marsafe, orange, perf., 60x30x27cm
marsafe +, orange, 30x30x11cm
marsafe +, orange, 30x30x14cm
marsafe +, orange, 30x30x16cm
marsafe +, orange, 30x30x21cm
marsafe +, orange, 30x30x27cm
marsafe +, orange, 47x30x11cm
marsafe +, orange, 47x30x14cm
marsafe +, orange, 47x30x16cm
marsafe +, orange, 60x30x11cm
marsafe +, orange, 60x30x14cm
marsafe +, orange, 60x30x16cm
marsafe +, orange, 60x30x21cm
marsafe +, orange, 60x30x27cm
bottom, marsafe, green, 30x30x11cm
bottom, marsafe, green, 30x30x14cm
bottom, marsafe, green, 30x30x16cm
bottom, marsafe, green, 30x30x21cm
bottom, marsafe, green, 30x30x27cm
marsafe, green, 30x30x11cm
marsafe, green, 30x30x14cm
marsafe, green, 30x30x16cm
marsafe, green, 30x30x21cm
marsafe, green, 30x30x27cm
bottom, marsafe, green, perf.,30x30x11cm
bottom, marsafe, green, perf.,30x30x14cm
bottom, marsafe, green, perf.,30x30x16cm
bottom, marsafe, green, perf.,30x30x21cm
bottom, marsafe, green, perf.,30x30x27cm
marsafe, green, perf., 30x30x11cm
marsafe, green, perf., 30x30x14cm
marsafe, green, perf., 30x30x16cm
marsafe, green, perf., 30x30x21cm
marsafe, green, perf., 30x30x27cm
bottom, marsafe, green, 47x30x11cm
bottom, marsafe, green, 47x30x14cm
bottom, marsafe, green, 47x30x16cm
marsafe, green, 47x30x11cm
marsafe, green, 47x30x14cm
marsafe, green, 47x30x16cm
bottom, marsafe, green, perf.,47x30x11cm
bottom, marsafe, green, perf.,47x30x14cm
bottom, marsafe, green, perf.,47x30x16cm
marsafe, green, perf., 47x30x11cm
marsafe, green, perf., 47x30x14cm
marsafe, green, perf., 47x30x16cm
bottom, marsafe, green, 60x30x11cm
bottom, marsafe, green, 60x30x14cm
bottom, marsafe, green, 60x30x16cm
bottom, marsafe, green, 60x30x21cm
bottom, marsafe, green, 60x30x27cm
marsafe, green, 60x30x11cm
marsafe, green, 60x30x14cm
marsafe, green, 60x30x16cm
marsafe, green, 60x30x21cm
marsafe, green, 60x30x27cm
bottom, marsafe, green, perf.,60x30x11cm
bottom, marsafe, green, perf.,60x30x14cm
bottom, marsafe, green, perf.,60x30x16cm
bottom, marsafe, green, perf.,60x30x21cm
bottom, marsafe, green, perf.,60x30x27cm
marsafe, green, perf., 60x30x11cm
marsafe, green, perf., 60x30x14cm
marsafe, green, perf., 60x30x16cm
marsafe, green, perf., 60x30x21cm
marsafe, green, perf., 60x30x27cm
marsafe +, green, 30x30x11cm
marsafe +, green, 30x30x14cm
marsafe +, green, 30x30x16cm
marsafe +, green, 30x30x21cm
marsafe +, green, 30x30x27cm
marsafe +, green, 47x30x11cm
marsafe +, green, 47x30x14cm
marsafe +, green, 47x30x16cm
marsafe +, green, 60x30x11cm
marsafe +, green, 60x30x14cm
marsafe +, green, 60x30x16cm
marsafe +, green, 60x30x21cm
marsafe +, green, 60x30x27cm
bottom, marsafe, l.grey, 30x30x11cm
bottom, marsafe, l.grey, 30x30x14cm
bottom, marsafe, l.grey, 30x30x16cm
bottom, marsafe, l.grey, 30x30x21cm
bottom, marsafe, l.grey, 30x30x27cm
marsafe, l.grey, 30x30x11cm
marsafe, l.grey, 30x30x14cm
marsafe, l.grey, 30x30x16cm
marsafe, l.grey, 30x30x21cm
marsafe, l.grey, 30x30x27cm
bottom, marsafe, l.grey,perf.,30x30x11cm
bottom, marsafe, l.grey,perf.,30x30x14cm
bottom, marsafe, l.grey,perf.,30x30x16cm
bottom, marsafe, l.grey,perf.,30x30x21cm
bottom, marsafe, l.grey,perf.,30x30x27cm
marsafe, l.grey, perf., 30x30x11cm
marsafe, l.grey, perf., 30x30x14cm
marsafe, l.grey, perf., 30x30x16cm
marsafe, l.grey, perf., 30x30x21cm
marsafe, l.grey, perf., 30x30x27cm
bottom, marsafe, l.grey, 47x30x11cm
bottom, marsafe, l.grey, 47x30x14cm
bottom, marsafe, l.grey, 47x30x16cm
marsafe, l.grey, 47x30x11cm
marsafe, l.grey, 47x30x14cm
marsafe, l.grey, 47x30x16cm
bottom, marsafe, l.grey,perf.,47x30x11cm
bottom, marsafe, l.grey,perf.,47x30x14cm
bottom, marsafe, l.grey,perf.,47x30x16cm
marsafe, l.grey, perf., 47x30x11cm
marsafe, l.grey, perf., 47x30x14cm
marsafe, l.grey, perf., 47x30x16cm
bottom, marsafe, l.grey, 60x30x11cm
bottom, marsafe, l.grey, 60x30x14cm
bottom, marsafe, l.grey, 60x30x16cm
bottom, marsafe, l.grey, 60x30x21cm
bottom, marsafe, l.grey, 60x30x27cm
marsafe, l.grey, 60x30x11cm
marsafe, l.grey, 60x30x14cm
marsafe, l.grey, 60x30x16cm
marsafe, l.grey, 60x30x21cm
marsafe, l.grey, 60x30x27cm
bottom, marsafe, l.grey,perf.,60x30x11cm
bottom, marsafe, l.grey,perf.,60x30x14cm
bottom, marsafe, l.grey,perf.,60x30x16cm
bottom, marsafe, l.grey,perf.,60x30x21cm
bottom, marsafe, l.grey,perf.,60x30x27cm
marsafe, l.grey, perf., 60x30x11cm
marsafe, l.grey, perf., 60x30x14cm
marsafe, l.grey, perf., 60x30x16cm
marsafe, l.grey, perf., 60x30x21cm
marsafe, l.grey, perf., 60x30x27cm
marsafe +, l.grey, 30x30x11cm
marsafe +, l.grey, 30x30x14cm
marsafe +, l.grey, 30x30x16cm
marsafe +, l.grey, 30x30x21cm
marsafe +, l.grey, 30x30x27cm
marsafe +, l.grey, 47x30x11cm
marsafe +, l.grey, 47x30x14cm
marsafe +, l.grey, 47x30x16cm
marsafe +, l.grey, 60x30x11cm
marsafe +, l.grey, 60x30x14cm
marsafe +, l.grey, 60x30x16cm
marsafe +, l.grey, 60x30x21cm
marsafe +, l.grey, 60x30x27cm
lid f. marsafe, 30x30 cm
lid f. marsafe, 47x30 cm
lid f. marsafe, 60x30 cm
safety lid, marsafe
paper filter, marsafe, ø190/6mm, 500 pcs
label,w. ind.,doub.adh.,35x70mm,1000p.
coding label, marsafe, w/o text
coding label, marsafe, w. text
marsafe +, barrier system
lid f. marsafe +, 30x30 cm
lid f. marsafe +, 47x30 cm
lid f. marsafe +, 60x30 cm
needle case, perforated, 50x25x4.5 mm
needle case, perforated, 65x42x10 mm
needle case, perforated, 75x25x4.5 mm
needle case, round, closed, 67x18 mm
needle case, round, perf., f. 55-309-65
needle case, perforated, 150x95x13 mm
needle case, perforated, 150x95x13 mm
tub., cont. ms., 30x30x11 cm,handle,grey
tub., cont. ms., 30x30x14 cm,handle,grey
tub., cont. ms., 30x30x16 cm,handle,grey
tub., cont. ms., 30x30x21 cm,handle,grey
tub., cont. ms., 30x30x27 cm,handle,grey
container ms, 30x30x11 cm, handle grey
container ms, 30x30x14 cm, handle grey
container ms, 30x30x16 cm, handle grey
container ms, 30x30x21 cm, handle grey
container ms, 30x30x27 cm, handle grey
lid, ms ii, 2018, 30x30 cm
tub., cont. ms., 47x30x11 cm,handle,grey
tub., cont. ms., 47x30x14 cm,handle,grey
tub., cont. ms., 47x30x16 cm,handle,grey
container ms, 47x30x11 cm, handle grey
container ms, 47x30x14 cm, handle grey
container ms, 47x30x16 cm, handle grey
lid, ms ii, 2018, 47x30 cm
tub., cont. ms., 60x30x11 cm,handle,grey
tub., cont. ms., 60x30x14 cm,handle,grey
tub., cont. ms., 60x30x16 cm,handle,grey
tub., cont. ms., 60x30x21 cm,handle,grey
tub., cont. ms., 60x30x27 cm,handle,grey
container ms, 60x30x11 cm, handle grey
container ms, 60x30x14 cm, handle grey
container ms, 60x30x16 cm, handle grey
container ms, 60x30x21 cm, handle grey
container ms, 60x30x27 cm, handle grey
lid, ms ii, 2018, 60x30 cm
washing module f. 6 microstop discs
opening support, ms-scheibe
color-tag, black
color-tag, white
color-tag, red
color-tag, blue
color-tag, green
color-tag, yellow
color-tag, lilac
color-tag, orange
color-tag, grey
color-tag, light blue
coding label, ms2, w/o text, w/o hole
coding label, ms2, w/o text, w. hole
coding label, ms2, w. text, w/o hole
coding label, ms2, w. text, w. hole
container ms, 30x30x11 cm, handle red
container ms, 30x30x14 cm, handle red
container ms, 30x30x16 cm, handle red
container ms, 30x30x21 cm, handle red
container ms, 30x30x27 cm, handle red
container ms, 47x30x11 cm, handle red
container ms, 47x30x14 cm, handle red
container ms, 47x30x16 cm, handle red
container ms, 60x30x11 cm, handle red
container ms, 60x30x14 cm, handle red
container ms, 60x30x16 cm, handle red
container ms, 60x30x21 cm, handle red
container ms, 60x30x27 cm, handle red
container ms, 30x30x11 cm, handle blue
container ms, 30x30x14 cm, handle blue
container ms, 30x30x16 cm, handle blue
container ms, 30x30x21 cm, handle blue
container ms, 30x30x27 cm, handle blue
container ms, 47x30x11 cm, handle blue
container ms, 47x30x14 cm, handle blue
container ms, 47x30x16 cm, handle blue
container ms, 60x30x11 cm, handle blue
container ms, 60x30x14 cm, handle blue
container ms, 60x30x16 cm, handle blue
container ms, 60x30x21 cm, handle blue
container ms, 60x30x27 cm, handle blue
container ms, 30x30x11 cm, handle orange
container ms, 30x30x14 cm, handle orange
container ms, 30x30x16 cm, handle orange
container ms, 30x30x21 cm, handle orange
container ms, 30x30x27 cm, handle orange
container ms, 47x30x11 cm, handle orange
container ms, 47x30x14 cm, handle orange
container ms, 47x30x16 cm, handle orange
container ms, 60x30x11 cm, handle orange
container ms, 60x30x14 cm, handle orange
container ms, 60x30x16 cm, handle orange
container ms, 60x30x21 cm, handle orange
container ms, 60x30x27 cm, handle orange
container ms, 30x30x11 cm, handle green
container ms, 30x30x14 cm, handle green
container ms, 30x30x16 cm, handle green
container ms, 30x30x21 cm, handle green
container ms, 30x30x27 cm, handle green
container ms, 47x30x11 cm, handle green
container ms, 47x30x14 cm, handle green
container ms, 47x30x16 cm, handle green
container ms, 60x30x11 cm, handle green
container ms, 60x30x14 cm, handle green
container ms, 60x30x16 cm, handle green
container ms, 60x30x21 cm, handle green
container ms, 60x30x27 cm, handle green
storage rack, mt, frame, standard
storage rack, mt, abdominal extension
storage rack, mt, gynecology extension
storage rack, mt, urology extension
storage rack, mt, rectum extension
storage rack, mt, kidney extension
storage rack, mt, liver epigastrium
storage rack, mt, liver abd. extension
storage rack, mt, frame, obesity
storage rack, mt, extension, obesity
storage rack, mt, extension, gyn., obes.
storage rack, mt, frame, compact
storage rack, mt, proctology extension
storage rack, mt, pediatric extension
storage rack, mt, per. prostat. ext.
storage rack, mt, axilla/breast ext.
storage rack, din, arnett #1, 47x25x4cm
storage rack, din, arnett #2, 47x25x6cm
storage rack, 3/4, arnett #3, 41x25x4cm
storage rack f. punches
storage rack f. 4 punches
storage rack f. rongeurs, caspar
cleaning tray f. marcore a. mis-instr.
storage rack, rhoton instruments, #1-19
storage rack, monopolar electrodes
storage rack, marseal 5 plus
storage rack, limax foc.hp, 24x25x4cm
storage rack, marseal 5, 53x25x6cm
storage rack, marseal 10, 53x25x6cm
storage rack, marclamp cut, 28x17x4cm
storage rack, fiber prep. set, 24x25x6cm
feet for martray, 4 pcs.
martray, mini, 277x172x29 mm
martray, mini, 277x172x38 mm
martray, mini, 277x172x51 mm
martray, mini, 135x172x36mm
martray, mini, f. arthro., 277x84x36mm
martray, 1/2, 240x251x25 mm
martray, 1/2, 240x251x44 mm
martray, 1/2, 240x251x64 mm
martray, 1/2, 240x251x94 mm
martray, 3/4, 410x251x25 mm
martray, 3/4, 410x251x44 mm
martray, 3/4, 410x251x64 mm
martray, 3/4, 410x251x94 mm
martray, din, 477x251x25 mm
martray, din, 477x251x44 mm
martray, din, 477x251x64 mm
martray, din, 477x251x94 mm
martray, 1/1, 532x251x25 mm
martray, 1/1, 532x251x44 mm
martray, 1/1, 532x251x64 mm
martray, 1/1, 532x251x94 mm
hanging tray, f. tray h=94mm, 17x24x5cm
hanging tray, f. tray h=94mm, 26x24x5cm
hanging tray, f. tray h=94mm, 34x24x5cm
martray, endosc. small, 479x87x45 mm
martray, endosc. large, 479x137x45 mm
sterilizing pin, w. button end, 14 cm
lid f. tray 1/2, 243x255 mm
lid f. tray 3/4, 410x255 mm
lid f. tray din, 480x255 mm
lid f. tray 1/1, 535x255 mm
clip, only f. fixation element, 10 pc.
fixation elem. 1, tray, 6 fold ø 4-6 mm
fixation elem. 1, tray, 6 fold ø 6-8 mm
fixation elem. 1, tray, 6 fold ø 8-10 mm
fixation elem., high, 6 units, ø 4-6 mm
fixation elem., high, 6 units, ø 6-8 mm
fixation elem., high, 6 units, ø 8-10 mm
fixation elem., high, 3 units, ø 15 mm
fixation elem., high, 3 units, ø 20 mm
fixation elem., waved, 3 units
fixation elem., waved, high, 3 units
fixation elem., micro, universal
fixation element, ø3mm, universal
fixation elem., nubbed, 6 units
fixation elem., nubbed, high, 6 units
fixation elem., f. rigid scopes, ø 15 mm
holder, shaft f. rigid scopes, ø 4-6 mm
holder, shaft f. rigid scopes, ø 6-8 mm
holder, shaft f. rigid scopes, ø 8-10 mm
fixation elem., f. ring handles, h=26mm
fixation elem., f. ring handles, h=38mm
partition wall, tray, 123x9x22 mm
partition wall, tray, 123x9x40 mm
fixation elem.,retractor a. valve,w.rad.
fixation elem.,retractor a. valve,str.
holder, f. hanging tray, 4 pcs.
clip, f. holder 55-806-70-01, 4 pcs.
adapter unit f. foreign/standard trays
screw f. 55-806-90-07, 10 pcs
screwdriver f. 55-806-90-07
silicone mat f. 1/2 tray, 234x244 mm
silicone mesh f. tray 1/2, 23x25 cm
silicone mat f. 3/4 tray, 394x244 mm
silicone mesh f. tray 3/4, 40x25 cm
silicone mat f. din tray, 464x244 mm
silicone mesh f. tray din, 48x25 cm
silicone mat f. 1/1 tray, 524x244 mm
silicone mesh f. tray 1/1, 52x25 cm
sterilizing pin, w/o button, 14 cm
tray, wire mesh, 260x165x28 mm
tray, wire mesh, 260x165x47 mm
tray, wire mesh, 240x240x50 mm
tray, wire mesh, 480x240x50 mm
tray, wire mesh, 410x240x50 mm
tray, wire mesh, 410x240x70 mm
tray, wire mesh, 500x245x75 mm
tray, wire mesh, 500x245x100 mm
tray, perfor./wire mesh, 240x250x60 mm
tray, perfor./wire mesh, 240x250x75 mm
tray, perfor./wire mesh, 240x250x100 mm
tray, perfor./wire mesh, 410x250x60 mm
tray, perfor./wire mesh, 410x250x75 mm
tray, perfor./wire mesh, 410x250x100 mm
tray, perfor./wire mesh, 480x250x60 mm
tray, perfor./wire mesh, 480x250x75 mm
tray, perfor./wire mesh, 480x250x100 mm
tray, perfor./wire mesh, 510x250x60 mm
tray, perfor./wire mesh, 510x250x75 mm
tray, perfor./wire mesh, 510x250x100 mm
storage rack, spineworxx 1, 41x25x4 cm
storage rack, spineworxx 2, 41x25x9 cm
microstop miniset container 310x189x70mm
microstop miniset container 310x189x90mm
coding label, ms1, w. text, w/o hole
coding label, ms1, w/o text, w/o hole
coding label, ms1, w. text, w. hole
coding label, ms1, w/o text, w. hole
coding label, miniset, w. text
coding label, miniset, w/o text
logistic frame, black, f. container
logistic frame, white, f. container
logistic frame, red, f. container
logistic frame, blue, f. container
logistic frame, green, f. container
logistic frame, yellow, f. container
logistic frame, violet, f. container
logistic frame, orange, f. container
logistic frame, grey, f. container
logistic frame, light blue, f. container
holding device f. tray ident. lables
identification label f. trays, w. text
identification lable f. trays, w/o text
identification lable f. trays, w. text
identification lable f. trays, w/o text
identification label f. trays, 75x35 mm
sterilizing basket, 60x30x13 cm
sterilizing basket, 60x30x26 cm
small parts basket, mesh, 80x80x40 mm
small parts basket, mesh, 200x100x50 mm
spring safety hook
label, ms1+2, w. indicator, 1000 pcs.
seal, miniset, w/o indicator
seal, miniset, w. indicator
seal, ms1, marsafe, w/o indicator
seal, ms1, marsafe, w. indicator
seal, ms2, w/o indicator
seal, ms2, w. indicator
seal, marsafe, w/o indicator, 1000 pcs.
seal, marsafe, w. indicator, 1000 pcs.
lubripen,instrument oil,12ml,1000drops
supplies table 665x665x900 mm
open cabinet car 1070x670x1370 mm
open cabinet car 1070x670x1370 mm
roller cabinet, closed, 9 stu
roller cabinet, closed, 6 stu
round bowl, h = 74, ø 150 mm, 0.75 l
round bowl, h = 65, ø 160 mm, 1.0 l
round bowl, h = 70, ø 220 mm, 2.0 l
round bowl, h = 95, ø 240 mm, 3.0 l
round bowl, h = 130, ø 260 mm, 4.5 l
round bowl, h = 105, ø 300 mm, 6.0 l
round bowl, h = 140, ø 320 mm, 8.0 l
round bowl, h = 125, ø 380 mm, 11.0 l
round bowl, h = 150, ø 400 mm, 14.0 l
washing bowl, h = 90, ø 330 mm, 6.0 l
washing bowl, h = 115, ø 330 mm, 8.0 l
bowl, metal, h = 19, ø 40 mm, 0.02 l
bowl, metal, h = 30, ø 61 mm, 0.07 l
bowl, metal, h = 40, ø 80 mm, 0.14 l
bowl, metal, h = 50, ø 116 mm, 0.25 l
bowl, metal, h = 55, ø 128 mm, 0.35 l
bowl, metal, h = 65, ø 147 mm, 0.50l
bowl, metal, h = 75, ø 167 mm, 0.9 l
bowl, metal, h = 85, ø 187 mm, 1.3 l
bowl, flat, h = 35, ø 116 mm, 0.2 l
bowl, flat, h = 38, ø 128 mm, 0.3 l
bowl, flat, h = 38, ø 147 mm, 0.4 l
bowl, flat, h = 45, ø 167 mm, 0.5 l
bowl, flat, h = 45, ø 187 mm, 0.6 l
measuring cup, graduated, 100 ccm
measuring cup, graduated, 250 ccm
measuring cup, graduated, 500 ccm
measuring cup, graduated, 1000 ccm
measuring cup, graduated, 2000 ccm
dish, square, 230x155x30 mm
dish, square, 300x175x30 mm
dish, square, 300x175x40 mm
dish, square, 350x240x40 mm
dish, square, 470x320x50 mm
instrument tray, 210x160x11 mm
instrument tray, 240x180x9 mm
instrument tray, 300x160x11 mm
instrument tray, 310x205x11 mm
instrument tray, 335x235x10 mm
instrument tray, 425x290x19 mm
instrument tray, 400x300x12 mm
bowl, square, 235x190x40 mm
bowl, round, h =70, ø 220 mm
metal jar, h = 90 ø 30 mm
metal jar, h = 100 ø 50 mm
metal jar, h = 130 ø 50 mm
metal jar, h = 175 ø 50 mm
metal jar, h = 100 ø 75 mm
metal jar, h = 130 ø 75 mm
metal jar, h = 175 ø 75 mm
metal jar, h = 175 ø 100 mm
metal jar, h = 200 ø 100 mm
instr. box, lid w. button, 165x85x35 mm
instr. box, lid w. button, 200x100x35 mm
instr. box, lid w. button, 200x100x50 mm
instr. box, lid w. button, 230x130x50 mm
instr. box, lid w. button, 260x150x50 mm
instr. box, lid w. button, 270x235x50 mm
instr. box, lid w. button, 300x200x50 mm
instr. box, lid w. button, 325x275x50 mm
instrument box, 205x105x40 mm
round box, steel, w. lid, 100x60 mm
round box, steel, w. lid, 100x100 mm
round box, steel, w. lid, 125x80 mm
round box, steel, w. lid, 125x125 mm
round box, steel, w. lid, 150x150 mm
kidney dish, 170x100x35 mm
kidney dish, 250x140x40 mm
kidney dish, 275x150x45 mm
aquajet water jet pistol, compl.
aquajet-tip, no. 1
aquajet-tip, no. 2
aquajet-tip, no. 3
aquajet-tip, no. 4
aquajet-tip, no. 5
aquajet-tip, no. 6
aquajet-tip, no. 7
aquajet-tip, no. 8
aquajet-tip, no. 9
aquajet water jet pistol, only
cleaning brush, 250x70x3 mm
cleaning brush, 425x70x3 mm
cleaning brush, 285x75x7 mm
cleaning brush, 270x65x8 mm
cleaning brush, 270x65x12 mm
cleaning brush, 230x60x13 mm
cleaning brush, 205x60x15 mm
cleaning brush, 215x65x20 mm
cleaning brush, 215x65x25 mm
cleaning brush, 215x65x30 mm
cleaning brushes, set of 5 brushes
cleaning brush, 210x60x13 mm
cleaning brush, 275x75x12 mm
cleaning brush, 275x90x15 mm
cleaning brush, 320x150x30 mm
cleaning brush, 320x130x50 mm
cleaning brush, 360x140x35 mm
cleaning brush, 440x180x40 mm
cleaning brush, 510x135x60 mm
cleaning brush, 490x150x80 mm
cleaning brush, 490x160x60 mm
cleaning brush, 420x130x75 mm
cleaning brush, 330x130x50 mm
brush, conic, 400x190x8/20 mm
brush, conic, 290x110x18/33 mm
brush, conic, 315x85x15/25 mm
glass-cleaning brush, 415x70x8/15 mm
buerette brush, 1000x180x16 mm
cleaning brush, 210x95 mm
waste bucket, h = 305 mm, ø 325 mm, 15 l
waste forceps, martin, 63 cm
waste forceps, sauerbruch, 55 cm
rfid, tags, instruments
rfid, tags, containers
rfid, tags, trays
rfid, tags, cables
rfid, tags, plasma sterilization
rfid, tags, trolleys
rfid, module 1, administration
rfid, module 1, administration, light
rfid, module 1, insights
rfid, module 2,packing station and rules
rfid, handscanner, rumed
rfid, module 3, service station
rfid, module 4, checkbox set, or
rfid, module 4, checkbox in
rfid, module 4, checkbox out
rfid, module 4, infostation
rfid, module 5, checkbox set, rumed
rfid, module 6, gates
rfid, module 7, status, or
rfid, module 8, status, rumed
rfid, software customization
rfid, tags, application
assembly modul f. ms2 container
functional test modul f. ms2 container
metal spring f. front label, ms1
metal spring f. front label, miniset
metal spring f. front label, ms2
metal spring f. lid label, miniset
corners f. miniset-tray, h=30mm, 4 pcs
corners f. miniset-tray, h=38mm, 4 pcs
corners f. miniset-tray, h=54mm, 4 pcs
centration f. gasket f. lid microstop
no.1, opening support, right, f. ms2
no.6, spring f. holding unit, f. ms2
no.11, fixation inlay, f. ms2
no.14, red/green indicator, f. ms2
no.15, screw, 2 mm, f. ms2
no.16, screw, 3 mm, f. ms2
nr. 14-2, dist. ring, indicator, f. ms2
no.2-2, opening support,left(2016),f.ms2
handle plate, ms ii, compl., 2018, grey
handle plate, ms ii, compl., 2018, red
handle plate, ms ii, compl., 2018, blue
handle plate, ms ii, compl., 2018,orange
handle plate, ms ii, compl., 2018, green
spring only,left f.transport handle p.6
feder f.seitenklappen allein      pos. 8
schrauben mit muttern fig.2  p4/14/15/16
screw+square nut for hold.of glass fig 1
dichtung z.einstellschr.f.druck pos.14
sleeve pos.2 spare part for 73-101-00
kolben pos.4, ersatzteil f. 73-101-00
o-ring pos.17, ersatzteil f. 73-101-00
ventilmutter pos.12, ersatzt.f.73-101-00
ventilfeder pos.13, ersatzt.f.73-101-00
ventilstange pos.16, ersatzt.f.73-101-00
spare ring pos. 19 to 73-101-00
spare ring pos. 15 to 73-101-00
spare ring pos. 11 to 73-101-00
holder f. filter, marsafe
metal spring f. front label, marsafe
medled chrome, headstrap, ht
medled chrome, headstrap, st
bezel mc3
bezel mc6
bezel mc7 pro
screw; m2,3xø3,5x7mm; 25 pcs.
screw; m2,0xø3,0x8mm; 25 pcs.
screw; m4,0x ø6,0x12mm; 25 pcs.
screw; m4,0xø6,5x12,5mm; 25 pcs.
screw; m1,2xø1,6x3,4mm; 25 pcs.
screw; spring; m2,3xø4,5x6,8mm; 25 pcs.
screw; m3,0xø4,5x7,5mm; 25 pcs.
screw; m2,6xø4,0x7,5mm; 25 pcs.
screw; spring; m3,0x5,0x10,0mm; 25 pcs.
screw; m3xø4,5x8,0mm; 25 pcs.
screw; facon; m2,0xø7,1x18,0mm; 25 pcs.
screw; m2,3xø3,0x5,5mm; 25 pcs.
screw; spring; m2,3xø4,0x7,7mm; 25 pcs.
screw; m1,7xø2,2x5,0mm; 25 pcs.
screw; m3,0xø5,0x8,2mm; 25 pcs.
screw; m1,7xø2,5x5,2mm; 25 pcs.
screw; m3,0xø4,0x9,5mm; 25 pcs.
screw; m3,0xø5,0x9,6mm; 25 pcs.
tc insert; 20x6x0,6mm; 0,5; 10 pcs.
tc insert; 12x2x0,6mm; smooth; 10 pcs.
tc insert; 12x2x0,6mm; 0,3; 10 pcs.
tc insert; 12x2x0,6mm; 0,4; 10 pcs.
tc insert; 12x3,5x0,6mm;  0,4; 10 pcs.
tc insert; 15x5x0,5mm; smooth; 10 pcs.
tc insert; 15x5x0,4mm; 0,2; 10 pcs.
tc insert; 15x5x0,6mm; 0,4; 10 pcs.
tc insert; 17x5,5x0,6mm; 0,4; 10 pcs.
tc insert; 17x5,5x0,6mm; 0,5; 10 pcs.
tc insert; 19x6x0,6mm; 0,3; 10 pcs.
tc insert; 19x6x0,6mm; 0,4; 10 pcs.
tc insert; 19x6x0,6mm;  0,5; 10 pcs.
tc insert; 20x6x0,6mm;  0,4; 10 pcs.
tc insert; 20x8x0,6mm; 0,5; 10 pcs.
tc insert; 17x3,5x0,4mm; 0,3; 10 pcs.
tc insert; 17x2x0,6mm; 0,4; 10 pcs.
tc insert; 17x5,5x0,6mm; 0,3; 10 pcs.
screw; m2,0xø3,0x4,6mm; 25 pcs.
spring for 20-516-14-07; 5 pcs.
spring for 20-516-17-07; 5 pcs.
spring for 20-516-20-07; 5 pcs.
screw; spring; m3,5xø6,0x12mm; 25 pcs.
screw; spring, m2,6xø5,0x8,1mm; 25 pcs.
screw; m2,0xø3,0x10,1mm; 25 pcs.
spring for 25-052-18-07; 5 pcs.
spring for 25-052-18-07; 5 pcs.
screw; m2,6xø5,5x11,5mm; 25 pcs.
spare blade f. 10-878-00
spare blade f. 10-880-00
skinstraightening plate f. 10-880-00
screw small with slit for schick dermat.
kap for rod
spare blade, alone
screw in the middle of the blade
spacer for 10-882-19
knurl.screw w. int. thr. f. spacer shaft
tension sheet metal with 3 drill holes
screw only for 11-100-11
screw only
screw only for 11-180-17/11-181-17
substitute screw for 11-250-14/11-255-14
substitute screw for 11-280-18/11-285-18
substitute screw for 11-280-23/11-285-23
substitute screw for 11-280-20/11-285-20
screw only
screw only
tc-insert 20x6x0,6/0,5 mm to 12-230-17
tc-insert 10x3,5x0,4/0,3mm to 12-276-18
spare feather for 13-132-40/50 soft vena
feder f. 13-142-30/35
feder f. 13-142-40/50
obturator, zeitlin
spring only
screw for adson retractor
spring only
barrier for 15-732-20
tigger for 15-732-20
spare spring only
barrier for 15-734-20
tigger for 15-734-20
spare spring only
barrier for 15-736-26
tigger for 15-736-26
feater only for 15-738-26
feather for 15-750-13
lock for mollison wound retractor
tigger for mollison wound retractor
spare spring and lock only
spare spring and ratch only
spare spring and ratch only
spare spring and ratch only
spare spring and ratch only
tooth catch for wound retractor 15-776-
spring only
spare spring and ratch only
schraube (unten) kastenteil
spare spring and ratch only
spare spring and ratch only
spring only
spare spring and ratch only
knurled nut for 15-822-22
spare screw for 15-826-00
spring alone f. abdom. retract.
rahmen fuer 15-856-00 allein
screw for side blade for 15-868-00
druecker mit feder allein
raendelmutter fuer valve
toggle alone of 15-910-50
wing screw f. arm system 15-910-01-07
locking screw f. block 15-910-50-07
martract cap screw for 15-920-40-07
martract pressure disk for 15-920-40-07
medled chrome, usb cable (only)
medled chrome, spare head band, ht, ncv
medled chrome, spare head band, st, ncv
medled spectra, spare padding set
medled spectra, spare head unit, cpl.
medled spectra, spare batteries, 2pc.
mandrin fuer saugkanuele 18-523-08
suction head, only, for 18-542-21-01
suction tip only f. 18-543-27-01
suction head for 18-563-31
tip only for suction tube
battery handle f. laryngoscope
spare bulb, large
spare bulb, small
storage case, f. 4 str. laryng. blades
storage case, f. 4 cvd. laryng. blades
xenon bulb, 2.5 volt
substitute screw a.-feather f.20-516-14
substitute screw a.-feather f.20-516-20
substitute screw a.-feather f.20-516-17
spare spring only for 20-526-17
tc-einsatz             stck.
tc-insert 15x5x0,6mm/0,4mm zu 20-638-15
tc-insert for 20-640-18/-20/-26 pair
tc-insert 17x5,5x0,6/0,5mm zu 20-642-16
tc-insert 19x6x0,6mm/0,5mm zu 20-642-18
tc-insert 20x8x0,6mm/0,5mm zu 20-643-20
tc-insert 19x6x0,6mm/0,4mm zu 20-646-23
tc-insert 12x3,5x0,6/0,4mm z. 20-652-17
tc-insert 10x3,5x0,6/0,4 mm f. 20-652-15
tc-insert 17x3,5x0,6mm/0,3mm 20-654-20
tc-insert 19x6x0,6mm/0,3mm zu 20-658-18
tc-insert 15x5x0,4mm/0,2mm zu 20-670-01
tc-einlage 17x5,5x0,4mm/0,2mm  20-670-02
spare feather for 20-676-17 only
schraube fuer feder allein
feather for 20-678-20
spare knife for plast.shears
spare screw only
spare blade f. 21-275-23
spare blade f. 21-275-26
spare blade f. 21-275-37
locking washer m3 for 21-551-00
screw 3x38mm for 21-551-00
screw 3x24mm for 21-551-00
set of springs and clamping caps
overload switch for plaster saw 21-551-
splint betw. shaft and drive.f.21-551-00
mains switch for 21-551-00 (on/off)
shaft (from 1995)
key pair for 21-551-00/01
mains cab.w. anti-buckl.  plast. shears
1 pair carbon brushes f. plaster saw
needle bearing rnao f. 21-551-00
anchor
electro.oscill. plaster saw
control board f.21-551-01
retaining ring 4x4x1 for 21-551-01
grooved ball bearing for 21-551-01
self-aligning bearing
retaining ring 9.5x3 for 21-551-01
screw nut f. attaching saw blade.
hand crank wtht conical gear f.22-140-00
union nut f. drillfix. f. 22-140-00
knurled nut for hand crank m5
axis f.conical gear wheel & hand crank
bohrfutter fuer moore bohrapparat
key, f. 22-158-06
tc-insert pcs.
spare spring for act. pliers
pair of tc-inserts only (22-511-02-07)
tc-insert f. forceps
tungsten carbide insert
spare feather for 22-523-22
tc-inserts for 22-523-16
tc-einlage fuer 22-524-15
tc-insert for 22-526-18
spare key
small gear / pinion
large gear / pinion
jakobs drill chuck w. key f. ralk cuck
fixation screw f. 23-130-00
heft f}r flachmeissel allein
spare facings (pair) for 23-220-17-02
union cap for 23-220-17
ferrozell handle w. riv. f. 23-244-24-07
mallet, spare jaw
screws f. 23-681-20
spare-part for 23-730-17
spare screw for ulrich bone holding
spare feather for 23-747-28
double feather only for 23-777-01/-02
doppelfeder allein
spare feather for 23-819-18
spare feather for 23-876-15
screw only
spare spring for 23-881-18
screw for 23-901-23
spare feather for 23-910-22 (pair)
spare screw for 23-910-22/23-911-22
spring alone f. hollow chisel pliers
spring only for bone cutt fo
feather for 23-957-27-07
key, f. 23-970-17
key, only, f. 23-975-17
feather for brunner rib shears
kurbel mit trieb fuer 24-161-01
handle with screw for 24-166-02
spare screw for 24-174-02
tuffier retract/raendelschr.
luer-adaptor, f. 24-502-00, (luer/lock)
combination wrench, f. 24-502-00, 10 cm
eyed stilette
spare pin, f. 24-643-01
spare spring only
spare doub.feather f.24-982-03/-987-05
button f.soft tissue retr.25-474-00-01
fluegelschraube allein f.30-647-00
winged nut only, f. 30-647-00
knurled nut for 31-765-32
konus allein 11mm
cone only               13mm
cone only 8 mm
konus allein 16 mm
pair of tube for 31-881-11
schraube und mutter fuer kl.griff/cusco
knurled nut for 32-110-02
screw only for 32-110-01/02/03
griff,gross f.32-110-01/03
knurled nut and threaded rod f.32-110-xx
gewindestange mit r[ndelmutter (klein)
knurled nut for vag.speculum
schraube f.kleinen griff zu 32-112-01
knurled nut for vag.speculum
set of screws
screw connection cpl. f.handle 32-116-xx
knurled nut big for 32-116-01
spare screw for 32-120-01/02/03
knurled nut only
weight for auvard vag. specula
spare spring f.endospecul, kogan
o-ring for connecting piece
loop holder for 36-351-16
loop holder f. 36-353-16
hartmann halle hinged spring
spring f.36-848-13
spare spring only
spare spring only
hinged spring only
hinged spring only
attachment f. polyp loop
loop guide only
loop holder f. polyp loop
kerrison rong forceps 5 mm
obturator f. 37-840-20
chain f. mckesson mouth props, 18 cm
leaf spring for molt mouth gag
95are rubber f. 38-161-14, pair
spare rubber f. 38-161-11, pair
silicone cap for mouth gag
cleft plate f. teethless, f. 38-198-00
silicone insert f. mouth gag
spring for mouth gag
silicone tube f. frame 38-222-10
rubber inserts, pair, f. 38-467-17
chain only, f. 38-843-19, 55 cm
spring f. 38-846-20
bolt for tonsil snare
guiding rod w. loop t. 39-506-28-07
bruenings tonsil snare
guide rod between loop and handle
thumb ring with spring and screw
inner part f.extension rod 39-584-20
power adapter for om sharp 1
pin 3mm only
spare key f. 46-582-01-07
teflon insert f. 47-584-01
replacement rod for 48-370-30-07 (10p)
replacement screw for 48 -370-30-07
ratchet lever w. push button f.50-501-01
spare glass, plastic, f. 54-150-xx
ellipt.bogie spring f.nipper
screw f. ellipt.bogie spring
spare spring for nail nipper
spare spring for nail nipper
spring for nipper
basic-instrument bar, short, 75 mm
spring element, h=30 mm, crossw., 162 mm
spring element, h=30 mm, short 75 mm
fixation frame f. miniset-container
handle f. miniset tray lid
silicon bar f. lid 55-015-xx, 1 pc.
panel, marsafe, grey
panel, marsafe, red
panel, marsafe, blue
panel, marsafe, orange
panel, marsafe, green
panel, marsafe, l.grey
insertion guide f. panel, marsafe
color clips, ms ii, 2018, pair, grey
microstop disc, green
insertion guide, microstop
disc, ms ii, 2018, blue
color clips, ms ii, 2018, pair, red
color clips, ms ii, 2018, pair, blue
color clips, ms ii, 2018, pair, orange
color clips, ms ii, 2018, pair, green
bottom, martray, mini, 29 mm
bottom, martray, mini, 38 mm
microstop miniset handle plate
disc, microstop, yellow
microstop disc, yellow, k.storz
microstop disc, yellow, geuder
fixation clip
wheel with arrestor, for 55-998-04-01
shelf closed
wandabweiser-scheiben grau zu 55-998-03
spare wheel w/o lock f. 55-998-05
rubber deflector f. 55-998-05
rail profiles alone f. 55-998-04
schluessel f.55-998-05 nr.fh 001 haefele
wire loops f. screwing to 55-998-03
transport lock for shelf rack 55-998-03
push handle for shelf trolley 55-998-03
rollers 150 mm dia.f. shelf tr.55-998-03
kunststoffeck.f.bereitstell.t. 55-998-01
befestigungsschrauben fuer 55-998-97-98
shelf alone for 55-998-05
fachboden f}r containerwagen
fachboden f}r containerwagen
fachboden f}r containerwagen
storage plate f. tunneler tips
pressure tubing for aquajet 2 m
aufsteckleiste fuer aquajet aufsaetze
pressure tubing           1m
spring only for m-aquajet
zwischenstueck zu 73-101-00
coupling, 1/2 inch
coupling, 3/4 inch
spare ring no. 7 for 73-101-00
rep.-scalpel handle
rep.-amputation/organ/dissecting blade
rep.-ring cutter
rep.-scissors, standard
rep.-scissors, tc-gold
rep.-martin-aquila-scissors
rep.-stille plaster scissors
rep.-bandage scissors
rep.-micro scissors
rep.-micro ear scissors
rep.-rib shears (bone shears)
rep.-forceps, standard
rep.-forceps, tc-gold
rep.-micro dressing/eye forceps
rep.-micro dressing forceps, dia. coated
rep.-needle holder, standard
rep.-needle holder, olsen-hegar
rep.-needle holder, tc-gold
rep.-needle holder, olsen-hegar, tc-gold
rep.-micro needle holder
rep.-micro needle holder, tc-gold
rep.-micro needle holder, dia. coated
rep.-clamp, standard
rep.-clamp, standard, atraumatic
rep.-clamp, special, stomach, bowel
rep.-clamp, bulldog-titanium-minivascul.
rep.-organ-, tampon-, dress forceps
rep.-tenaculum forceps
rep.-nasal-/ear tampon forceps
rep.-septum forceps
rep.-bone holding forceps
rep.-reposition forceps
rep.-tedon forceps
rep.-flat nose pliers, standard
rep.-flat nose pliers, transmission
rep.-flat nose pliers- stellite, tc-gold
rep.-side nipper-wire cutter, stand.
rep.-side nipper-wire cutter, tc-gold
rep.-side nipper-wire cutter, transm.
rep.-side nipper-w.-cutter, transm.tc-g.
rep.-side nipper-w.-cutter,special,tc-g.
rep.-bone rongeurs-cutting forc., single
rep.-bone rongeurs-cutting forc. c.-over
rep.-technical forceps dental
rep.-plaster spreader
rep.-nipper
rep.-retractor general
rep.-nervehook, vessel, fistularetractor
rep.-raspatory-elevator
rep.-raspatory-elevator w. new handle
rep.-elevator, double
rep.-chisel- osteotome
rep.-chisel- osteotome w. new handle
rep.-curettes, sharp/blunt
rep.-curettes, sharp/blunt w. new handle
rep.-bone curette
rep.-curette, sharp/blunt
rep.-bone lever (hohmann)
rep.-wound spreader, standard
rep.-wound spreader with joints
rep.-abdominal retractor
rep.-valve for abdominal retractor
rep.-sternal retractor
rep.-mouth gag, mouth holder, standard
rep.-mouth gag, mouth holder, special
rep.-fine shaft instruments
rep.-biopsy forceps
rep.-conchotom forceps
rep.-biopsy forceps
rep.-punch
rep.-laminektomy punch
rep.-arthroscopy forceps
rep.-spenoid punches, sinus punches
rep.-micro-ear-forceps
rep.-tracheal dilators-trocars
rep.-uterine dilators
rep.-metal catheter, dilatation instrum.
rep.-catheter introduction instruments
rep.-vaginal specula
rep.-nasal and ear specula
rep.-vaginal retractor
rep.-rectum speculum, anal spreader
rep.-redon needle
rep.-verres cannulas
rep.-hollow probe
rep.-spatula general
rep.-cannulas
rep.-puncture needle
rep.-trocar point
rep.-suction-irrigation tube
rep.-gallstone probes (gallstone scoop)
rep.-uterine probe
rep.-mallet, standard
rep.-mallet w. new handle
rep.-drill, standard
rep.-drill guide
rep.-tap
rep.-skull breaker
rep.-awl
rep.-screw driver
rep.-screw driver w. new handle
rep.-finger ring saw
rep.-depth finder
rep.-temper
rep.-temper w. new handle
rep.-ball spike
rep.-ball spike w. new handle
rep.-clips and application forceps
rep.-nerve root retractors, dura hooklet
rep.-bone curette
rep.-dental forceps
rep.-per unit
repair charges general
