dao phẫu tích liền cán, số 1, chiều dài lưỡi 30 mm, dài 15 cm
dao phẫu tích liền cán, số 2, chiều dài lưỡi 36 mm, dài 15 cm
dao phẫu tích liền cán, số 3, chiều dài lưỡi 40 mm, dài 15.5 cm
dao phẫu tích liền cán, số 4, chiều dài lưỡi 45 mm, dài 16 cm
dao phẫu tích liền cán, số 5, chiều dài lưỡi 50 mm, dài 16 cm
dao phẫu tích liền cán, số 6, chiều dài lưỡi 27 mm, dài 15 cm
dao phẫu tích liền cán, số 7, chiều dài lưỡi 35 mm, dài 15 cm
dao phẫu tích liền cán, số 8, chiều dài lưỡi 40 mm, dài 16 cm
dao phẫu tích liền cán, số 9, chiều dài lưỡi 47 mm, dài 16 cm
dao phẫu tích liền cán, số 10, chiều dài lưỡi 50 mm, dài 17 cm
dao phẫu tích não virchow, chiều dài lưỡi 160 mm, dài 30 cm
dao phẫu tích não virchow, chiều dài lưỡi 200 mm, dài 33.5 cm
dao phẫu tích não virchow, chiều dài lưỡi 240 mm, dài 38 cm
cán dao  nagata, nhỏ
cán dao  nagata, lớn
lưỡi dao nagata, 3 mm
lưỡi dao nagata, 4.5 mm
lưỡi dao nagata, 6 mm
kẹp lưỡi dao troutman-chris, thẳng, dài 9 cm
kẹp lưỡi dao castroviejo, dài 13 cm
cán dao phẫu thuật, số 4, dài 13.5cm
cán dao phẫu thuật, số 3 & 4, dài 16 cm
cán dao phẫu thuật, số 4l, dài 21 cm
cán dao phẫu thuật, số 4l/ gập góc, dài 20.5 cm
cán dao phẫu thuật collin, số 9, dài 15.5 cm
cán dao phẫu thuật, đầu xoay, dài 15.5 cm
cán dao phẫu thuật, số 3, dài 16 cm
cán dao phẫu thuật, số 3, dài 12 cm
cán dao phẫu thuật, số 3l, dài 21.5 cm
cán dao phẫu thuật, số 3l/ gập góc, dài 21.5 cm
cán dao phẫu thuật, số 3xl, dài 26 cm
cán dao phẫu thuật, số 7, dài 16 cm
cán dao phẫu thuật, số 7k, dài 12.5 cm
cán dao phẫu thuật, số 3, dài 15 cm
cán dao phẫu thuật, số 3, dài 12.5 cm
cán dao phẫu thuật, số 3, thẳng, dài 14 cm
cán dao phẫu thuật, số 3/ gập góc, dài 14 cm
cán dao phẫu thuật kaye, số 3, dài 15 cm
cán dao phẫu thuật landolt, kiểu lưỡi lê, dài 21 cm
cán dao phẫu thuật landolt, kiểu lưỡi lê, dài 25 cm
cán dao phẫu thuật, dài 21.5 cm
cán dao phẫu thuật, kiểu lưỡi lê, dài 21 cm
cán dao phẫu thuật, dài 15.5 cm
lưỡi dao mổ dùng 1 lần, số 10, hộp 100 chiếc
lưỡi dao mổ dùng 1 lần, số 11, hộp 100 chiếc
lưỡi dao mổ dùng 1 lần, số 12, hộp 100 chiếc
lưỡi dao mổ dùng 1 lần, số 15, hộp 100 chiếc
lưỡi dao mổ dùng 1 lần, số 18, hộp 100 chiếc
lưỡi dao mổ dùng 1 lần, số 20, hộp 100 chiếc
lưỡi dao mổ dùng 1 lần, số 21, hộp 100 chiếc
lưỡi dao mổ dùng 1 lần, số 22, hộp 100 chiếc
lưỡi dao mổ dùng 1 lần, số 23, hộp 100 chiếc
lưỡi dao mổ dùng 1 lần, số 24, hộp 100 chiếc
lưỡi dao mổ dùng 1 lần, số 36, hộp 100 chiếc
lưỡi dao mổ dùng 1 lần, số 12d, hộp 100 chiếc
lưỡi dao mổ dùng 1 lần, số 15c, hộp 100 chiếc
cán dao vi phẫu, dài 13.5 cm
dụng cụ gỡ lưỡi dao kling-ex
dao phẫu thuật liền cán dùng 1 lần, số 20, hộp 10 chiếc
dao phẫu thuật liền cán dùng 1 lần, số 21, hộp 10 chiếc
dao phẫu thuật liền cán dùng 1 lần, số 22, hộp 10 chiếc
dao phẫu thuật liền cán dùng 1 lần, số 23, hộp 10 chiếc
dao phẫu thuật liền cán dùng 1 lần, số 24, hộp 10 chiếc
dao phẫu thuật liền cán dùng 1 lần, số 10, hộp 10 chiếc
dao phẫu thuật liền cán dùng 1 lần, số 11, hộp 10 chiếc
dao phẫu thuật liền cán dùng 1 lần, số 12, hộp 10 chiếc
dao phẫu thuật liền cán dùng 1 lần, số 15, hộp 10 chiếc
dao phẫu thuật liền cán dùng 1 lần, số 12d, hộp 10 chiếc
dao phẫu thuật liền cán dùng 1 lần, số 15c, hộp 10 chiếc
dao phẫu thuật liston, chiều dài lưỡi 190 mm, dài 32 cm
dao phẫu thuật, chiều dài lưỡi 65 mm, dài 19 cm
dao lấy da humby, dài 32 cm
dao lấy da schink, dài 30 cm
dao lấy da silver, dài 19.5 cm
kéo phẫu thuật, thẳng, mũi tù/ tù, dài 12 cm
kéo phẫu thuật, thẳng, mũi tù/ tù, dài 13 cm
kéo phẫu thuật, thẳng, mũi tù/ tù, dài 14.5 cm
kéo phẫu thuật, thẳng, mũi tù/ tù, dài 16.5 cm
kéo phẫu thuật, thẳng, mũi tù/ tù, dài 18.5 cm
kéo phẫu thuật, thẳng, mũi tù/ tù, dài 20.5 cm
kéo phẫu thuật, thẳng, mũi nhọn/ tù, dài 12 cm
kéo phẫu thuật, thẳng, mũi nhọn/ tù, dài 13 cm
kéo phẫu thuật, thẳng, mũi nhọn/ tù, dài 14.5 cm
kéo phẫu thuật, thẳng, mũi nhọn/ tù, dài 16.5 cm
kéo phẫu thuật, thẳng, mũi nhọn/ tù, dài 18.5 cm
kéo phẫu thuật, thẳng, mũi nhọn/ tù, dài 20.5 cm
kéo phẫu thuật, thẳng, mũi nhọn/ nhọn, dài 12 cm
kéo phẫu thuật, thẳng, mũi nhọn/ nhọn, dài 13 cm
kéo phẫu thuật, thẳng, mũi nhọn/ nhọn, dài 14.5 cm
kéo phẫu thuật, thẳng, mũi nhọn/ nhọn, dài 16.5 cm
kéo phẫu thuật, cong, mũi tù/ tù, dài 12 cm
kéo phẫu thuật, cong, mũi tù/ tù, dài 13 cm
kéo phẫu thuật, cong, mũi tù/ tù, dài 14.5 cm
kéo phẫu thuật, cong, mũi tù/ tù, dài 16.5 cm
kéo phẫu thuật, cong, mũi tù/ tù, dài 18.5 cm
kéo phẫu thuật, cong, mũi tù/ tù, dài 20.5 cm
kéo phẫu thuật, cong, mũi nhọn/ tù, dài 12 cm
kéo phẫu thuật, cong, mũi nhọn/ tù, dài 13 cm
kéo phẫu thuật, cong, mũi nhọn/ tù, dài 14.5 cm
kéo phẫu thuật, cong, mũi nhọn/ tù, dài 16.5 cm
kéo phẫu thuật, cong, mũi nhọn/ tù, dài 18.5 cm
kéo phẫu thuật, cong, mũi nhọn/ tù, dài 20.5 cm
kéo phẫu thuật, cong, mũi nhọn/ nhọn, dài 12 cm
kéo phẫu thuật, cong, mũi nhọn/ nhọn, dài 13 cm
kéo phẫu thuật, cong, mũi nhọn/ nhọn, dài 14.5 cm
kéo phẫu thuật, cong, mũi nhọn/ nhọn, dài 16.5 cm
kéo phẫu thuật, thẳng, mũi nhọn/ nhọn, dài 11 cm
kéo phẫu thuật, cong, mũi nhọn/ nhọn, dài 11 cm
kéo phẫu thuật knapp, thẳng, mũi tù/ tù, dài 12 cm
kéo phẫu thuật knapp, cong, mũi tù/ tù, dài 12 cm
kéo phẫu thuật, thẳng, dài 14.5 cm
kéo phẫu thuật deaver, thẳng, dài 14.5 cm
kéo phẫu thuật deaver, cong, dài 14.5 cm
kéo phẫu thuật mayo, thẳng, dài 14.5 cm
kéo phẫu thuật mayo, thẳng, dài 17 cm
kéo phẫu thuật mayo, thẳng, dài 23.5 cm
kéo phẫu thuật mayo, cong, dài 14.5 cm
kéo phẫu thuật mayo, cong, dài 17 cm
kéo phẫu thuật mayo, cong, dài 23.5 cm
kéo phẫu thuật mayo - harrington, thẳng, dài 23 cm
kéo phẫu thuật mayo - harrington, cong, dài 23 cm
kéo phẫu thuật mayo - harrington, cong, dài 28 cm
kéo phẫu thuật mayo - stille, thẳng, dài 15 cm
kéo phẫu thuật mayo - stille, thẳng, dài 17 cm
kéo phẫu thuật mayo - stille, cong, dài 15 cm
kéo phẫu thuật mayo - stille, cong, dài 17 cm
kéo phẫu thuật mayo - stille, thẳng, dài 16 cm
kéo phẫu thuật mayo - stille, thẳng, dài 19.5 cm
kéo phẫu thuật mayo - stille, thẳng, dài 21.5 cm
kéo phẫu thuật mayo - stille, cong, dài 16 cm
kéo phẫu thuật mayo - stille, cong, dài 19.5 cm
kéo phẫu thuật mayo - stille, cong, dài 21.5 cm
kéo phẫu thuật mayo - noble, thẳng, dài 16.5 cm
kéo phẫu thuật mayo - noble, cong, dài 16.5cm
kéo phẫu thuật sims, thẳng, mũi tù/ tù, dài 20 cm
kéo phẫu thuật sims, thẳng, mũi tù/ tù, dài 23 cm
kéo phẫu thuật sims, cong, mũi tù/ tù, dài 20 cm
kéo phẫu thuật sims, cong, mũi tù/ tù, dài 23 cm
kéo phẫu thuật kelly, thẳng, dài 16 cm
kéo phẫu thuật kelly, cong, dài 16 cm
kéo phẫu thuật doyen, thẳng, mũi tù/ tù, dài 18.5 cm
kéo phẫu thuật doyen, cong, mũi tù/ tù, dài 18.5 cm
kéo phẫu thuật sims-siebold, thẳng, dài 24.5 cm
kéo phẫu thuật sims-siebold, cong, dài 24.5 cm
kéo phẫu thuật wertheim, cong, dài 20 cm
kéo phẫu thuật wertheim, cong, dài 23 cm
kéo phẫu tích, thẳng, mũi tù/ tù, dài 11.5 cm
kéo phẫu tích, cong, mũi tù/ tù, dài 11.5 cm
kéo phẫu tích, thẳng, mũi tù/ tù, dài 14.5 cm
kéo phẫu tích, thẳng, mũi nhọn/ tù, dài 14.5 cm
kéo phẫu tích, thẳng, mũi nhọn/ nhọn, dài 14.5 cm
kéo phẫu tích, cong, mũi tù/ tù, dài 14.5 cm
kéo phẫu tích, cong, mũi nhọn/ tù, dài 14.5 cm
kéo phẫu tích, cong, mũi nhọn/ nhọn, dài 15.5 cm
kéo phẫu tích metzenbaum, thẳng, mũi tù/ tù, dài 18 cm
kéo phẫu tích metzenbaum, thẳng, mũi tù/ tù, dài 20.5 cm
kéo phẫu tích metzenbaum, thẳng, mũi tù/ tù, dài 23 cm
kéo phẫu tích metzenbaum, thẳng, mũi tù/ tù, dài 26 cm
kéo phẫu tích metzenbaum, thẳng, mũi tù/ tù, dài 28.5 cm
kéo phẫu tích metzenbaum, thẳng, mũi tù/ tù, dài 31 cm
kéo phẫu tích metzenbaum-nelson, thẳng, mũi nhọn/ nhọn, dài 18 cm
kéo phẫu tích metzenbaum-nelson, thẳng, mũi nhọn/ nhọn, dài 20.5 cm
kéo phẫu tích metzenbaum, cong, dài 18 cm
kéo phẫu tích metzenbaum, cong, dài 20.5 cm
kéo phẫu tích metzenbaum, cong, dài 23 cm
kéo phẫu tích metzenbaum, cong, dài 26 cm
kéo phẫu tích metzenbaum, cong, dài 28.5 cm
kéo phẫu tích metzenbaum, cong, dài 31 cm
kéo phẫu tích metzenbaum, lưỡi răng cưa, lưỡi răng cưa, thẳng, dài 14.5 cm
kéo phẫu tích metzenbaum, lưỡi răng cưa, lưỡi răng cưa, cong, dài 14.5 cm
kéo phẫu tích, thẳng, mũi nhọn/ nhọn, dài 15.5 cm
kéo phẫu tích kübler, cong, mũi tù/ tù, dài 15 cm
kéo phẫu tích kaye, lưỡi răng cưa, lưỡi răng cưa, cong, mũi tù/ tù, dài 18.5 cm
kéo phẫu tích gorney, lưỡi răng cưa, lưỡi răng cưa, thẳng, mũi tù/ tù, dài 12.5 cm
kéo phẫu tích gorney, lưỡi răng cưa, lưỡi răng cưa, thẳng, mũi tù/ tù, dài 19.5 cm
kéo phẫu tích gorney, lưỡi răng cưa, lưỡi răng cưa, cong, mũi tù/ tù, dài 19.5 cm
kéo phẫu tích gorney, lưỡi răng cưa, lưỡi răng cưa, thẳng, mũi tù/ tù, dài 17 cm
kéo phẫu tích lexer, thẳng, mũi tù/ tù, dài 16 cm
kéo phẫu tích lexer, cong, mũi tù/ tù, dài 16 cm
kéo phẫu tích hohenfellner, cong, mũi tù/ tù, cán vàng, dài 18 cm
kéo phẫu tích hohenfellner, cong, mũi tù/ tù, cán vàng, dài 21 cm
kéo phẫu tích hohenfellner, cong, mũi tù/ tù, cán vàng, dài 24 cm
kéo phẫu tích debakey, thẳng, mũi tù/ tù, cán vàng, dài 17.5 cm
kéo phẫu tích debakey, thẳng, mũi tù/ tù, cán vàng, dài 20 cm
kéo phẫu tích cinelli, cong, mũi tù/ tù, dài 11.5 cm
kéo phẫu tích fomon, cong, mũi tù/ tù, dài 14 cm
kéo phẫu tích thorek, cong, mũi tù/ tù, dài 18.5 cm
kéo phẫu tích lexer-baby, thẳng, mũi tù/ tù, dài 10 cm
kéo phẫu tích lexer-baby, cong, mũi tù/ tù, dài 10 cm
kéo phẫu tích lexer-fino, thẳng, mũi tù/ tù, dài 16.5 cm
kéo phẫu tích lexer-fino, cong, mũi tù/ tù, dài 16.5 cm
kéo phẫu tích metzenbaum-fino, thẳng, mũi tù/ tù, dài 14.5 cm
kéo phẫu tích metzenbaum-fino, cong, mũi tù/ tù, dài 14.5 cm
kéo phẫu tích metzenbaum-fino, thẳng, mũi nhọn/ nhọn, dài 14.5 cm
kéo phẫu tích metzenbaum-fino, cong, mũi nhọn/ nhọn, dài 14.5 cm
kéo phẫu tích, cong, mũi nhọn/ nhọn, dài 18 cm
kéo phẫu tích, cong, mũi nhọn/ nhọn, dài 20 cm
kéo phẫu tích metzenbaum-fino, thẳng, mũi tù/ tù, dài 18 cm
kéo phẫu tích metzenbaum-fino, thẳng, mũi tù/ tù, dài 20.5 cm
kéo phẫu tích metzenbaum-fino, thẳng, mũi tù/ tù, dài 23 cm
kéo phẫu tích metzenbaum-fino, cong, mũi tù/ tù, dài 18 cm
kéo phẫu tích metzenbaum-fino, cong, mũi tù/ tù, dài 20.5 cm
kéo phẫu tích metzenbaum-fino, cong, mũi tù/ tù, dài 23 cm
kéo phẫu tích metzenbaum-fino, cong chữ s, mũi nhọn/ nhọn, dài 18 cm
kéo phẫu tích metzenbaum-fino, cong chữ s, mũi nhọn/ nhọn, dài 20.5 cm
kéo phẫu tích metzenbaum-fino, cong chữ s, mũi nhọn/ nhọn, dài 23 cm
kéo phẫu thuật salyer, cong, mũi tù/ tù, dài 12.5 cm
kéo phẫu thuật salyer, cong, mũi tù/ tù, dài 18 cm
kéo phẫu thuật sanvenero, thẳng, mũi nhọn/ nhọn, dài 14 cm
kéo phẫu thuật sanvenero, cong, mũi nhọn/ nhọn, dài 14 cm
kéo phẫu tích, thẳng, mũi nhọn/ nhọn, dài 11 cm
kéo phẫu tích, cong, mũi nhọn/ nhọn, dài 11 cm
kéo phẫu thuật joseph, thẳng, mũi nhọn/ nhọn, dài 14.5 cm
kéo phẫu thuật joseph, cong, mũi nhọn/ nhọn, dài 14.5 cm
kéo phẫu thuật peck - joseph, thẳng, mũi nhọn/ nhọn, dài 14.5 cm
kéo phẫu thuật peck - joseph, cong, mũi nhọn/ nhọn, dài 14.5 cm
kéo phẫu thuật peck - joseph, thẳng, mũi tù/ tù, dài 14.5 cm
kéo phẫu thuật peck - joseph, cong, mũi tù/ tù, dài 14.5 cm
kéo phẫu thuật shea, cong, mũi tù/ tù, dài 12 cm
kéo phẫu tích, cong, mũi nhọn/ nhọn, dài 13 cm
kéo phẫu tích kilner, cong, mũi tù/ tù, dài 12 cm
kéo phẫu tích kilner, cong, mũi tù/ tù, dài 15 cm
kéo phẫu tích kilner, cong, mũi tù/ tù, dài 18 cm
kéo phẫu tích kilner, cong, mũi tù/ tù, dài 20 cm
kéo phẫu tích reynolds, thẳng, dài 14 cm
kéo phẫu tích reynolds, thẳng, mũi nhọn/ nhọn, dài 15.5 cm
kéo phẫu tích reynolds, thẳng, mũi nhọn/ nhọn, dài 18 cm
kéo phẫu tích reynolds, cong, mũi nhọn/ nhọn, dài 14 cm
kéo phẫu tích reynolds, cong, mũi nhọn/ nhọn, dài 15.5 cm
kéo phẫu tích reynolds, cong, mũi nhọn/ nhọn, dài 18 cm
kéo phẫu tích jameson, cong, mũi nhọn/ nhọn, dài 15.5 cm
kéo phẫu tích jameson, 1 lưỡi răng cưa, cong, mũi nhọn/ nhọn, dài 15.5 cm
kéo vi phẫu, thẳng, mũi nhọn/ nhọn, chiều dài lưỡi kéo 7 mm, dài 12 cm
kéo vi phẫu, cong, mũi nhọn/ nhọn, chiều dài lưỡi kéo 7 mm, dài 12 cm
kéo vi phẫu, cong, mũi nhọn/ tù, chiều dài lưỡi kéo 7 mm, dài 12 cm
kéo vi phẫu, cong, mũi tù/ tù, chiều dài lưỡi kéo 7 mm, dài 12 cm
kéo vi phẫu, cong, một đầu tù có nút thăm, chiều dài lưỡi kéo 7 mm, dài 12 cm
kéo mạch máu, thẳng, mũi nhọn/ nhọn, dài 20 cm
kéo mạch máu, cong, mũi nhọn/ nhọn, dài 20 cm
kéo mạch máu satinsky, cong chữ s, mũi tù/ tù, dài 25.5 cm
kéo mạch máu diethrich-salyer, gập góc, mũi nhọn/ nhọn, dài 13 cm
kéo mạch máu diethrich, gập góc 25°, mũi nhọn/ nhọn, chiều dài lưỡi kéo 10 mm, dài 19 cm
kéo mạch máu diethrich, gập góc 45°, mũi nhọn/ nhọn, chiều dài lưỡi kéo 10 mm, dài 18.5 cm
kéo mạch máu diethrich, gập góc 60°, mũi nhọn/ nhọn, chiều dài lưỡi kéo 10 mm, dài 17.5 cm
kéo mạch máu diethrich, gập góc 90°, mũi nhọn/ nhọn, chiều dài lưỡi kéo 10 mm, dài 17.5 cm
kéo mạch máu diethrich, gập góc 125°, mũi nhọn/ nhọn, chiều dài lưỡi kéo 10 mm, dài 17.5 cm
kéo mạch máu dietrich, gập góc 125°, mũi nhọn/ nhọn, chiều dài lưỡi kéo 10 mm, dài 17.5 cm
kéo mạch máu dietrich-potts, gập góc 25°, chiều dài lưỡi kéo 10 mm, dài 18 cm
kéo mạch máu dietrich-potts, gập góc 45°, chiều dài lưỡi kéo 10 mm, dài 18 cm
kéo mạch máu dietrich-potts, gập góc 60°, chiều dài lưỡi kéo 10 mm, dài 18 cm
kéo mạch máu dietrich-potts, gập góc 90°, chiều dài lưỡi kéo 10 mm, dài 18 cm
kéo mạch máu dietrich-potts, gập góc 125°, chiều dài lưỡi kéo 10 mm, dài 18 cm
kéo mạch máu dietrich-potts, gập góc 25°, chiều dài lưỡi kéo 7 mm, dài 18 cm
kéo mạch máu dietrich-potts, gập góc 45°, chiều dài lưỡi kéo 7 mm, dài 18 cm
kéo mạch máu dietrich-potts, gập góc 60°, chiều dài lưỡi kéo 7 mm, dài 18 cm
kéo mạch máu dietrich-potts, gập góc 90°, chiều dài lưỡi kéo 7 mm, dài 18 cm
kéo mạch máu dietrich-potts, gập góc 125°, chiều dài lưỡi kéo 7 mm, dài 18 cm
kéo vi phẫu, gập góc 25°, chiều dài lưỡi kéo 10 mm, tay cầm dẹt,  dài 21 cm
kéo vi phẫu, gập góc 45°, chiều dài lưỡi kéo 10 mm, tay cầm dẹt, dài 21 cm
kéo vi phẫu, gập góc 60°, chiều dài lưỡi kéo 10 mm, tay cầm dẹt, dài 21 cm
kéo vi phẫu, gập góc 90°, chiều dài lưỡi kéo 10 mm, tay cầm dẹt, dài 21 cm
kéo vi phẫu, gập góc 125°, chiều dài lưỡi kéo 10 mm, tay cầm dẹt, dài 21 cm
kéo mạch máu dietrich-hegemann, gập góc 25°, chiều dài lưỡi kéo 15 mm, dài 18 cm
kéo mạch máu dietrich-hegemann, gập góc 45°, chiều dài lưỡi kéo 15 mm, dài 18 cm
kéo mạch máu dietrich-hegemann, gập góc 60°, chiều dài lưỡi kéo 15 mm, dài 18 cm
kéo mạch máu dietrich-hegemann, gập góc 90°, chiều dài lưỡi kéo 15 mm, dài 18 cm
kéo mạch máu dietrich-hegemann, gập góc 125°, chiều dài lưỡi kéo 15 mm, dài 18 cm
kéo mạch máu dietrich-hegemann, gập góc 25°, chiều dài lưỡi kéo 15 mm, dài 14 cm
kéo mạch máu dietrich-hegemann, gập góc 45°, chiều dài lưỡi kéo 15 mm, dài 14 cm
kéo mạch máu dietrich-hegemann, gập góc 60°, chiều dài lưỡi kéo 15 mm, dài 14 cm
kéo mạch máu dietrich-hegemann, gập góc 90°, chiều dài lưỡi kéo 15 mm, dài 14 cm
kéo mạch máu dietrich-hegemann, gập góc 125°, chiều dài lưỡi kéo 15 mm, dài 14 cm
kéo mạch máu de bakey, gập góc 45°, dài 16.5 cm
kéo mạch máu de bakey, gập góc 60°, dài 16 cm
kéo mạch máu potts-smith, gập góc 60°, một đầu tù có nút, dài 18 cm
kéo mạch máu potts-smith, gập góc 60°, dài 18 cm
kéo mạch máu potts-smith, gập góc 40°, dài 18.5 cm
kéo mạch máu potts-smith, gập góc 25°, dài 19 cm
kéo mạch máu tc gold potts-smith, gập góc 60°, cán vàng, dài 18 cm
kéo mạch máu potts-smith, gập góc lên, dài 19.5 cm
kéo mạch máu tc gold potts-smith, gập góc 40°, cán vàng, dài 18.5 cm
kéo vi phẫu, gập góc 25°, chiều dài lưỡi kéo 10 mm, dài 18 cm
kéo vi phẫu, gập góc 45°, chiều dài lưỡi kéo 10 mm, dài 18 cm
kéo vi phẫu, gập góc 60°, chiều dài lưỡi kéo 10 mm, dài 18 cm
kéo vi phẫu, gập góc 90°, chiều dài lưỡi kéo 10 mm, dài 18 cm
kéo vi phẫu, gập góc 125°, chiều dài lưỡi kéo 10 mm, dài 18 cm
kéo vi phẫu, gập góc 25°, chiều dài lưỡi kéo 10 mm, tay cầm tròn, dài 18 cm
kéo vi phẫu, gập góc 45°, chiều dài lưỡi kéo 10 mm, tay cầm tròn, dài 18 cm
kéo vi phẫu, gập góc 60°, chiều dài lưỡi kéo 10 mm, tay cầm tròn, dài 18 cm
kéo vi phẫu, gập góc 90°, chiều dài lưỡi kéo 10 mm, tay cầm tròn, dài 18 cm
kéo vi phẫu, gập góc 125°, chiều dài lưỡi kéo 10 mm, tay cầm tròn, dài 18 cm
kéo mạch máu favaloro, gập góc, dài 14.5 cm
kéo mạch máu, thẳng, một đầu tù có nút thăm, dài 12 cm
kéo vi phẫu, gập góc 25°, chiều dài lưỡi kéo 10 mm, tay cầm tròn, dài 21 cm
kéo vi phẫu, gập góc 45°, chiều dài lưỡi kéo 10 mm, tay cầm tròn, dài 21 cm
kéo vi phẫu, gập góc 60°, chiều dài lưỡi kéo 10 mm, tay cầm tròn, dài 21 cm
kéo vi phẫu, gập góc 90°, chiều dài lưỡi kéo 10 mm, tay cầm tròn, dài 21 cm
kéo vi phẫu, gập góc 125°, chiều dài lưỡi kéo 10 mm, tay cầm tròn, dài 21 cm
kéo phẫu thuật thần kinh strully, cong, mũi tù/ tù, dài 22 cm
kéo phẫu thuật thần kinh strully, cong, mũi nhọn/ nhọn, dài 22 cm
kéo phẫu thuật thần kinh schmieden-taylor, dài 16.5 cm
kéo phẫu tích toennis - adson, cong, dài 17.5 cm
kéo phẫu thuật thần kinh olivecrona, uốn cong, chiều dài làm việc 120 mm, dài 13 cm
kéo phẫu thuật dean, mũi nhọn/ nhọn, gập góc lên, dài 17.5 cm
kéo phẫu thuật dean, lưỡi răng cưa, lưỡi răng cưa, gập góc, mũi nhọn/ nhọn, dài 17.5 cm
kéo phẫu thuật good, cong, mũi nhọn/ nhọn, dài 19.5 cm
kéo phẫu thuật tc gold fomon, cong, mũi tù/ tù, cán vàng, dài 14.5 cm
kéo phẫu thuật tc gold cottle, cong, mũi tù/ tù, cán vàng, dài 16 cm
kéo phẫu thuật fomon, gập góc, mũi tù/ tù, dài 14 cm
kéo phẫu thuậtfaden littler, mũi tù/tù, dài 12 cm
kéo phẫu thuật cottle-m., cong, mũi nhọn/ nhọn, dài 10 cm
kéo phẫu thuật fomon, cong, mũi tù/ tù, dài 12.5 cm
kéo phẫu thuật converse, thẳng, mũi nhọn/ nhọn, dài 13.5 cm
kéo phẫu thuật cottle, cong, mũi tù/ tù, dài 15.5 cm
kéo phẫu thuật cottle, gập góc, mũi tù/ tù, dài 18 cm
kéo phẫu thuật heymann, gập góc, mũi tù/ tù, dài 20 cm
kéo phẫu thuật cottle-m., cong, mũi tù/ tù, dài 10 cm
kéo phẫu thuật heymann, gập góc, mũi tù/ tù, chiều dài làm việc 85 mm, dài 18 cm
kéo phẫu thuật tc gold giunta, cong, mũi nhọn/ nhọn, , cán vàng, dài 13.5 cm
kéo phẫu thuật aufricht, cong, mũi tù/ tù, dài 14 cm
kéo phẫu thuật heymann, lưỡi răng cưa, lưỡi răng cưa, gập góc, mũi tù/ tù, chiều dài làm việc 85 mm, dài 18 cm
kéo phẫu thuật mcindoe, thẳng, mũi nhọn/ nhọn, dài 19 cm
kéo phẫu thuật converse, gập góc, mũi tù/ tù, dài 10.5 cm
kéo phẫu thuật converse, gập góc, mũi nhọn/ nhọn, dài 10.5 cm
kéo cắt tầng sinh môn waldmann, lưỡi răng cưa, lưỡi răng cưa, cong, mũi nhọn/ tù, dài 18 cm
kéo cắt tầng sinh môn braun - stadler, gập góc, mũi tù/ tù, dài 14.5 cm
kéo cắt tầng sinh môn braun - stadler, gập góc, mũi tù/ tù, dài 22 cm
kéo cắt dây rốn mod. usa, dài 10.5 cm
kéo cắt dây rốn schuhmacher, dài 15.5 cm
kéo cắt dây rốn busch, cong, mũi tù/ tù, dài 16 cm
kéo cắt dây rốn busch, lưỡi răng cưa, lưỡi răng cưa, cong, mũi tù/ tù, dài 16 cm
kéo phẫu thuật goldman - fox, lưỡi răng cưa, lưỡi răng cưa, thẳng, mũi nhọn/ nhọn, dài 13 cm
kéo phẫu thuật goldman - fox, lưỡi răng cưa, lưỡi răng cưa, cong, mũi nhọn/ nhọn, dài 13 cm
kéo phẫu thuật wagner, thẳng, mũi nhọn/ nhọn, dài 12 cm
kéo phẫu thuật wagner, cong, mũi nhọn/ nhọn, dài 12 cm
kéo phẫu thuật la grange, cong, mũi nhọn/ nhọn, dài 11.5 cm
kéo phẫu thuật, thẳng, mũi tù/ tù, dài 11.5 cm
kéo phẫu thuật, cong, mũi tù/ tù, dài 11.5 cm
kéo phẫu thuật locklin, lưỡi răng cưa, lưỡi răng cưa, gập góc, mũi nhọn/ nhọn, dài 16 cm
kéo phẫu thuật locklin, lưỡi răng cưa, lưỡi răng cưa, cong, mũi nhọn/ nhọn, dài 16 cm
kéo phẫu thuật iris, thẳng, mũi nhọn/ nhọn, dài 9 cm
kéo phẫu thuật iris, cong, mũi nhọn/ nhọn, dài 9 cm
kéo phẫu thuật iris, thẳng, mũi nhọn/ nhọn, dài 10.5 cm
kéo phẫu thuật iris, cong, mũi nhọn/ nhọn, dài 10.5 cm
kéo phẫu thuật bonn, thẳng, mũi tù/ tù, dài 9 cm
kéo phẫu thuật bonn, cong, mũi tù/ tù, dài 9 cm
kéo phẫu thuật iris, thẳng, mũi nhọn/ nhọn, dài 11.5 cm
kéo phẫu thuật iris, cong, mũi nhọn/ nhọn, dài 11.5 cm
kéo phẫu thuật iris, gập góc, mũi nhọn/ nhọn, dài 11.5 cm
kéo phẫu thuật iris, thẳng, mũi nhọn/ nhọn, dài 12.5 cm
kéo phẫu thuật iris, cong, mũi nhọn/ nhọn, dài 12.5 cm
kéo phẫu thuật jabaley, thẳng, mũi nhọn/ nhọn, dài 13 cm
kéo phẫu thuật jabaley, cong, mũi nhọn/ nhọn, dài 13 cm
kéo phẫu tích supercut mayo, thẳng, mũi tù/ tù, dài 14.5 cm
kéo phẫu tích supercut mayo, thẳng, mũi tù/ tù, dài 17 cm
kéo phẫu tích supercut mayo, thẳng, mũi tù/ tù, dài 23.5 cm
kéo phẫu tích supercut mayo, cong, mũi tù/ tù, dài 14.5 cm
kéo phẫu tích supercut mayo, cong, mũi tù/ tù, dài 17 cm
kéo phẫu tích supercut mayo, cong, mũi tù/ tù, dài 23.5 cm
kéo phẫu tích supercut mayo - stille, thẳng, mũi tù/ tù, dài 15 cm
kéo phẫu tích supercut mayo - stille, thẳng, mũi tù/ tù, dài 17 cm
kéo phẫu tích supercut mayo - stille, cong, mũi tù/ tù, dài 15 cm
kéo phẫu tích supercut mayo - stille, cong, mũi tù/ tù, dài 17 cm
kéo phẫu thuậtkelly, thẳng, mũi nhọn/ nhọn, dài 16 cm
kéo phẫu thuậtkelly, cong, mũi nhọn/ nhọn, dài 16 cm
kéo phẫu tích metzenbaum, thẳng, mũi tù/ tù, dài 11.5 cm
kéo phẫu tích metzenbaum, thẳng, mũi tù/ tù, dài 14.5 cm
kéo phẫu tích metzenbaum, cong, mũi tù/ tù, dài 11.5 cm
kéo phẫu tích metzenbaum, cong, mũi tù/ tù, dài 14.5 cm
kéo phẫu tích metzenbaum, cong, mũi tù/ tù, dài 18 cm
kéo phẫu tích metzenbaum, cong, mũi tù/ tù, dài 20.5 cm
kéo phẫu tích metzenbaum, cong, mũi tù/ tù, dài 23 cm
kéo phẫu tích metzenbaum, cong, mũi tù/ tù, dài 26 cm
kéo phẫu tích metzenbaum, cong, mũi tù/ tù, dài 28.5 cm
kéo phẫu tích metzenbaum, cong, mũi tù/ tù, dài 31 cm
kéo phẫu tích supercut lexer - baby, thẳng, mũi tù/ tù, dài 10 cm
kéo phẫu tích supercut lexer, thẳng, mũi tù/ tù, dài 16 cm
kéo phẫu tích supercut lexer - baby, cong, mũi tù/ tù, dài 10 cm
kéo phẫu tích supercut lexer, cong, mũi tù/ tù, dài 16 cm
kéo phẫu tích supercut metzenbaum-fino, cong, mũi tù/ tù, dài 14.5 cm
kéo phẫu tích supercut metzenbaum, cong, mũi tù/ tù, dài 18 cm
kéo phẫu tích supercut metzenbaum, cong, mũi tù/ tù, dài 20.5 cm
kéo phẫu tích supercut metzenbaum, cong, mũi tù/ tù, dài 23 cm
kéo phẫu thuật supercut joseph, thẳng, mũi nhọn/ nhọn, dài 14.5 cm
kéo phẫu thuật supercut joseph, cong, mũi nhọn/ nhọn, dài 14.5 cm
kéo phẫu tíchsupercut kilner, cong, mũi tù/ tù, dài 12 cm
kéo phẫu tíchsupercut kilner, cong, mũi tù/ tù, dài 15 cm
kéo phẫu thuật kilner, cong, dài 18 cm
kéo phẫu thuật reynolds, cong, mũi nhọn/ nhọn, dài 15.5 cm
kéo phẫu thuật reynolds, cong, mũi nhọn/ nhọn, dài 18 cm
kéo phẫu thuật stevens, thẳng, mũi nhọn/ nhọn, dài 10.5 cm
kéo phẫu thuật stevens, cong, mũi nhọn/ nhọn, dài 10.5 cm
kéo phẫu thuật stevens, thẳng, mũi tù/ tù, dài 10.5 cm
kéo phẫu thuật stevens, cong, mũi tù/ tù, dài 10.5 cm
kéo phẫu thuật stevens, thẳng, mũi tù/ tù, dài 10 cm
kéo phẫu thuật stevens, cong, mũi tù/ tù, dài 10 cm
kéo phẫu thuật stevens, thẳng, mũi nhọn/ nhọn, dài 11 cm
kéo phẫu thuật stevens, cong, mũi nhọn/ nhọn, dài 11 cm
kéo phẫu thuật stevens, thẳng, mũi tù/ tù, dài 11 cm
kéo phẫu thuật stevens, cong, mũi tù/ tù, dài 11 cm
kéo phẫu thuật, cong, dài 11.5 cm
kéo vi phẫu, thẳng, mũi nhọn/ nhọn, chiều dài lưỡi kéo 10 mm, dài 15 cm
kéo vi phẫu, thẳng, mũi nhọn/ nhọn, chiều dài lưỡi kéo 10 mm, dài 18 cm
kéo vi phẫu, lưỡi răng cưa, lưỡi răng cưa, thẳng, mũi nhọn/ nhọn, chiều dài lưỡi kéo 10 mm, dài 18 cm
kéo vi phẫu, cong, mũi nhọn/ nhọn, chiều dài lưỡi kéo 10 mm, dài 15 cm
kéo vi phẫu, cong, mũi nhọn/ nhọn, chiều dài lưỡi kéo 10 mm, dài 18 cm
kéo vi phẫu, cong, mũi tù/ tù, chiều dài lưỡi kéo 10 mm, dài 18 cm
kéo vi phẫu, lưỡi răng cưa, lưỡi răng cưa, cong, mũi tù/ tù, chiều dài lưỡi kéo 10 mm, dài 18 cm
kéo vi phẫu westcott, thẳng, dài 11.5 cm
kéo vi phẫu westcott, cong, dài 11.5 cm
kéo vi phẫu biemer, thẳng, dài 12 cm
kéo vi phẫu, thẳng, mũi nhọn/ nhọn, dài 10 cm
kéo vi phẫu, gập góc xuống, mũi nhọn/ nhọn, dài 9.5 cm
kéo vi phẫu jaboma, cong trái, chiều dài lưỡi kéo 12 mm, dài 18 cm
kéo vi phẫu jaboma, cong phải, chiều dài lưỡi kéo 12 mm, dài 18 cm
kéo vi phẫu jaboma, gập góc, chiều dài lưỡi kéo 12 mm, dài 18 cm
kéo vi phẫu, thẳng, đầu có móc, mũi tù/ tù, chiều dài lưỡi kéo 12 mm, dài 21.5 cm
kéo vi phẫu salyer, thẳng, mũi nhọn/ nhọn, dài 9.5 cm
kéo vi phẫu, thẳng, mũi tù/ tù, dài 21.5 cm
kéo vi phẫu, cong, mũi tù/ tù, dài 32.5 cm
kéo vi phẫu stevens, cong, mũi nhọn/ nhọn, dài 10 cm
kéo vi phẫu salyer, cong, mũi tù/ tù, dài 10 cm
kéo vi phẫu kaye, lưỡi răng cưa, lưỡi răng cưa, cong, mũi tù/ tù, dài 11 cm
kéo cắt chỉ northbent, cong, mũi nhọn/ tù, dài 13 cm
kéo cắt chỉ o'brien, gập góc, mũi nhọn/ nhọn, dài 9 cm
kéo cắt chỉ spencer, thẳng, dài 9 cm
kéo cắt chỉ spencer, thẳng, dài 10.5 cm
kéo cắt chỉ spencer, thẳng, dài 13 cm
kéo cắt chỉ buck, thẳng, dài 14.5 cm
kéo cắt chỉ buck, thẳng, dài 18 cm
kéo cắt chỉ littauer, thẳng, dài 14 cm
kéo cắt chỉ eiselsberg, dài 12 cm
kéo cắt chỉ universal, gập góc, mũi tù/ tù, dài 12 cm
kéo cắt chỉ beebee, thẳng, mũi nhọn/ nhọn, dài 10 cm
kéo cắt chỉ beebee, cong, mũi nhọn/ nhọn, dài 10 cm
kéo cắt chỉ, lưỡi răng cưa, lưỡi răng cưa, thẳng, mũi nhọn/ nhọn, dài 12 cm
kéo cắt chỉ, lưỡi răng cưa, lưỡi răng cưa, cong, mũi nhọn/ nhọn, dài 12 cm
kéo phẫu tích aquila, cong, mũi tù/ tù, dài 11.5 cm
kéo phẫu tích aquila, cong, mũi tù/ tù, dài 18 cm
kéo phẫu tích aquila, cong, mũi tù/ tù, dài 20.5 cm
kéo phẫu tích aquila, cong, mũi tù/ tù, dài 23 cm
kéo phẫu tích aquila, cong, mũi tù/ tù, dài 25 cm
kéo phẫu tích aquila, cong, mũi tù/ tù, dài 31 cm
kéo phẫu tích aquila, cong, mũi tù/ tù, dài 14.5 cm
kéo phẫu tích aquila, cong, mũi tù/ tù, dài 17.5 cm
kéo phẫu tích aquila, cong, mũi tù/ tù, dài 16 cm
kéo phẫu thuật tc gold, thẳng, mũi tù/ tù, cán vàng, dài 14.5 cm
kéo phẫu thuật tc gold, cong, mũi tù/ tù, cán vàng, dài 14.5 cm
kéo phẫu thuật tc gold, thẳng, mũi nhọn/ tù, cán vàng, dài 14.5 cm
kéo phẫu thuật tc gold, cong, mũi nhọn/ tù, cán vàng, dài 14.5 cm
kéo phẫu thuật tc gold, thẳng, mũi nhọn/ nhọn, cán vàng, dài 14.5 cm
kéo phẫu thuật tc gold, cong, mũi nhọn/ nhọn, cán vàng, dài 14.5 cm
kéo phẫu tích tc gold mayo, thẳng, mũi tù/ tù, cán vàng, dài 14.5 cm
kéo phẫu tích tc gold mayo, thẳng, mũi tù/ tù, cán vàng, dài 17 cm
kéo phẫu tích tc gold mayo, thẳng, mũi tù/ tù, cán vàng, dài 23 cm
kéo phẫu tích tc gold mayo, cong, mũi tù/ tù, cán vàng, dài 14.5 cm
kéo phẫu tích tc gold mayo, cong, mũi tù/ tù, cán vàng, dài 17 cm
kéo phẫu tích tc gold mayo, cong, mũi tù/ tù, cán vàng, dài 23 cm
kéo cắt chỉ tc gold, lưỡi răng cưa, lưỡi răng cưa, cong, mũi tù/ tù, cán vàng, dài 14.5 cm
kéo cắt chỉ tc gold, lưỡi răng cưa, lưỡi răng cưa, cong, mũi tù/ tù, cán vàng, dài 18 cm
kéo cắt chỉ tc gold, lưỡi răng cưa, lưỡi răng cưa, cong, mũi tù/ tù, cán vàng, dài 20.5 cm
kéo cắt chỉ tc gold, lưỡi răng cưa, lưỡi răng cưa, cong, mũi tù/ tù, cán vàng, dài 23 cm
kéo cắt chỉ tc gold, lưỡi răng cưa, lưỡi răng cưa, cong, mũi tù/ tù, cán vàng, dài 25 cm
kéo cắt chỉ tc gold, lưỡi răng cưa, lưỡi răng cưa, cong, mũi tù/ tù, cán vàng, dài 30 cm
kéo cắt chỉ tc gold, lưỡi răng cưa, lưỡi răng cưa, cong, mũi tù/ tù, cán vàng, dài 17 cm
kéo phẫu thuật tcc blackline, lưỡi răng cưa, lưỡi răng cưa, thẳng, mũi tù/ tù, dài 14 cm
kéo phẫu thuật tcc blackline, lưỡi răng cưa, lưỡi răng cưa, thẳng, mũi tù/ tù, dài 18 cm
kéo phẫu thuật tcc blackline, lưỡi răng cưa, lưỡi răng cưa, thẳng, mũi tù/ tù, dài 20 cm
kéo phẫu thuật tcc blackline, lưỡi răng cưa, lưỡi răng cưa, cong, mũi tù/ tù, dài 11.5 cm
kéo phẫu tích tcc blackline, cong, mũi tù/ tù, dài 18 cm
kéo phẫu tích tcc blackline, cong, mũi tù/ tù, dài 20.5 cm
kéo phẫu tích tcc blackline, cong, mũi tù/ tù, dài 23 cm
kéo phẫu tích tcc blackline, cong, mũi tù/ tù, dài 25 cm
kéo phẫu tích tcc blackline, cong, mũi tù/ tù, dài 30 cm
kéo phẫu tích tönnis-adson tcc blackline, lưỡi răng cưa, lưỡi răng cưa, cong, mũi tù/ tù, dài 14.5 cm
kéo phẫu tích tönnis-adson tcc blackline, lưỡi răng cưa, lưỡi răng cưa, cong, mũi tù/ tù, dài 18 cm
kéo phẫu tích toennis-adson tcc blackline, cong, mũi tù/ tù, dài 17.5 cm
kéo phẫu tích lexer tcc blackline, cong, mũi tù/ tù, dài 16 cm
kéo phẫu tích sims tcc blackline, cong, mũi tù/ tù, dài 20 cm
kéo phẫu tích tc gold mayo - stille, thẳng, mũi tù/ tù, cán vàng, dài 14.5 cm
kéo phẫu tích tc gold mayo - stille, thẳng, mũi tù/ tù, cán vàng, dài 17 cm
kéo phẫu tích tc gold mayo - stille, cong, mũi tù/ tù, cán vàng, dài 14.5 cm
kéo phẫu tích tc gold mayo - stille, cong, mũi tù/ tù, cán vàng, dài 17 cm
kéo phẫu tích tc gold knapp, thẳng, mũi tù/ tù, , cán vàng, dài 12.5 cm
kéo phẫu tích tc gold knapp, cong, mũi tù/ tù, , cán vàng, dài 12.5 cm
kéo phẫu tích tc gold metzenbaum, thẳng, mũi tù/ tù, cán vàng, dài 11.5 cm
kéo phẫu tích tc gold metzenbaum, cong, mũi tù/ tù, cán vàng, dài 11.5 cm
kéo phẫu tích tc gold metzenbaum, thẳng, mũi tù/ tù, cán vàng, dài 14.5 cm
kéo phẫu tích tc gold metzenbaum, cong, mũi tù/ tù, cán vàng, dài 14.5 cm
kéo phẫu tích tc gold metzenbaum, thẳng, mũi tù/ tù, cán vàng, dài 18 cm
kéo phẫu tích tc gold metzenbaum, thẳng, mũi tù/ tù, cán vàng, dài 20.5 cm
kéo phẫu tích tc gold metzenbaum, thẳng, mũi tù/ tù, cán vàng, dài 23 cm
kéo phẫu tích tc gold metzenbaum, thẳng, mũi tù/ tù, cán vàng, dài 26 cm
kéo phẫu tích tc gold metzenbaum, thẳng, mũi tù/ tù, cán vàng, dài 28.5 cm
kéo phẫu tích tc gold metzenbaum, thẳng, mũi tù/ tù, cán vàng, dài 31 cm
kéo phẫu tích tc gold metzenbaum, cong, mũi tù/ tù, cán vàng, dài 18 cm
kéo phẫu tích tc gold metzenbaum, cong, mũi tù/ tù, cán vàng, dài 20.5 cm
kéo phẫu tích tc gold metzenbaum, cong, mũi tù/ tù, cán vàng, dài 23 cm
kéo phẫu tích tc gold metzenbaum, cong, mũi tù/ tù, cán vàng, dài 26 cm
kéo phẫu tích tc gold metzenbaum, cong, mũi tù/ tù, cán vàng, dài 28.5 cm
kéo phẫu tích tc gold metzenbaum, cong, mũi tù/ tù, cán vàng, dài 31 cm
kéo phẫu tích metzenbaum - thorek, cong, mũi tù/ tù, cán vàng, dài 20 cm
kéo phẫu tích metzenbaum - thorek, cong, mũi tù/ tù, cán vàng, dài 23 cm
kéo phẫu tích metzenbaum - thorek, cong, mũi tù/ tù, cán vàng, dài 28 cm
kéo phẫu thuật joseph tc gold, thẳng, mũi nhọn/ nhọn, cán vàng, dài 14.5 cm
kéo phẫu thuật joseph tc gold, cong, mũi nhọn/ nhọn, cán vàng, dài 14.5 cm
kéo phẫu thuật lexer tc gold, thẳng, mũi tù/ tù, , cán vàng, dài 10 cm
kéo phẫu thuật lexer tc gold, thẳng, mũi tù/ tù, cán vàng, dài 16 cm
kéo phẫu thuật lexer tc gold, thẳng, mũi tù/ tù, cán vàng, dài 21 cm
kéo phẫu thuật lexer tc gold, cong, mũi tù/ tù, , cán vàng, dài 10 cm
kéo phẫu thuật lexer tc gold, cong, mũi tù/ tù, cán vàng, dài 16 cm
kéo phẫu thuật lexer tc gold, cong, mũi tù/ tù, cán vàng, dài 21 cm
kéo phẫu tích tc gold mayo - lexer, cong, mũi tù/ tù, cán vàng, dài 16 cm
kéo phẫu tích metzenbaum-fino tc gold, thẳng, mũi tù/ tù, cán vàng, dài 14.5 cm
kéo phẫu tích metzenbaum-fino tc gold, cong, mũi tù/ tù, cán vàng, dài 14.5 cm
kéo phẫu tích metzenbaum-fino tc gold, thẳng, mũi nhọn/ nhọn, cán vàng, dài 14.5 cm
kéo phẫu tích metzenbaum-fino tc gold, cong, mũi nhọn/ nhọn, cán vàng, dài 14.5 cm
kéo phẫu tích metzenbaum-fino tc gold, thẳng, mũi tù/ tù, cán vàng, dài 18 cm
kéo phẫu tích metzenbaum-fino tc gold, cong, mũi tù/ tù, cán vàng, dài 18 cm
kéo phẫu tích metzenbaum-fino tc gold, cong, mũi tù/ tù, cán vàng, dài 20.5 cm
kéo phẫu tích metzenbaum-fino tc gold, cong, mũi tù/ tù, cán vàng, dài 23 cm
kéo phẫu tích metzenbaum-fino tc gold, cong, mũi tù/ tù, cán vàng, dài 26 cm
kéo phẫu tích metzenbaum-fino tc gold, cong, mũi tù/ tù, cán vàng, dài 28.5 cm
kéo phẫu tích metzenbaum-fino tc gold, thẳng, mũi nhọn/ nhọn, cán vàng, dài 18 cm
kéo phẫu tích metzenbaum-fino tc gold, thẳng, mũi nhọn/ nhọn, cán vàng, dài 20 cm
kéo phẫu tích metzenbaum-fino tc gold, thẳng, mũi nhọn/ nhọn, cán vàng, dài 23 cm
kéo phẫu tích metzenbaum-lahey tc gold, cong, mũi tù/ tù, cán vàng, dài 14.5 cm
kéo phẫu tích toennis-adson tc gold, cong, mũi tù/ tù, cán vàng, dài 17.5 cm
kéo phẫu tích siegert, thẳng, mũi tù/ tù, , cán vàng, dài 11.5 cm
kéo phẫu tích siegert, cong, mũi tù/ tù, , cán vàng, dài 11.5 cm
kéo phẫu tích gorney-freeman, cong, mũi tù/ tù, , cán vàng, dài 17 cm
kéo phẫu tích gorney-freeman, cong, mũi tù/ tù, , cán vàng, dài 19 cm
kéo phẫu tích gorney-freeman, cong, mũi tù/ tù, , cán vàng, dài 23 cm
kéo phẫu thuật nâng cơ mặt gorney, lưỡi răng cưa, lưỡi răng cưa, thẳng, mũi tù/ tù, cán vàng, dài 20 cm
kéo phẫu thuật nâng cơ mặt gorney, lưỡi răng cưa, lưỡi răng cưa, thẳng, mũi tù/ tù, cán vàng, dài 23 cm
kéo phẫu thuật gorney, cong, mũi tù/ tù, , cán vàng, dài 20 cm
kéo phẫu thuật gorney, cong, mũi tù/ tù, , cán vàng, dài 23 cm
kéo phẫu thuật nâng cơ mặt rees, lưỡi răng cưa, lưỡi răng cưa, cong, mũi tù/ tù, cán vàng, dài 17 cm
kéo phẫu thuật nâng cơ mặt gorney-freeman, gập góc, mũi tù/ tù, , cán vàng, dài 23 cm
kéo phẫu tích sản khoa sims, cong, mũi tù/ tù, dài 20 cm
kéo phẫu tích sản khoa sims, cong, mũi tù/ tù, dài 23 cm
kéo phẫu tích sản khoa sims, thẳng, mũi tù/ tù, cán vàng, dài 23 cm
kéo phẫu tích sản khoa sims, cong, mũi tù/ tù, cán vàng, dài 23 cm
kéo phẫu tích sản khoa tc gold, cong, mũi tù/ tù, cán vàng, dài 22 cm
kéo phẫu tích sản khoa tc gold, cong, mũi tù/ tù, cán vàng, dài 23 cm
kéo cắt chỉ goldman-fox, thẳng, mũi nhọn/ nhọn, cán vàng, dài 13 cm
kéo cắt chỉ goldman-fox, cong, mũi nhọn/ nhọn, cán vàng, dài 13 cm
kéo phẫu thuật iris, thẳng, mũi nhọn/ nhọn, cán vàng, dài 11.5 cm
kéo phẫu thuật iris, cong, mũi nhọn/ nhọn, cán vàng, dài 11.5 cm
kéo phẫu thuật de bakey, gập góc 25º, mũi tù/ tù, cán vàng, dài 19 cm
kéo phẫu thuật de bakey, gập góc 45º, mũi tù/ tù, cán vàng, dài 18.5 cm
kéo phẫu thuật de bakey, gập góc 60º, mũi tù/ tù, cán vàng, dài 18 cm
kéo phẫu thuật de bakey, gập góc 25º, mũi tù/ tù, cán vàng, dài 23 cm
kéo phẫu thuật de bakey, gập góc 45º, mũi tù/ tù, cán vàng, dài 22.5 cm
kéo phẫu thuật de bakey, gập góc 60º, mũi tù/ tù, cán vàng, dài 22 cm
kéo phẫu thuật iris, gập góc, mũi nhọn/ nhọn, cán vàng, dài 11 cm
kéo phẫu tích sản khoa aquila, cong, mũi tù/ tù, dài 22 cm
kéo phẫu tích sản khoa aquila, cong, mũi tù/ tù, dài 23 cm
kéo phẫu tích ragnell, cong, mũi tù/ tù, cán vàng, dài 12.5 cm
kéo phẫu tích kilner-ragnell, cong, , cán vàng, dài 15 cm
kéo phẫu tích kilner-ragnell, cong, , cán vàng, dài 18 cm
kéo phẫu thuật kelly, thẳng, mũi nhọn/ nhọn, cán vàng, dài 16 cm
kéo phẫu thuật kelly, cong, mũi nhọn/ nhọn, cán vàng, dài 16 cm
kéo phẫu thuật dean, cong, mũi nhọn/ nhọn, cán vàng, dài 17.5 cm
kéo cắt chỉ thép universal, gập góc, mũi tù/ tù, cán vàng, cắt chỉ thép mềm đường kính tối đa 1mm, chỉ thép cứng đường kính tối đa 0.5mm, dài 12.5 cm
kéo cắt chỉ thép martin, cắt chỉ thép cứng đường kính tối đa 0.5mmdài 16 cm
kéo cắt nướu locklin, lưỡi răng cưa, lưỡi răng cưa, cong, mũi nhọn/ nhọn, , cán vàng, dài 16 cm
kẹp phẫu tích, dài 10.5 cm
kẹp phẫu tích, dài 11.5 cm
kẹp phẫu tích, dài 13 cm
kẹp phẫu tích, dài 14.5 cm
kẹp phẫu tích, dài 16 cm
kẹp phẫu tích, dài 18 cm
kẹp phẫu tích, dài 20 cm
kẹp phẫu tích, dài 23 cm
kẹp phẫu tích, dài 25 cm
kẹp phẫu tích, dài 30.5 cm
kẹp phẫu tích, dài 12 cm
kẹp phẫu tích, dài 30 cm
kẹp phẫu tích, cỡ trung bình, cong, dài 13 cm
kẹp phẫu tích mô, bản rộng, dài 14.5 cm
kẹp phẫu tích stille, dài 15 cm
kẹp phẫu tích bonney, dài 17 cm
kẹp phẫu tích, ngàm trơn, dài 18.5 cm
kẹp phẫu tích, gập góc, dài 20 cm
kẹp phẫu tích swedish, dài 15 cm
kẹp phẫu tích swedish, dài 18 cm
kẹp phẫu tích swedish, dài 20 cm
kẹp phẫu tích mini - adson, dài 12 cm
kẹp phẫu tích adson, dài 12 cm
kẹp phẫu tích adson, dài 15 cm
kẹp phẫu tích mcindoe, dài 15 cm
kẹp phẫu tích waugh, dài 20 cm
kẹp phẫu tích semken, dài 12.5 cm
kẹp phẫu tích semken, dài 15 cm
kẹp phẫu tích taylor, dài 17 cm
kẹp phẫu tích taylor, dài 17.5 cm
kẹp phẫu tích taylor, cong lưỡi lê, dài 18.5 cm
kẹp phẫu tích, chiều dài làm việc 0.6 mm, dài 15.5 cm
kẹp phẫu tích, chiều dài làm việc 0.8 mm, dài 15.5 cm
kẹp phẫu tích, chiều dài làm việc 1.0 mm, dài 15.5 cm
kẹp phẫu tích không chấn thương titanium, thẳng, dài 17.5 cm
kẹp phẫu tích gerald, thẳng, dài 17.5 cm
kẹp phẫu tích gerald, cong, dài 17.5 cm
kẹp phẫu tích cushing, thẳng, dài 17.5 cm
kẹp phẫu tích cushing, cong, dài 17 cm
kẹp phẫu tích potts-smith, dài 18 cm
kẹp phẫu tích potts-smith, dài 21 cm
kẹp phẫu tích potts-smith, dài 25 cm
kẹp phẫu tích potts-smith, dài 30 cm
kẹp phẫu tích mô tc gold bonney, 1x2 răng, cán vàng, dài 17.5 cm
kẹp phẫu tích mô tc gold gerald, 1x2 răng, cán vàng, dài 17.5 cm
kẹp phẫu tích mô tc gold gillies, 1x2 răng, cán vàng, dài 15.5 cm
kẹp phẫu tích tc gold mcindoe, cán vàng, dài 15
kẹp phẫu tích mô tc gold semken, 1x2 răng, cán vàng, dài 15.5 cm
kẹp phẫu tích mô tc gold semken, 1x2 răng, cán vàng, dài 17.5 cm
kẹp phẫu tích mô tc gold adson-brown, lưỡi răng cưa, cán vàng, dài 12 cm
kẹp phẫu tích mô tc gold adson, 1x2 răng, cán vàng, dài 12 cm
kẹp phẫu tích mô tc gold adson, 1x2 răng, cán vàng, dài 15 cm
kẹp phẫu tích tc gold adson, cán vàng, dài 12 cm
kẹp phẫu tích tc gold adson, cán vàng, dài 15 cm
kẹp phẫu tích tc gold cushing, cán vàng, dài 17.5 cm
kẹp phẫu tích tc gold cushing, gập góc, cán vàng, dài 17 cm
kẹp phẫu tích tc gold cushing-taylor, cán vàng, dài 18.5 cm
kẹp phẫu tích tc gold potts-smith, cán vàng, dài 14.5 cm
kẹp phẫu tích tc gold potts-smith, cán vàng, dài 16 cm
kẹp phẫu tích tc gold potts-smith, cán vàng, dài 18.5 cm
kẹp phẫu tích tc gold potts-smith, cán vàng, dài 20 cm
kẹp phẫu tích tc gold potts-smith, cán vàng, dài 23 cm
kẹp phẫu tích tc gold potts-smith, cán vàng, dài 25 cm
kẹp phẫu tích mô tc gold oehler, 1x2 răng, cán vàng, dài 14.5 cm
kẹp phẫu tích mô tc gold oehler, 1x2 răng, cán vàng, dài 16 cm
kẹp phẫu tích mô tc gold oehler, 1x2 răng, cán vàng, dài 18 cm
kẹp phẫu tích mô tc gold oehler, 1x2 răng, cán vàng, dài 20 cm
kẹp phẫu tích mô tc gold oehler, 1x2 răng, cán vàng, dài 25 cm
kẹp phẫu tích tc gold wangensteen, cán vàng, dài 15 cm
kẹp phẫu tích tc gold wangensteen, cán vàng, dài 23 cm
kẹp phẫu tích kübler, cán vàng, dài 20 cm
kẹp phẫu tích mô debakey, mũi 2.0 mm, cán vàng, dài 16 cm
kẹp phẫu tích mô debakey, mũi 2.0 mm, cán vàng, dài 20 cm
kẹp phẫu tích mô debakey, mũi 2.0 mm, cán vàng, dài 24.5 cm
kẹp phẫu tích jaboma, cán vàng, dài 18 cm
kẹp phẫu tích mô jaboma, 1x2 răng, cán vàng, dài 18 cm
kẹp phẫu tích mô jaboma, 1x2 răng, gập góc, cán vàng, dài 18 cm
kẹp phẫu tích không chấn thương titanium debakey, mũi 1.5 mm, dài 16 cm
kẹp phẫu tích không chấn thương titanium debakey, mũi 1.5 mm, dài 20.5 cm
kẹp phẫu tích không chấn thương titanium debakey, mũi 1.5 mm, dài 24.5 cm
kẹp phẫu tích không chấn thương titanium debakey, mũi 1.8 mm, dài 16 cm
kẹp phẫu tích không chấn thương titanium debakey, mũi 1.8 mm, dài 20.5 cm
kẹp phẫu tích không chấn thương titanium debakey, mũi 1.8 mm, dài 24.5 cm
kẹp phẫu tích không chấn thương gerald, mũi 1.2 mm, dài 18 cm
kẹp phẫu tích không chấn thương gerald, mũi 1.2 mm, dài 20 cm
kẹp phẫu tích mô gerald, mũi 1.0 x 0.5 mm, dài 18 cm
kẹp phẫu tích mô gerald, mũi 1.0 x 0.5 mm, dài 20 cm
kẹp phẫu tích mô gerald, mũi 1.0 mm, dài 18 cm
kẹp phẫu tích mô gerald, dài 20 cm
kẹp phẫu tích mô, 1x2 răng, dài 10.5 cm
kẹp phẫu tích mô, 1x2 răng, dài 12 cm
kẹp phẫu tích mô, 1x2 răng, dài 13 cm
kẹp phẫu tích mô, 1x2 răng, dài 14.5 cm
kẹp phẫu tích mô, 1x2 răng, dài 16 cm
kẹp phẫu tích mô, 1x2 răng, dài 18 cm
kẹp phẫu tích mô, 1x2 răng, dài 20.5 cm
kẹp phẫu tích mô, 1x2 răng, dài 23 cm
kẹp phẫu tích mô, 1x2 răng, dài 25 cm
kẹp phẫu tích mô, 1x2 răng, dài 30.5 cm
kẹp phẫu tích mô, 2x3 răng, 2x3 răng, dài 12 cm
kẹp phẫu tích mô, 2x3 răng, 2x3 răng, dài 13 cm
kẹp phẫu tích mô, 2x3 răng, 2x3 răng, dài 14.5 cm
kẹp phẫu tích mô, 2x3 răng, 2x3 răng, dài 16 cm
kẹp phẫu tích mô, 2x3 răng, 2x3 răng, dài 18 cm
kẹp phẫu tích mô, 2x3 răng, 2x3 răng, dài 20.5 cm
kẹp phẫu tích mô, 2x3 răng, 2x3 răng, dài 25 cm
kẹp phẫu tích mô, 3x4 răng, 3x4 răng, dài 14.5 cm
kẹp phẫu tích mô, 3x4 răng, 3x4 răng, dài 16 cm
kẹp phẫu tích mô, 3x4 răng, 3x4 răng, dài 20 cm
kẹp phẫu tích mô, 4x5 răng, 4x5 răng, dài 14.5 cm
kẹp phẫu tích mô, 4x5 răng, 4x5 răng, dài 16 cm
kẹp phẫu tích mô, 1x2 răng, cong, dài 14.5 cm
kẹp phẫu tích mô stille, 1x2 răng, dài 15 cm
kẹp phẫu tích mô stille, 2x3 răng, 2x3 răng, dài 15 cm
kẹp phẫu tích mô adlerkreutz, 2x3 răng, 2x3 răng, dài 15.5 cm
kẹp phẫu tích mô adlerkreutz, 2x3 răng, 2x3 răng, dài 20.5 cm
kẹp phẫu tích mô adlerkreutz, 4x5 răng, 4x5 răng, dài 15.5 cm
kẹp phẫu tích mô adlerkreutz, 4x5 răng, 4x5 răng, dài 20 cm
kẹp phẫu tích mô adlerkreutz, 4x5 răng, 4x5 răng, dài 25 cm
kẹp phẫu tích mô adson, 1x2 răng, dài 12 cm
kẹp phẫu tích mô adson, 1x2 răng, dài 15 cm
kẹp phẫu tích mô adson, 2x3 răng, 2x3 răng, dài 12 cm
kẹp phẫu tích mô gillies, 1x2 răng, dài 15.5 cm
kẹp phẫu tích mô waugh, 1x2 răng, dài 20 cm
kẹp phẫu tích mô waugh, 1x2 răng, dài 25 cm
kẹp phẫu tích mô semken, 1x2 răng, dài 12.5 cm
kẹp phẫu tích mô semken, 1x2 răng, dài 15 cm
kẹp phẫu tích mô taylor, 1x2 răng, dài 17.5 cm
kẹp phẫu tích mô taylor, 1x2 răng, 1x2 răng, dài 17 cm
kẹp phẫu tích mô taylor, 1x2 răng, 1x2 răng, dài 18.5 cm
kẹp phẫu tích mô, 1x2 răng, mũi 0.6 mm, dài 15.5 cm
kẹp phẫu tích mô, 1x2 răng, mũi 0.8 mm, dài 15.5 cm
kẹp phẫu tích mô, 1x2 răng, mũi 1.0 mm, dài 15.5 cm
kẹp phẫu tích mô gerald, 1x2 răng, thẳng, dài 17.5 cm
kẹp phẫu tích mô gerald, 1x2 răng, cong, dài 17 cm
kẹp phẫu tích mô cushing, 1x2 răng, dài 18 cm
kẹp phẫu tích mô potts-smith, 1x2 răng, dài 18 cm
kẹp phẫu tích mô potts-smith, 1x2 răng, dài 21 cm
kẹp phẫu tích mô potts-smith, 1x2 răng, dài 25 cm
kẹp phẫu tích mô adson-brown, 7x7 răng, 7x7 răng, dài 12 cm
kẹp phẫu tích mô mini-adson, 1x2 răng, dài 12 cm
kẹp phẫu tích mô mini-adson, 1x2 răng, cong, dài 12 cm
kẹp phẫu tích micro-adson, dài 12 cm
kẹp phẫu tích micro-adson, dài 15 cm
kẹp phẫu tích micro-adson
kẹp phẫu tích mô micro-adson, 1x2 răng, dài 12 cm
kẹp phẫu tích mô micro-adson, 1x2 răng, dài 15 cm
kẹp phẫu tích mô, kiểu mảnh, 1x2 răng, dài 10.5 cm
kẹp phẫu tích jeweler, số 7, cong, dài 12 cm
kẹp phẫu tích jeweler, số 3, thẳng, dài 12 cm
kẹp phẫu tích jeweler, mũi 0.4 mm, số 3 c, thẳng, dài 12 cm
kẹp phẫu tích jeweler, số 5, thẳng, dài 11 cm
kẹp phẫu tích jeweler, số 4, thẳng, dài 11 cm
kẹp phẫu tích jeweler, gập góc xuống, dài 11 cm
kẹp phẫu tích mô russian, dài 15 cm
kẹp phẫu tích mô russian, dài 20 cm
kẹp phẫu tích mô russian, dài 25.5 cm
kẹp phẫu tích mô durante, dài 14.5 cm
kẹp phẫu tích mô durante, dài 16 cm
kẹp phẫu tích mô durante, dài 20.5 cm
kẹp phẫu tích mô durante, dài 25 cm
kẹp phẫu tích mô stille-barraya, 3x4 răng, 3x4 răng, dài 18 cm
kẹp phẫu tích mô bonney, 1x2 răng, dài 17.5 cm
kẹp phẫu tích mô mayo, dài 23 cm
kẹp phẫu tích mô singley-tuttle, dài 18 cm
kẹp phẫu tích mô singley-tuttle, dài 23 cm
kẹp phẫu tích mô nelson, 8x7 răng, 8x7 răng, dài 23 cm
kẹp phẫu tích mô resano, dài 23 cm
kẹp phẫu tích mô hepp-scheidel, dài 18 cm
kẹp phẫu tích, thẳng, dài 10 cm
kẹp phẫu tích, cong, dài 10 cm
kẹp phẫu tích, cong, dài 9.5 cm
kẹp phẫu tích mô, 1x2 răng, thẳng, dài 10 cm
kẹp phẫu tích mô, 1x2 răng, cong, dài 10 cm
kẹp phẫu tích mô, 1x2 răng, cong, dài 9.5 cm
kẹp phẫu tích mô, mũi 0.15 mm, dài 11 cm
kẹp phẫu tích mô, mũi 0.20 mm, dài 11 cm
kẹp phẫu tích mô, mũi 0.30 mm, dài 11 cm
kẹp phẫu tích mô, mũi 0.10 mm, 10º, dài 11 cm
kẹp phẫu tích mô, mũi 0.20 mm, 10º, dài 11 cm
kẹp phẫu tích mô, mũi 0.30 mm, 10º, dài 11 cm
kẹp phẫu tích mô, 1x2 răng, mũi 0.5 mm, dài 11 cm
kẹp phẫu tích mô, đầu mũi đường kính 1.2 mm, dài 11 cm
kẹp phẫu tích mô, đầu tam giác, dài 11 cm
kẹp phẫu tích mô jeweler, mũi 0.3 mm, thẳng, dài 11 cm
kẹp phẫu tích mô jeweler, mũi 5x0.2 mm, 10º, dài 11 cm
kẹp phẫu tích mô jeweler, mũi 5x0.3 mm, 10º, dài 11 cm
kẹp phẫu tích mô jeweler, mũi 0.3 mm, 45º, dài 11 cm
kẹp phẫu tích mô jeweler, mũi 0.3 mm, thẳng, dài 13.5 cm
kẹp phẫu tích mô jeweler, mũi 5x0.2 mm, 10º, dài 13.5 cm
kẹp phẫu tích mô jeweler, mũi 5x0.3 mm, 10º, dài 13.5 cm
kẹp phẫu tích mô jeweler, mũi 0.3 mm, 45º, dài 13.5 cm
kẹp phẫu tích mô, mũi 6x0.3 mm, thẳng, dài 15 cm
kẹp phẫu tích mô, mũi 6x0.3 mm, cong, dài 15 cm
kẹp phẫu tích mô, mũi 6x0.3 mm, 45º, dài 15 cm
kẹp phẫu tích mô, mũi 1x0.5 mm, dài 15 cm
kẹp phẫu tích mô, mũi 5x0.3 mm, thẳng, dài 15 cm
kẹp phẫu tích mô, mũi 0.3 mm, thẳng, dài 15 cm
kẹp phẫu tích mô, mũi 6x0.3 mm, dài 18 cm
kẹp phẫu tích mô, mũi 6x0.3 mm, cong, dài 18 cm
kẹp phẫu tích mô, mũi 6x0.3 mm, 45º, dài 18 cm
kẹp phẫu tích mô, mũi 1x0.5 mm, dài 18 cm
kẹp phẫu tích mô, mũi 5x0.3 mm, thẳng, dài 18 cm
kẹp phẫu tích mô, mũi 0.3 mm, thẳng, dài 18 cm
kẹp phẫu tích mô, mũi 6.0x0.4 mm, thẳng, dài 15 cm
kẹp phẫu tích mô, mũi 6.0x0.4 mm, thẳng, dài 18 cm
kẹp phẫu tích mô, mũi 6.0x0.4 mm, cong, dài 15 cm
kẹp phẫu tích mô, mũi 6.0x0.4 mm, cong, dài 18 cm
kẹp phẫu tích mô, mũi 6.0x0.7 mm, thẳng, dài 15 cm
kẹp phẫu tích mô, mũi 6.0x0.7 mm, thẳng, dài 18 cm
kẹp phẫu tích mô, mũi 6.0x0.7 mm, thẳng, dài 21 cm
kẹp phẫu tích mô, mũi 6.0x0.7 mm, cong, dài 15 cm
kẹp phẫu tích mô, mũi 6.0x0.7 mm, cong, dài 18 cm
kẹp phẫu tích mô, mũi 6.0x0.7 mm, cong, dài 21 cm
kẹp phẫu tích mô, 1x2 răng, mũi 0.4 mm, thẳng, dài 15 cm
kẹp phẫu tích mô, 1x2 răng, mũi 0.4 mm, thẳng, dài 18 cm
kẹp phẫu tích mô, 1x2 răng, mũi 0.4 mm, cong, dài 15 cm
kẹp phẫu tích mô, 1x2 răng, mũi 0.4 mm, cong, dài 18 cm
kẹp phẫu tích mô, 1x2 răng, mũi 0.7 mm, thẳng, dài 15 cm
kẹp phẫu tích mô, 1x2 răng, mũi 0.7 mm, thẳng, dài 18 cm
kẹp phẫu tích mô, 1x2 răng, mũi 0.7 mm, cong, dài 15 cm
kẹp phẫu tích mô, 1x2 răng, mũi 0.7 mm, cong, dài 18 cm
kẹp phẫu tích mô, mũi 1.0x0.5 mm, thẳng, dài 15 cm
kẹp phẫu tích mô, mũi 1.0x0.5 mm, thẳng, dài 18 cm
kẹp phẫu tích mô, mũi 1.0x0.5 mm, thẳng, dài 21 cm
kẹp phẫu tích mô, mũi 2.0x1.0 mm, thẳng, dài 15 cm
kẹp phẫu tích mô, mũi 2.0x1.0 mm, thẳng, dài 18 cm
kẹp phẫu tích mô, mũi 2.0x1.0 mm, thẳng, dài 21 cm
kẹp phẫu tích mô titanium, mũi 6.0x0.4 mm, thẳng, dài 15 cm
kẹp phẫu tích mô titanium, mũi 6.0x0.4 mm, thẳng, dài 18 cm
kẹp phẫu tích mô titanium, mũi 6.0x0.4 mm, cong, dài 15 cm
kẹp phẫu tích mô titanium, mũi 6.0x0.4 mm, cong, dài 18 cm
kẹp phẫu tích mô titanium, mũi 6.0x0.8 mm, thẳng, dài 15 cm
kẹp phẫu tích mô titanium, mũi 6.0x0.8 mm, thẳng, dài 18 cm
kẹp phẫu tích mô titanium, mũi 6.0x0.8 mm, thẳng, dài 21 cm
kẹp phẫu tích mô titanium, mũi 6.0x0.8 mm, cong, dài 15 cm
kẹp phẫu tích mô titanium, mũi 6.0x0.8 mm, cong, dài 18 cm
kẹp phẫu tích mô titanium, mũi 6.0x0.8 mm, cong, dài 21 cm
kẹp phẫu tích mô titanium, 1x2 răng, mũi 0.4 mm, thẳng, dài 15 cm
kẹp phẫu tích mô titanium, 1x2 răng, mũi 0.4 mm, thẳng, dài 18 cm
kẹp phẫu tích mô titanium, 1x2 răng, mũi 0.4 mm, cong, dài 15 cm
kẹp phẫu tích mô titanium, 1x2 răng, mũi 0.4 mm, cong, dài 18 cm
kẹp phẫu tích mô titanium, mũi 1.0x0.5 mm, thẳng, dài 15 cm
kẹp phẫu tích mô titanium, mũi 1.0x0.5 mm, thẳng, dài 18 cm
kẹp phẫu tích mô titanium, mũi 1.0x0.5 mm, thẳng, dài 21 cm
kẹp phẫu tích mô titanium, mũi 2.0x1.0 mm, thẳng, dài 15 cm
kẹp phẫu tích mô titanium, mũi 2.0x1.0 mm, thẳng, dài 18 cm
kẹp phẫu tích mô titanium, mũi 2.0x1.0 mm, thẳng, dài 21 cm
kẹp phẫu tích không chấn thương, mũi 1.2 mm, thẳng, dài 15 cm
kẹp phẫu tích không chấn thương, mũi 1.2 mm, thẳng, dài 18 cm
kẹp phẫu tích không chấn thương, mũi 1.2 mm, thẳng, dài 21 cm
kẹp phẫu tích không chấn thương titanium, mũi 1.2 mm, thẳng, dài 15 cm
kẹp phẫu tích không chấn thương titanium, mũi 1.2 mm, thẳng, dài 18 cm
kẹp phẫu tích không chấn thương titanium, mũi 1.2 mm, thẳng, dài 21 cm
kẹp phẫu tích mô, thẳng, dài 15 cm
kẹp phẫu tích mô, mũi 6x0.3 mm, thẳng, dài 18 cm
kẹp phẫu tích mô, thẳng, dài 18 cm
kẹp phẫu tích mô, thẳng, dài 12.5 cm
kẹp phẫu tích mô, cong, dài 12.5 cm
kẹp phẫu tích mô có răng cưa, thẳng, dài 9 cm
kẹp phẫu tích mô có răng cưa, thẳng, dài 10.5 cm
kẹp phẫu tích mô có răng cưa, thẳng, dài 12.5 cm
kẹp phẫu tích mô có răng cưa, cong, dài 9 cm
kẹp phẫu tích mô có răng cưa, cong, dài 12.5 cm
kẹp phẫu tích mô, mũi 0.3 mm, má kẹp trơn, dài 12 cm
kẹp phẫu tích mô feilchenfeld, dài 7.5 cm
kẹp phẫu tích mô feilchenfeld, dài 9 cm
kẹp phẫu tích mô feilchenfeld, dài 11.5 cm
kẹp phẫu tích mô hunter, thẳng, dài 10.5 cm
kẹp phẫu tích mô hunter, cong, dài 10.5 cm
kẹp phẫu tích mô littauer, dài 8.5 cm
kẹp phẫu tích mô có răng cưa, mũi xiên, dài 9 cm
kẹp phẫu tích mô có răng cưa douglas, dài 9 cm
kẹp phẫu tích mô có răng cưa beer, dài 9 cm
kẹp phẫu tích mô có răng cưa barraquer, gập góc, dài 11 cm
kẹp phẫu tích mô có răng cưa stieglitz, thẳng, dài 14 cm
kẹp phẫu tích mô có răng cưa stieglitz, cong, dài 13.5 cm
kẹp phẫu tích mô có răng cưa peet, gập góc, dài 12.5 cm
kẹp phẫu tích mô, ngàm 1.0x0.5 mm phủ bụi kim cương, dài 15 cm
kẹp phẫu tích mô, ngàm 1.0x0.5 mm phủ bụi kim cương, dài 18 cm
kẹp phẫu tích mô, ngàm 1.0x0.5 mm phủ bụi kim cương, dài 21 cm
kẹp phẫu tích mô, ngàm 2.0x1.0 mm phủ bụi kim cương, dài 15 cm
kẹp phẫu tích mô, ngàm 2.0x1.0 mm phủ bụi kim cương, dài 18 cm
kẹp phẫu tích mô, ngàm 2.0x1.0 mm phủ bụi kim cương, dài 21 cm
kẹp phẫu tích mô titanium, ngàm 1.0x0.5 mm phủ bụi kim cương, thẳng, dài 15 cm
kẹp phẫu tích mô titanium, ngàm 1.0x0.5 mm phủ bụi kim cương, thẳng, dài 18 cm
kẹp phẫu tích mô titanium, ngàm 1.0x0.5 mm phủ bụi kim cương, thẳng, dài 21 cm
kẹp phẫu tích mô titanium, ngàm 2.0x1.0 mm phủ bụi kim cương, thẳng, dài 15 cm
kẹp phẫu tích mô titanium, ngàm 2.0x1.0 mm phủ bụi kim cương, thẳng, dài 18 cm
kẹp phẫu tích mô titanium, ngàm 2.0x1.0 mm phủ bụi kim cương, thẳng, dài 21 cm
dụng cụ mở rộng mạch máu biemer, dài 16 cm
nhíp gắn kẹp không khoá, dài 14.5 cm
nhíp gắn kẹp có khoá, dài 14.5 cm
kẹp kéo mô có khoá
kẹp kéo mô
kẹp mạch máu, 4.0x0.75 mm, 60g, dài 13 mm
kẹp mạch máu, 6.0x1.0 mm, 85g, dài 15 mm
kẹp mạch máu, 8.0x2.0 mm, 100g, dài 17 mm
kẹp mạch máu, kích thước ngàm 10.0x2.0 mm, 125g, dài 20 mm
nhíp gắn kẹp có khoá, cong lưỡi lê, dài 18 cm
kẹp mạch máu bulldog kiểu nhẹ, thẳng, chiều dài ngàm 10mm, lực đóng 30g, dài 31mm
kẹp mạch máu bulldog kiểu nhẹ, thẳng, chiều dài ngàm 14 mm, lực đóng 30g, dài 35mm
kẹp mạch máu bulldog kiểu nhẹ, thẳng, chiều dài ngàm 18 mm, lực đóng 30g, dài 39mm
kẹp mạch máu bulldog kiểu nhẹ, gập góc, chiều dài ngàm 10mm, lực đóng 30g, dài 30mm
kẹp mạch máu bulldog kiểu nhẹ, gập góc, chiều dài ngàm 14 mm, lực đóng 30g, dài 33mm
kẹp mạch máu bulldog kiểu nhẹ, gập góc, chiều dài ngàm 18 mm, lực đóng 30g, dài 36mm
kẹp mạch máu bulldog dieffenbach, thẳng, chiều dài ngàm 17 mm, dài 6 cm
kẹp mạch máu bulldog dieffenbach, cong, chiều dài ngàm 17 mm, dài 6 cm
kẹp mạch máu bulldog dieffenbach, thẳng, chiều dài ngàm 11 mm, dài 3.5 cm
kẹp mạch máu bulldog dieffenbach, thẳng, chiều dài ngàm 15 mm, dài 5 cm
kẹp mạch máu bulldog dieffenbach, cong, chiều dài ngàm 11 mm, dài 3.5 cm
kẹp mạch máu bulldog dieffenbach, cong, chiều dài ngàm 15 mm, dài 5 cm
kẹp mạch máu bulldog johns-hopkins, thẳng, chiều dài ngàm 12 mm, dài 3.8 cm
kẹp mạch máu bulldog johns-hopkins, thẳng, chiều dài ngàm 17 mm, dài 4.5 cm
kẹp mạch máu bulldog johns-hopkins, thẳng, chiều dài ngàm 25 mm, dài 5.5 cm
kẹp mạch máu bulldog johns-hopkins, thẳng, chiều dài ngàm 30 mm, dài 6.5 cm
kẹp mạch máu bulldog johns-hopkins, thẳng, chiều dài ngàm 40 mm, dài 7.5 cm
kẹp mạch máu bulldog johns-hopkins, thẳng, chiều dài ngàm 50 mm, dài 9 cm
kẹp mạch máu bulldog johns-hopkins, cong, chiều dài lưỡi 12 mm, dài 3.8 cm
kẹp mạch máu bulldog johns-hopkins, cong, chiều dài lưỡi 17 mm, dài 4.5 cm
kẹp mạch máu bulldog johns-hopkins, cong, chiều dài lưỡi 25 mm, dài 5.5 cm
kẹp mạch máu bulldog johns-hopkins, cong, chiều dài lưỡi 30 mm, dài 6.5 cm
kẹp mạch máu bulldog johns-hopkins, cong, chiều dài lưỡi 40 mm, dài 7.5 cm
kẹp mạch máu bulldog johns-hopkins, cong, chiều dài lưỡi 50 mm, dài 9 cm
kẹp mạch máu bulldog diethrich, thẳng, chiều dài lưỡi 8 mm, lực đóng 50g, dài 45 mm
kẹp mạch máu bulldog diethrich, thẳng, chiều dài lưỡi 12 mm, lực đóng 50g, dài 50 mm
kẹp mạch máu bulldog diethrich, thẳng, chiều dài lưỡi 20 mm, lực đóng 50g, dài 60 mm
kẹp mạch máu bulldog diethrich, cong, chiều dài lưỡi 8 mm, lực đóng 50g, dài 40 mm
kẹp mạch máu bulldog diethrich, cong, chiều dài lưỡi 12 mm, lực đóng 50g, dài 45 mm
kẹp mạch máu bulldog diethrich, cong, chiều dài lưỡi 20 mm, lực đóng 50g, dài 50 mm
kẹp mạch máu bulldog không chấn thương, thẳng, chiều dài lưỡi 10 mm, lực đóng 100g, dài 45 mm
kẹp mạch máu bulldog không chấn thương, thẳng, chiều dài lưỡi 14 mm, lực đóng 100g, dài 50 mm
kẹp mạch máu bulldog không chấn thương, thẳng, chiều dài lưỡi 20 mm, lực đóng 100g, dài 60 mm
kẹp mạch máu bulldog không chấn thương, gập góc, chiều dài lưỡi 10 mm, lực đóng 100g, dài 35 mm
kẹp mạch máu bulldog không chấn thương, gập góc, chiều dài lưỡi 14 mm, lực đóng 100g, dài 45 mm
kẹp mạch máu bulldog không chấn thương, gập góc, chiều dài lưỡi 20 mm, lực đóng 100g, dài 50 mm
kẹp mạch máu bulldog không chấn thương, cong, chiều dài lưỡi 10 mm, lực đóng 100g, dài 35 mm
kẹp mạch máu bulldog không chấn thương, cong, chiều dài lưỡi 14 mm, lực đóng 100g, dài 45 mm
kẹp mạch máu bulldog không chấn thương, cong, chiều dài lưỡi 20 mm, lực đóng 100g, dài 50 mm
kẹp mạch máu mini-glover, dài 24 cm
kẹp mạch máu bulldog titanium, thẳng, chiều dài ngàm 9 mm, lực đóng 110 +/- 10 g, dài 30 mm
kẹp mạch máu bulldog titanium, thẳng, chiều dài ngàm 13 mm, lực đóng 110 +/- 10 g, dài 35 mm
kẹp mạch máu bulldog titanium, thẳng, chiều dài ngàm 14 mm, lực đóng 110 +/- 10 g, dài 40 mm
kẹp mạch máu bulldog titanium, thẳng, chiều dài ngàm 23 mm, lực đóng 110 +/- 10 g, dài 50 mm
kẹp mạch máu bulldog titanium, cong, chiều dài ngàm 9 mm, lực đóng 110 +/- 10 g, dài 30 mm
kẹp mạch máu bulldog titanium, cong, chiều dài ngàm 13 mm, lực đóng 110 +/- 10 g, dài 35 mm
kẹp mạch máu bulldog titanium, cong, chiều dài ngàm 14 mm, lực đóng 110 +/- 10 g, dài 40 mm
kẹp mạch máu bulldog titanium, cong, chiều dài ngàm 23 mm, lực đóng 110 +/- 10 g, dài 50 mm
kẹp mạch máu bulldog titanium, cong, chiều dài ngàm 23 mm, lực đóng 220 +/- 10 g, dài 50 mm
kẹp mạch máu bulldog titanium, thẳng, chiều dài ngàm 9 mm, lực đóng 220 +/- 10 g, dài 30 mm
kẹp mạch máu bulldog titanium, thẳng, chiều dài ngàm 13 mm, lực đóng 220 +/- 10 g, dài 35 mm
kẹp mạch máu bulldog titanium, thẳng, chiều dài ngàm 14 mm, lực đóng 220 +/- 10 g, dài 40 mm
kẹp mạch máu bulldog titanium, thẳng, chiều dài ngàm 23 mm, lực đóng 220 +/- 10 g, dài 50 mm
kẹp mạch máu bulldog titanium, cong, chiều dài ngàm 9 mm, lực đóng 220 +/- 10 g, dài 30 mm
kẹp mạch máu bulldog titanium, cong, chiều dài ngàm 13 mm, lực đóng 220 +/- 10 g, dài 35 mm
kẹp mạch máu bulldog titanium, cong, chiều dài ngàm 14 mm, lực đóng 220 +/- 10 g, dài 40 mm
kẹp mạch máu pean, thẳng, dài 14.5 cm
kẹp mạch máu pean, thẳng, dài 16 cm
kẹp mạch máu spencer - wells, thẳng, dài 13 cm
kẹp mạch máu spencer - wells, thẳng, dài 14.5 cm
kẹp mạch máu spencer - wells, thẳng, dài 15.5 cm
kẹp mạch máu spencer - wells, thẳng, dài 18.5 cm
kẹp mạch máu spencer - wells, thẳng, dài 20 cm
kẹp mạch máu spencer - wells, cong, dài 13 cm
kẹp mạch máu spencer - wells, cong, dài 14 cm
kẹp mạch máu spencer - wells, cong, dài 15 cm
kẹp mạch máu spencer - wells, cong, dài 18 cm
kẹp mạch máu spencer - wells, cong, dài 20 cm
kẹp mạch máu chaput, 2x3 răng, 2x3 răng, thẳng, dài 12.5 cm
kẹp mạch máu tuffier, 5x6 răng, 5x6 răng, thẳng, dài 12.5 cm
kẹp tổ chức không chấn thương, dài 25 cm
kẹp tổ chức không chấn thương, dài 26 cm
kẹp tam giác collin, dài 14 cm
kẹp tổ chức collin, dài 17 cm
kẹp tam giác pennington, dài 15.5 cm
kẹp tam giác pennington, dài 21 cm
kẹp mạch máu tổ chức face-lift martel - rees, dài 13.5 cm
kẹp mạch máu mixter-baby, cong, dài 13.5 cm
kẹp mạch máu mixter-baby, cong, dài 13 cm
kẹp mạch máu micro-adson, dài 14 cm
kẹp mạch máu baby-adson, dài 18 cm
kẹp mạch máu hartmann, thẳng, dài 10 cm
kẹp mạch máu hartmann, cong, dài 10 cm
kẹp mạch máu và gắp chỉ, cong, dài 12 cm
kẹp mạch máu mosquito, thẳng, dài 12.5 cm
kẹp mạch máu mosquito, thẳng, dài 14.5 cm
kẹp mạch máu titanium mosquito, thẳng, dài 12.5 cm
kẹp mạch máu mosquito, cong, dài 12 cm
kẹp mạch máu mosquito, cong, dài 14 cm
kẹp mạch máu titanium mosquito, cong, dài 12 cm
kẹp mạch máu mosquito, 1x2 răng, thẳng, dài 12.5 cm
kẹp mạch máu mosquito, 1x2 răng, thẳng, dài 14.5 cm
kẹp mạch máu titanium mosquito, 1x2 răng, thẳng, dài 12 cm
kẹp mạch máu mosquito, 1x2 răng, cong, dài 12.5 cm
kẹp mạch máu mosquito, 1x2 răng, cong, dài 14.5 cm
kẹp mạch máu titanium mosquito, 1x2 răng, cong, dài 12 cm
kẹp mạch máu mosquito, thẳng, dài 18.5 cm
kẹp mạch máu mosquito, thẳng, dài 21 cm
kẹp mạch máu mosquito, cong, dài 18 cm
kẹp mạch máu mosquito, cong, dài 20.5 cm
kẹp mạch máu mosquito, 1x2 răng, thẳng, dài 18.5 cm
kẹp mạch máu mosquito, 1x2 răng, thẳng, dài 21 cm
kẹp mạch máu mosquito, 1x2 răng, cong, dài 18 cm
kẹp mạch máu mosquito, 1x2 răng, cong, dài 20.5 cm
kẹp mạch máu micro-mosquito, thẳng, dài 10 cm
kẹp mạch máu micro-mosquito, thẳng, dài 12 cm
kẹp mạch máu micro-mosquito, cong, dài 10 cm
kẹp mạch máu micro-mosquito, cong, dài 12 cm
kẹp mạch máu micro-mosquito, 1x2 răng, thẳng, dài 10 cm
kẹp mạch máu micro-mosquito, 1x2 răng, thẳng, dài 12 cm
kẹp mạch máu micro-mosquito, 1x2 răng, cong, dài 10 cm
kẹp mạch máu micro-mosquito, 1x2 răng, cong, dài 12 cm
kẹp mạch máu providence-hospital, thẳng, dài 14 cm
kẹp mạch máu providence-hospital, cong, dài 13.5 cm
kẹp mạch máu leriche, thẳng, dài 15.5 cm
kẹp mạch máu leriche, cong, dài 15 cm
kẹp mạch máu leriche, 1x2 răng, thẳng, dài 15.5 cm
kẹp mạch máu leriche, 1x2 răng, cong, dài 15 cm
kẹp mạch máu kelly, thẳng, dài 14.5 cm
kẹp mạch máu kelly, cong, dài 14 cm
kẹp mạch máu dunhill, thẳng, dài 13 cm
kẹp mạch máu dunhill, cong, dài 18.5 cm
kẹp mạch máu kelly-rankin, thẳng, dài 16 cm
kẹp mạch máu kelly-rankin, cong, dài 16 cm
kẹp mạch máu obwegeser
kẹp phẫu tích mạch máu overholt-baby, cong, dài 13.5 cm
kẹp mạch máu crile, thẳng, dài 14.5 cm
kẹp mạch máu crile, cong, dài 14.5 cm
kẹp mạch máu crile, 1x2 răng, thẳng, dài 14.5 cm
kẹp mạch máu crile, 1x2 răng, cong, dài 14.5 cm
kẹp mạch máu crile-rankin, thẳng, dài 16 cm
kẹp mạch máu crile-rankin, cong, dài 16 cm
kẹp mạch máu lovelace, thẳng, dài 16 cm
kẹp mạch máu lovelace, 1x2 răng, thẳng, dài 16 cm
kẹp mạch máu dandy-mosquito, cong, dài 12 cm
kẹp mạch máu dandy, cong, dài 14.5 cm
kẹp mạch máu dandy, 1x2 răng, cong, dài 14 cm
kẹp mạch máu schnidt, cong, dài 18.5 cm
kẹp mạch máu schnidt, cong, dài 19 cm
kẹp mạch máu adson, thẳng, dài 19 cm
kẹp mạch máu adson, cong, dài 18.5 cm
kẹp mạch máu martin-fuchsig, cong, dài 20.5 cm
kẹp mạch máu rochester-carmalt, thẳng, dài 17 cm
kẹp mạch máu rochester-carmalt, thẳng, dài 20.5 cm
kẹp mạch máu rochester-carmalt, cong, dài 16.5 cm
kẹp mạch máu rochester-carmalt, cong, dài 20 cm
kẹp mạch máu pean, thẳng, dài 13.5 cm
kẹp mạch máu pean, thẳng, dài 17 cm
kẹp mạch máu pean, cong, dài 13 cm
kẹp mạch máu pean, cong, dài 14 cm
kẹp mạch máu pean, cong, dài 16.5 cm
kẹp mạch máu pean-nippon, thẳng, dài 14.5 cm
kẹp mạch máu pean-nippon, thẳng, dài 16.5 cm
kẹp mạch máu pean-nippon, thẳng, dài 18.5 cm
kẹp mạch máu pean-nippon, cong, dài 14 cm
kẹp mạch máu pean-nippon, cong, dài 16 cm
kẹp mạch máu pean-nippon, cong, dài 18 cm
kẹp mạch máu kocher-nippon, 1x2 răng, thẳng, dài 14.5 cm
kẹp mạch máu kocher-nippon, 1x2 răng, thẳng, dài 16.5 cm
kẹp mạch máu kocher-nippon, 1x2 răng, thẳng, dài 18.5 cm
kẹp mạch máu kocher-nippon, 1x2 răng, cong, dài 14 cm
kẹp mạch máu kocher-nippon, 1x2 răng, cong, dài 16 cm
kẹp mạch máu kocher-nippon, 1x2 răng, cong, dài 18 cm
kẹp mạch máu kocher, 1x2 răng, thẳng, dài 13 cm
kẹp mạch máu kocher, 1x2 răng, thẳng, dài 14 cm
kẹp mạch máu kocher, 1x2 răng, thẳng, dài 16 cm
kẹp mạch máu kocher, 1x2 răng, cong, dài 13 cm
kẹp mạch máu kocher, 1x2 răng, cong, dài 14 cm
kẹp mạch máu kocher, 1x2 răng, cong, dài 16 cm
kẹp mạch máu bengolea, thẳng, dài 21.5 cm
kẹp mạch máu bengolea, thẳng, dài 26 cm
kẹp mạch máu bengolea, cong, dài 21.5 cm
kẹp mạch máu bengolea, cong, dài 26 cm
kẹp mạch máu bengolea, 1x2 răng, thẳng, dài 21.5 cm
kẹp mạch máu bengolea, 1x2 răng, thẳng, dài 26 cm
kẹp mạch máu bengolea, 1x2 răng, cong, dài 21.5 cm
kẹp mạch máu bengolea, 1x2 răng, cong, dài 26 cm
kẹp mạch máu pean, thẳng, dài 16.5 cm
kẹp mạch máu pean, thẳng, dài 18.5 cm
kẹp mạch máu pean, thẳng, dài 20.5 cm
kẹp mạch máu pean, thẳng, dài 22.5 cm
kẹp mạch máu pean, thẳng, dài 24 cm
kẹp mạch máu pean, thẳng, dài 26 cm
kẹp mạch máu pean, thẳng, dài 31 cm
kẹp mạch máu pean, cong, dài 18.5 cm
kẹp mạch máu pean, cong, dài 20.5 cm
kẹp mạch máu pean, cong, dài 22.5 cm
kẹp mạch máu pean, cong, dài 24 cm
kẹp mạch máu pean, cong, dài 26 cm
kẹp mạch máu pean, cong, dài 30.5 cm
kẹp mạch máu kocher, 1x2 răng, thẳng, dài 14.5 cm
kẹp mạch máu kocher, 1x2 răng, thẳng, dài 18.5 cm
kẹp mạch máu kocher, 1x2 răng, thẳng, dài 20.5 cm
kẹp mạch máu kocher, 1x2 răng, thẳng, dài 22.5 cm
kẹp mạch máu kocher, 1x2 răng, thẳng, dài 24 cm
kẹp mạch máu kocher, 1x2 răng, thẳng, dài 26 cm
kẹp mạch máu kocher, 1x2 răng, thẳng, dài 31 cm
kẹp mạch máu kocher, 1x2 răng, cong, dài 16.5 cm
kẹp mạch máu kocher, 1x2 răng, cong, dài 18.5 cm
kẹp mạch máu kocher, 1x2 răng, cong, dài 20 cm
kẹp mạch máu kocher, 1x2 răng, cong, dài 22.5 cm
kẹp mạch máu kocher, 1x2 răng, cong, dài 24 cm
kẹp mạch máu kocher, 1x2 răng, cong, dài 26 cm
kẹp mạch máu kocher, 1x2 răng, cong, dài 30 cm
kẹp phẫu tích mạch máu overholt-martin, số 1, dài 18.5 cm
kẹp phẫu tích mạch máu overholt-martin, số 2, dài 20.5 cm
kẹp phẫu tích mạch máu overholt-martin, số 3, dài 21 cm
kẹp phẫu tích mạch máu overholt-martin, số 4, dài 21.5 cm
kẹp phẫu tích mạch máu overholt-martin, số 5, dài 24.5 cm
kẹp phẫu tích mạch máu mixter-baby, cong, dài 18.5 cm
kẹp phẫu tích mạch máu adson-baby, cong, dài 14.5 cm
kẹp phẫu tích mạch máu adson-baby, cong, dài 18 cm
kẹp phẫu tích mạch máu heiss, thẳng, dài 21 cm
kẹp phẫu tích mạch máu heiss, cong, dài 20 cm
kẹp phẫu tích mạch máu heiss, cong, dài 21 cm
kẹp phẫu tích mạch máu overholt-mixter, cong, dài 22 cm
kẹp phẫu tích mạch máu roberts, thẳng, dài 22.5 cm
kẹp phẫu tích mạch máu roberts, cong, dài 22 cm
kẹp phẫu tích mạch máu sarot, thẳng, dài 25 cm
kẹp phẫu tích mạch máu sarot, cong, dài 24.5 cm
kẹp phẫu tích mạch máu crafoord, cong, dài 18.5 cm
kẹp phẫu tích mạch máu crafoord, cong, dài 24.5 cm
kẹp phẫu tích mạch máu overholt, số 1, dài 20.5 cm
kẹp phẫu tích mạch máu overholt, số 2, dài 20 cm
kẹp phẫu tích mạch máu overholt, số 3, dài 21.5 cm
kẹp phẫu tích mạch máu overholt, số 4, dài 22 cm
kẹp phẫu tích mạch máu overholt, số 5, dài 21.5 cm
kẹp phẫu tích mạch máu overholt, số 6, dài 21.5 cm
kẹp phẫu tích mạch máu overholt, số 7, dài 22 cm
kẹp phẫu tích mạch máu overholt, số 1, dài 27 cm
kẹp phẫu tích mạch máu overholt, số 2, dài 26.5 cm
kẹp phẫu tích mạch máu overholt, số 3, dài 27.5 cm
kẹp phẫu tích mạch máu overholt, số 4, dài 28 cm
kẹp phẫu tích mạch máu overholt, số 5, dài 27.5 cm
kẹp phẫu tích mạch máu overholt, số 6, dài 28 cm
kẹp phẫu tích mạch máu overholt, số 7, dài 27.5 cm
kẹp mạch máu overholt, cong, dài 21.5 cm
kẹp mạch máu overholt, cong, dài 22 cm
kẹp mạch máu overholt, cong, dài 22.5 cm
kẹp mạch máu overholt, cong, dài 23 cm
kẹp mạch máu overholt, cong, dài 29.5 cm
kẹp mạch máu overholt, cong, dài 30 cm
kẹp mạch máu overholt-mini, cong, dài 15 cm
kẹp mạch máu overholt-mini, cong, dài 20 cm
kẹp phẫu tích mạch máu gemini, cong, dài 13 cm
kẹp phẫu tích mạch máu gemini, cong, dài 16 cm
kẹp phẫu tích mạch máu gemini, cong, dài 18 cm
kẹp phẫu tích mạch máu gemini, cong, dài 21 cm
kẹp phẫu tích mạch máu gemini, cong, dài 23 cm
kẹp phẫu tích mạch máu gemini, cong, dài 25 cm
kẹp phẫu tích mạch máu gemini, cong, dài 28 cm
kẹp phẫu tích mạch máu mini-gemini, cong, dài 18 cm
kẹp phẫu tích mạch máu mini-gemini, cong, dài 23 cm
kẹp phẫu tích mạch máu mini-gemini, cong, dài 25 cm
kẹp phẫu tích mạch máu mini-gemini, cong, dài 28.5 cm
kẹp phẫu tích mạch máu rumel, số 1, dài 24 cm
kẹp phẫu tích mạch máu rumel, số 2, dài 24 cm
kẹp phẫu tích mạch máu rumel, số 3, dài 23.5 cm
kẹp phẫu tích mạch máu rumel, số 4, dài 24 cm
kẹp phẫu tích mạch máu rumel, số 5, dài 24 cm
kẹp phẫu tích mạch máu zenker, cong, dài 29.5 cm
kẹp phẫu tích mạch máu zenker, cong, dài 28.5 cm
kẹp phẫu tích mạch máu mixter-baby, cong, dài 13 cm
kẹp phẫu tích mạch máu mixter, gập góc, dài 16 cm
kẹp phẫu tích mạch máu mixter, gập góc, dài 17.5 cm
kẹp phẫu tích mạch máu o’shaugnessy, dài 15 cm
kẹp phẫu tích mạch máu o’shaugnessy, dài 18 cm
kẹp phẫu tích mạch máu o’shaugnessy, dài 18.5 cm
kẹp phẫu tích mạch máu o’shaugnessy, dài 20 cm
kẹp phẫu tích mạch máu o’shaugnessy, dài 23 cm
kẹp phẫu tích mạch máu o’shaugnessy, dài 26 cm
kẹp phẫu tích mạch máu mixter, cong, dài 22.5 cm
kẹp phẫu tích mạch máu mixter, cong, dài 23 cm
kẹp phẫu tích mạch máu wikstroem, gập góc, dài 21 cm
kẹp phẫu tích mạch máu wikstroem, gập góc, dài 24.5 cm
kẹp phẫu tích mạch máu mixter, gập góc, ngàm khía dọc, dài 22.5 cm
kẹp phẫu tích mạch máu mixter, gập góc, ngàm khía dọc, dài 26 cm
kẹp phẫu tích mạch máu mixter, gập góc, ngàm khía dọc, dài 28 cm
kẹp phẫu tích mạch máu mcquigg, gập góc, dài 23.5 cm
kẹp phẫu tích mạch máu lower, gập góc, ngàm khía dọc, dài 18.5 cm
kẹp phẫu tích mạch máu lahey, cong, ngàm khía dọc, dài 19.5 cm
kẹp phẫu tích mạch máu lahey, cong, ngàm khía dọc, dài 22.5 cm
kẹp phẫu tích mạch máu finochietto, gập góc, dài 24.5 cm
kẹp mạch máu không chấn thương uro-tangential, số 1, dài 25 cm
kẹp mạch máu không chấn thương uro-tangential, số 2, dài 26 cm
kẹp mạch máu không chấn thương guyon, dài 23 cm
kẹp mạch máu không chấn thương guyon, dài 24 cm
kẹp cuống thận guyon, dài 19.5 cm
kẹp cuống thận guyon, dài 21.5 cm
kẹp cuống thận guyon, dài 24.5 cm
kẹp cuống thận guyon, dài 24 cm
kẹp phẫu tích mạch máu kelly, số 1, cong, dài 19 cm
kẹp phẫu tích mạch máu kelly, số 1, cong, dài 22.5 cm
kẹp phẫu tích mạch máu kelly, số 1, cong, dài 23 cm
kẹp phẫu tích mạch máu kelly, số 2, cong, dài 19 cm
kẹp phẫu tích mạch máu kelly, số 2, cong, dài 22 cm
kẹp phẫu tích mạch máu kelly, số 2, cong, dài 23.5 cm
kẹp phẫu tích mạch máu kelly, số 3, cong, dài 18.5 cm
kẹp phẫu tích mạch máu kelly, số 3, cong, dài 21.5 cm
kẹp phẫu tích mạch máu kelly, số 3, cong, dài 23 cm
kẹp phẫu tích mạch máu lawrence, dài 28 cm
kẹp phẫu tích mạch máu meeker, gập góc, dài 28 cm
kẹp phẫu tích mạch máu negus, cong, dài 19.5 cm
kẹp phẫu tích mạch máu negus, cong, dài 20 cm
kẹp mạch máu phaneuf, 1x2 răng, thẳng, dài 20.5 cm
kẹp mạch máu phaneuf, 1x2 răng, gập góc, dài 20 cm
kẹp tử cung heaney, 1 răng, cong, dài 19.5 cm
kẹp tử cung heaney, 1 răng, cong, dài 21.5 cm
kẹp tử cung heaney, 1 răng, cong, dài 24 cm
kẹp tử cung heaney, 2 răng, cong, dài 19.5 cm
kẹp tử cung heaney, 2 răng, cong, dài 21.5 cm
kẹp tử cung heaney, 2 răng, cong, dài 24 cm
kẹp sản khoa wertheim-cullen, dài 21 cm
kẹp tử cung rogers, số 1, dài 21.5 cm
kẹp tử cung rogers, số 2, dài 21 cm
kẹp tử cung rogers, số 3, dài 21 cm
kẹp tử cung rogers, số 4, dài 20.5 cm
kẹp tử cung rogers, số 1, dài 25.5 cm
kẹp tử cung rogers, số 2, dài 25 cm
kẹp tử cung rogers, số 3, dài 24.5 cm
kẹp tử cung rogers, số 4, dài 24.5 cm
kẹp ống mật moynihan, cong, dài 23 cm
kẹp ống mật moynihan, cong, dài 23.5 cm
kẹp mạch máu wertheim, cong, dài 26 cm
kẹp mạch máu wertheim, 1x2 răng, cong, dài 22.5 cm
kẹp phúc mạc mikulicz-baby, dài 14.5 cm
kẹp phúc mạc mikulicz, dài 18.5 cm
kẹp phúc mạc mikulicz, dài 20 cm
kẹp phúc mạc mikulicz, dài 20.5 cm
kẹp phúc mạc faure, cong, dài 21 cm
kẹp săng kiểu bulldog schädel, dài 9 cm
kẹp săng kiểu bulldog jones, dài 5.5 cm
kẹp săng kiểu bulldog jones, dài 8.5 cm
kẹp săng backhaus, dài 11 cm
kẹp săng backhaus, dài 13 cm
kẹp săng backhaus, dài 11.5 cm
kẹp săng backhaus, dài 9 cm
kẹp săng backhaus, dài 16 cm
kẹp săng peers-bertram, dài 14.5 cm
kẹp săng roeder, dài 13.5 cm
kẹp săng lorna, dài 10 cm
kẹp săng lorna, dài 13 cm
kẹp săng bernhard, dài 16.5 cm
kẹp săng tohoku, dài 10.5 cm
kẹp săng tohoku, dài 13.5 cm
kẹp săng for paper drapes, dài 11.5 cm
kẹp săng for paper drapes, dài 14 cm
kẹp săng lane, thẳng, dài 20 cm
kẹp ống, dài 14 cm
kẹp ống, dài 16.5 cm
kẹp ống, dài 15.5 cm
kẹp ống, dài 19 cm
kẹp ống, dài 20.5 cm
kẹp ống, kèm kẹp bảo vệ ống, dài 15.5 cm
kẹp ống, kèm kẹp bảo vệ ống, dài 19 cm
kẹp ống, kèm kẹp bảo vệ ống, dài 20.5 cm
kẹp ống brompton, dài 16.5 cm
kẹp ống gunnar-hey, dài 18 cm
kẹp bông băng ulrich, thẳng, dài 22.5 cm
kẹp bông băng ulrich, thẳng, dài 27 cm
kẹp bông băng ulrich, cong, dài 22.5 cm
kẹp bông băng ulrich, cong, dài 26.5 cm
kẹp bông băng lister, thẳng, dài 13 cm
kẹp bông băng lister, thẳng, dài 16 cm
kẹp bông băng lister, thẳng, dài 18.5 cm
kẹp bông băng bryant, dài 13 cm
kẹp bông băng martin, thẳng, dài 17.5 cm
kẹp bông băng gross-maier, thẳng, dài 20.5 cm
kẹp bông băng gross-maier, thẳng, dài 22.5 cm
kẹp bông băng gross-maier, thẳng, dài 26.5 cm
kẹp bông băng gross-maier, cong, dài 20.5 cm
kẹp bông băng gross-maier, cong, dài 22.5 cm
kẹp bông băng gross-maier, cong, dài 26.5 cm
kẹp bông băng, cong, dài 39.5 cm
kẹp bông băng collin, thẳng, dài 25 cm
kẹp bông băng cheron, cong lưỡi lê, dài 25 cm
kẹp bông băng bozemann, cong chữ s, dài 26 cm
kẹp bông băng bergmann, thẳng, dài 24 cm
kẹp bông băng foerster, thẳng, ngàm trơn, dài 25 cm
kẹp bông băng foerster, thẳng, dài 18 cm
kẹp bông băng foerster, thẳng, dài 20.5 cm
kẹp bông băng foerster, thẳng, dài 25 cm
kẹp bông băng foerster, cong, dài 24.5 cm
kẹp bông băng foerster, cong, dài 18 cm
kẹp bông băng foerster, cong, dài 20.5 cm
kẹp bông băng rampley, thẳng, dài 18 cm
kẹp bông băng rampley, thẳng, dài 24.5 cm
móc phẫu thuật chỉnh hình xương rasse, 1 răng, dài 16 cm
móc vi phẫu cope, dài 18 cm
móc vi phẫu barsky, 1 răng, 1 răng, dài 15 cm
móc vi phẫu barsky, 2 răng, 2 răng, dài 15 cm
móc vi phẫu graefe, mũi nhọn, dài 15 cm
móc vi phẫu graefe, mũi tù, dài 15 cm
móc vi phẫu, 1 răng nhọn, số 1, dài 16 cm
móc vi phẫu, 1 răng nhọn, số 2, dài 16 cm
móc vi phẫu, 1 răng nhọn, số 3, dài 16 cm
móc vi phẫu, 1 răng nhọn, số 4, dài 16 cm
móc vi phẫu rasse, 2 răng nhọn, dài 16 cm
móc phẫu thuật o’connor, 1 răng nhọn, dài 16 cm
móc phẫu thuật guthrie, 2 răng nhọn, dài 16 cm
móc phẫu thuật, 1 răng nhọn, dài 16.5 cm
móc phẫu thuật, 2 răng nhọn, dài 16.5 cm
móc phẫu thuật, 3 răng nhọn, dài 16.5 cm
móc phẫu thuật, 4 răng nhọn, dài 16.5 cm
móc phẫu thuật, 1 răng tù, dài 16.5 cm
móc phẫu thuật, 2 răng tù, dài 16.5 cm
móc phẫu thuật, 3 răng tù,  dài 16.5 cm
móc phẫu thuật, 4 răng tù, dài 16.5 cm
móc phẫu thuật, 2 răng nhọn, dài 15.5 cm
móc phẫu thuật, 3 răng nhọn, dài 15.5 cm
móc phẫu thuật, 2 răng tù, dài 15.5 cm
móc phẫu thuật, 3 răng tù,  dài 15.5 cm
móc phẫu thuật, mũi tù, dài 12 cm
móc phẫu thuật desmarres, ngàm 8 mm, dài 16 cm
móc phẫu thuật desmarres, ngàm 10 mm, dài 16 cm
móc phẫu thuật desmarres, ngàm 12 mm, dài 16 cm
móc phẫu thuật desmarres, ngàm 14 mm, dài 16 cm
móc phẫu thuật desmarres, ngàm 16 mm, dài 16 cm
móc phẫu thuật desmarres, ngàm 18 mm, dài 16 cm
móc phẫu thuật mini-langenbeck, ngàm 12x6 mm, dài 16 cm
móc phẫu thuật mini-langenbeck, ngàm 20x6 mm, dài 16 cm
móc phẫu thuật mini-langenbeck, ngàm 21x8 mm, dài 16 cm
móc phẫu thuật, 2 răng tù, ngàm 14x8 mm, dài 16 cm
móc phẫu thuật meyerding, ngàm 18x7 mm, số 1, dài 18 cm
móc phẫu thuật meyerding, ngàm 16x5 mm, số 2, dài 18 cm
móc phẫu thuật meyerding, ngàm 7x4 mm, số 3, dài 18 cm
móc phẫu thuật meyerding, ngàm 12x4 mm, số 4, dài 18 cm
móc phẫu thuật meyerding, ngàm 8x4 mm, số 5, dài 18 cm
móc phẫu thuật meyerding, ngàm 7x9 mm, số 6, dài 18 cm
móc phẫu thuật senn-green, ngàm 20x6, số 1, dài 16 cm
móc phẫu thuật senn-green, ngàm 10x6, số 2, dài 16 cm
móc phẫu thuật ragnell-davis, dài
móc phẫu thuật senn-mueller, 3 răng nhọn, ngàm 20x7 mm, dài 16 cm
móc phẫu thuật 2 đầu senn-mueller, 3 răng tù,  ngàm 20x7 mm, dài 16 cm
móc phẫu thuật cushing, tay cầm có lỗ, dài 20.5 cm
móc phẫu thuật cushing, ngàm 8 mm, dài 20.5 cm
móc phẫu thuật cushing, ngàm 10 mm, dài 20.5 cm
móc phẫu thuật cushing, ngàm 12 mm, dài 20.5 cm
móc phẫu thuật cushing, ngàm 14 mm, dài 20.5 cm
móc phẫu thuật cushing, ngàm 16 mm, dài 20.5 cm
móc phẫu thuật cushing, ngàm 18 mm, dài 20.5 cm
móc phẫu thuật cushing, ngàm 8 mm, dài 24 cm
móc phẫu thuật cushing, ngàm 10 mm, dài 24 cm
móc phẫu thuật cushing, ngàm 12 mm, dài 24 cm
móc phẫu thuật cushing, ngàm 14 mm, dài 24 cm
móc phẫu thuật cushing, ngàm 16 mm, dài 24 cm
móc phẫu thuật cushing, ngàm 18 mm, dài 24 cm
móc phẫu thuật gil-vernet, cán có thể uốn, ngàm 4 mm, dài 24 cm
móc phẫu thuật gil-vernet, cán có thể uốn, ngàm 6 mm, dài 24 cm
móc phẫu thuật gil-vernet, cán có thể uốn, ngàm 8 mm, dài 24 cm
móc phẫu thuật gil-vernet, cán có thể uốn, ngàm 11 mm, dài 24 cm
móc phẫu thuật gil-vernet, cán có thể uốn, ngàm 15 mm, dài 24 cm
móc phẫu thuật gil-vernet, cán có thể uốn, ngàm 17 mm, dài 24 cm
móc phẫu thuật gil-vernet, cán có thể uốn, ngàm 20 mm, dài 24 cm
móc phẫu thuật gil-vernet, cán có thể uốn, ngàm 23 mm, dài 24 cm
móc phẫu thuật brom, cỡ nhỏ, dài 19 cm
móc phẫu thuật brom, cỡ lớn, dài 19 cm
móc phẫu thuật strandell-stille, số 1, dài 19 cm
móc phẫu thuật strandell-stille, số 2, dài 19 cm
móc phẫu thuật klapp, 2 răng tù, ngàm 13x6 mm, dài 17.5 cm
móc phẫu thuật klapp, 3 răng tù,  ngàm 12x11 mm, dài 17.5 cm
móc phẫu thuật klapp, 4 răng tù, ngàm 15x12 mm, dài 17.5 cm
móc phẫu thuật volkmann, 1 răng nhọn, dài 21.5 cm
móc phẫu thuật volkmann, 2 răng nhọn, dài 21.5 cm
móc phẫu thuật volkmann, 3 răng nhọn, dài 21.5 cm
móc phẫu thuật volkmann, 4 răng nhọn, dài 21.5 cm
móc phẫu thuật volkmann, 6 răng, dài 21.5 cm
móc phẫu thuật volkmann, 1 răng, dài 21.5 cm
móc phẫu thuật volkmann, 2 răng, dài 21.5 cm
móc phẫu thuật volkmann, 3 răng, dài 21.5 cm
móc phẫu thuật volkmann, 4 răng, dài 21.5 cm
móc phẫu thuật volkmann, 1 răng, dài 22.5 cm
móc phẫu thuật volkmann, 2 răng, dài 22.5 cm
móc phẫu thuật volkmann, 3 răng, dài 22.5 cm
móc phẫu thuật volkmann, 4 răng, dài 22.5 cm
móc phẫu thuật volkmann, 6 răng, dài 22.5 cm
móc phẫu thuật volkmann, 1 răng  nhọn, dài 22.5 cm
móc phẫu thuật volkmann, 2 răng  nhọn, dài 22.5 cm
móc phẫu thuật volkmann, 3 răng  nhọn, dài 22.5 cm
móc phẫu thuật volkmann, 4 răng  nhọn,  dài 22.5 cm
móc phẫu thuật volkmann, 6 răng  nhọn, dài 22.5 cm
móc phẫu thuật volkmann, 1 răng tù, dài 21.5 cm
móc phẫu thuật, 1 răng nhọn, dài 21.5 cm
móc phẫu thuật kocher, 1 răng nhọn, dài 22.5 cm
móc phẫu thuật kocher, 2 răng nhọn, dài 22.5 cm
móc phẫu thuật kocher, 3 răng nhọn, dài 22.5 cm
móc phẫu thuật kocher, 4 răng nhọn, dài 22.5 cm
móc phẫu thuật kocher, 6 răng  nhọn, dài 22.5 cm
móc phẫu thuật kocher, 1 răng tù, dài 22.5 cm
móc phẫu thuật kocher, 2 răng tù, dài 22.5 cm
móc phẫu thuật kocher, 3 răng tù,  dài 22.5 cm
móc phẫu thuật kocher, 4 răng tù, dài 22.5 cm
móc phẫu thuật kocher, 6 răng tù, dài 22.5 cm
móc phẫu thuật kocher, 1 răng  nhọn, dài 22 cm
móc phẫu thuật kocher, 2 răng  nhọn, dài 22 cm
móc phẫu thuật kocher, 3 răng  nhọn, dài 22 cm
móc phẫu thuật kocher, 4 răng  nhọn,  dài 22 cm
móc phẫu thuật kocher, 6 răng  nhọn, dài 22 cm
móc phẫu thuật ollier, ngàm 37x30 mm, mũi tù, dài 24.5 cm
móc phẫu thuật ollier, ngàm 39x60 mm, mũi tù, dài 23 cm
móc phẫu thuật wassmund, ngàm 33x20 mm, dài 20.5 cm
móc phẫu thuật koerte, 8 răng nhọn, dài 24.5 cm
móc phẫu thuật koerte, 8 răng tù, dài 24.5 cm
móc phẫu thuật israel, 4 răng tù, ngàm 40x40 mm, dài 24.5 cm
móc phẫu thuật israel, 5 răng tù, ngàm 45x50 mm, dài 24.5 cm
móc phẫu thuật israel, 6 răng tù, ngàm 50x60 mm, dài 24.5 cm
móc phẫu thuật israel, 6 răng tù, ngàm 70x70 mm, dài 24.5 cm
móc phẫu thuật langenbeck, ngàm 30x11 mm, dài 21 cm
móc phẫu thuật langenbeck, ngàm 30x13 mm, dài 21 cm
móc phẫu thuật langenbeck, ngàm 30x15 mm, dài 21 cm
móc phẫu thuật langenbeck, ngàm 40x11 mm, dài 21 cm
móc phẫu thuật langenbeck, ngàm 50x11 mm, dài 21 cm
móc phẫu thuật langenbeck, ngàm 30x11 mm, dài 21.5 cm
móc phẫu thuật langenbeck, ngàm 30x14 mm, dài 21.5 cm
móc phẫu thuật langenbeck, ngàm 30x15 mm, dài 21.5 cm
móc phẫu thuật langenbeck, ngàm 40x11 mm, dài 21.5 cm
móc phẫu thuật langenbeck, ngàm 50x11 mm, dài 21.5 cm
móc phẫu thuật langenbeck, ngàm 60x20 mm, dài 21 cm
móc phẫu thuật langenbeck, ngàm 85x15 mm, dài 22.5 cm
móc phẫu thuật langenbeck, ngàm 40x13 mm, dài 21 cm
móc phẫu thuật langenbeck-green, ngàm 6x16 mm, dài 16 cm
móc phẫu thuật langenbeck-green, ngàm 6x25 mm, dài 16 cm
móc phẫu thuật lahey, ngàm 29x6 mm, dài 20.5 cm
móc phẫu thuật little, ngàm 13x14 mm, dài 20 cm
móc phẫu thuật kocher, ngàm 41x8 mm, dài 23 cm
móc phẫu thuật kocher, ngàm 61x20 mm, dài 23 cm
móc phẫu thuật kocher, ngàm 61x25 mm, dài 23 cm
móc phẫu thuật kocher, ngàm 75x30 mm, dài 23 cm
móc phẫu thuật kocher, ngàm 75x40 mm, dài 23 cm
móc phẫu thuật kocher-langenbeck, ngàm 25x6 mm, dài 21.5 cm
móc phẫu thuật kocher-langenbeck, ngàm 35x8 mm, dài 21.5 cm
móc phẫu thuật kocher-langenbeck, ngàm 35x11 mm, dài 21.5 cm
móc phẫu thuật kocher-langenbeck, ngàm 35x15 mm, dài 21.5 cm
móc phẫu thuật kocher-langenbeck, ngàm 40x11 mm, dài 21.5 cm
móc phẫu thuật kocher-langenbeck, ngàm 50x11 mm, dài 21.5 cm
móc phẫu thuật kocher-langenbeck, ngàm 70x14 mm, dài 21.5 cm
móc phẫu thuật kocher-langenbeck, ngàm 80x13 mm, dài 21.5 cm
móc phẫu thuật kocher-langenbeck, ngàm 80x16 mm, dài 21.5 cm
móc phẫu thuật kocher-langenbeck, ngàm 25x10 mm, dài 21.5 cm
móc phẫu thuật kocher-langenbeck, ngàm 40x13 mm, dài 21.5 cm
móc phẫu thuật kocher-langenbeck, ngàm 60x13 mm, dài 21.5 cm
móc phẫu thuật kocher-langenbeck, ngàm 40x18 mm, dài 21.5 cm
móc phẫu thuật kocher-langenbeck, ngàm 60x18 mm, dài 21.5 cm
móc phẫu thuật kocher-langenbeck, ngàm 85x18 mm, dài 21.5 cm
móc phẫu thuật kocher-langenbeck, ngàm 60x25 mm, dài 21.5 cm
móc phẫu thuật kocher-langenbeck, ngàm 85x25 mm, dài 21.5 cm
móc phẫu thuật zenker, ngàm 10x3 mm, gập góc, dài 18 cm
móc phẫu thuật zenker, ngàm 35x9 mm, gập góc, dài 25 cm
móc phẫu thuật zenker, ngàm 60x12 mm, gập góc, dài 26.5 cm
móc phẫu thuật zenker, ngàm 75x12 mm, gập góc, dài 27.5 cm
móc phẫu thuật kocher, ngàm 20x12 mm, dài 21.5 cm
móc phẫu thuật kocher, ngàm 23x14 mm, dài 21.5 cm
móc phẫu thuật kocher, ngàm 40x10 mm, dài 22 cm
móc phẫu thuật kocher, ngàm 40x15 mm, dài 23 cm
móc phẫu thuật kocher, ngàm 40x20 mm, dài 23 cm
móc phẫu thuật middeldorpf, ngàm 15x17 mm, dài 22 cm
móc phẫu thuật middeldorpf, ngàm 22x22 mm, dài 23 cm
móc phẫu thuật middeldorpf, ngàm 26x31 mm, dài 24 cm
móc phẫu thuật richardson-eastman, ngàm 25x20 mm/ 30x28 mm, số 1, dài 26 cm
móc phẫu thuật richardson-eastman, ngàm 43x38 mm/ 63x44 mm, số 2, dài 27.5 cm
móc phẫu thuật richardson, ngàm 25x21 mm, dài 23.5 cm
móc phẫu thuật richardson, ngàm 30x29 mm, dài 24 cm
móc phẫu thuật richardson, ngàm 38x40 mm, dài 24 cm
móc phẫu thuật richardson, ngàm 48x22 mm, dài 24 cm
móc phẫu thuật kelly, ngàm 62x50 mm, dài 26 cm
móc phẫu thuật doyen-stille, ngàm 87x28 mm, dài 25 cm
móc phẫu thuật doyen-stille, ngàm 97x31 mm, dài 26 cm
móc phẫu thuật doyen-stille, ngàm 117x52 mm, dài 26 cm
móc phẫu thuật hoesel, ngàm 63x21 mm, dài 26 cm
móc phẫu thuật hoesel, ngàm 80x30 mm, dài 26 cm
móc phẫu thuật hoesel, ngàm 100x30 mm, dài 26 cm
móc phẫu thuật hoesel, ngàm 120x30 mm, dài 26 cm
móc phẫu thuật hoesel, ngàm 140x30 mm, dài 26 cm
móc phẫu thuật hoesel, ngàm 140x40 mm, dài 26 cm
móc phẫu thuật middeldorpf, ngàm 43x45 mm, dài 27 cm
móc phẫu thuật middeldorpf, ngàm 52x50 mm, dài 27 cm
móc phẫu thuật middeldorpf, ngàm 52x70 mm, dài 28 cm
móc phẫu thuật fritsch, ngàm 35x31 mm, dài 23.5 cm
móc phẫu thuật fritsch, ngàm 33x40 mm, dài 24 cm
móc phẫu thuật fritsch, ngàm 39x50 mm, dài 25 cm
móc phẫu thuật fritsch, ngàm 45x63 mm, dài 25 cm
móc phẫu thuật fritsch, ngàm 45x75 mm, dài 25.5 cm
móc phẫu thuật fritsch, ngàm 53x85 mm, dài 25.5 cm
móc phẫu thuật doyen, ngàm 45x88 mm, dài 24 cm
móc phẫu thuật kocher, ngàm 70x25 mm, dài 23.5 cm
móc phẫu thuật kocher, ngàm 78x45 mm, dài 25 cm
móc phẫu thuật kocher, ngàm 78x55 mm, dài 25 cm
móc phẫu thuật kocher, ngàm 78x65 mm, dài 25 cm
móc phẫu thuật martin, ngàm 110x27 mm, dài 26.5 cm
móc phẫu thuật simon, ngàm 115x22 mm, dài 28 cm
móc phẫu thuật simon, ngàm 115x28 mm, dài 28 cm
móc phẫu thuật coryllos, ngàm 80x22 mm, dài 24 cm
móc phẫu thuật coryllos, ngàm 108x43 mm, dài 24 cm
móc phẫu thuật coryllos, ngàm 119x65 mm, dài 24 cm
móc phẫu thuật davidson, ngàm 80x54 mm, dài 19 cm
móc phẫu thuật davidson, ngàm 75x93 mm, dài 18.5 cm
móc phẫu thuật brunner, ngàm 80x20 mm, thẳng, dài 25.5 cm
móc phẫu thuật brunner, ngàm 100x25 mm, thẳng, dài 25.5 cm
móc phẫu thuật brunner, ngàm 120x55 mm, thẳng, dài 25.5 cm
móc phẫu thuật brunner, ngàm 130x30 mm, thẳng, dài 25.5 cm
móc phẫu thuật brunner, ngàm 140x30 mm, thẳng, dài 25.5 cm
móc phẫu thuật brunner, ngàm 160x30 mm, thẳng, dài 25.5 cm
móc phẫu thuật brunner, ngàm 180x30 mm, thẳng, dài 25.5 cm
móc phẫu thuật brunner, ngàm 80x20 mm, cong, dài 25.5 cm
móc phẫu thuật brunner, ngàm 100x20 mm, cong, dài 25.5 cm
móc phẫu thuật brunner, ngàm 120x25 mm, cong, dài 25.5 cm
móc phẫu thuật brunner, ngàm 140x25 mm, cong, dài 25.5 cm
móc phẫu thuật brunner, ngàm 160x30 mm, cong, dài 25.5 cm
móc phẫu thuật brunner, ngàm 180x30 mm, cong, dài 25.5 cm
móc phẫu thuật sauerbruch, ngàm 45x15 mm, dài 22.5 cm
móc phẫu thuật sauerbruch, ngàm 60x23 mm, dài 22.5 cm
móc phẫu thuật sauerbruch, ngàm 72x20 mm, dài 22.5 cm
banh vén van động mạch chủ ross, số 1, cán silicon, dài 26.5 cm
banh vén van động mạch chủ ross, số 2, cán silicon, dài 27 cm
banh vén van động mạch chủ ross, số 3, cán silicon, dài 27 cm
banh vén van động mạch chủ ross, số 4, cán silicon, dài 27.5 cm
banh vén van động mạch chủ ross, số 5, cán silicon, dài 27.5 cm
banh vén van động mạch chủ ross, số 6, cán silicon, dài 27.5 cm
banh vén van động mạch chủ borowski, ngàm 17x21 mm, số 1, dài 27 cm
banh vén van động mạch chủ borowski, ngàm 16x23 mm, số 2, dài 27 cm
banh vén van động mạch chủ borowski, ngàm 20x25 mm, số 3, dài 27 cm
banh vén van động mạch chủ borowski, ngàm 24x27 mm, số 4, dài 27 cm
banh vén van động mạch chủ borowski, ngàm 28x20 mm, số 5, dài 27 cm
banh vén van động mạch chủ borowski, ngàm 28x29 mm, số 6, dài 27 cm
banh phẫu thuật harrington, ngàm 137x44 mm, dài 32.5 cm
banh phẫu thuật harrington, ngàm 137x65 mm, dài 33 cm
banh phẫu thuật deaver, rộng 16 mm, dài 18 cm
banh phẫu thuật deaver, rộng 19 mm, dài 18 cm
banh phẫu thuật deaver, rộng 22 mm, dài 21.5 cm
banh phẫu thuật deaver, rộng 25 mm, dài 26 cm
banh phẫu thuật deaver, rộng 25 mm, dài 30.5 cm
banh phẫu thuật deaver, rộng 25 mm, dài 33.5 cm
banh phẫu thuật deaver, rộng 25 mm, dài 34.5 cm
banh phẫu thuật deaver, rộng 38 mm, dài 32 cm
banh phẫu thuật deaver, rộng 50 mm, dài 31.5 cm
banh phẫu thuật deaver, rộng 75 mm, dài 31.5 cm
banh phẫu thuật deaver-grip, rộng 25 mm, dài 31.5 cm
banh phẫu thuật deaver-grip, rộng 38 mm, dài 31.5 cm
banh phẫu thuật deaver-grip, rộng 50 mm, dài 31.5 cm
banh phẫu thuật deaver-grip, rộng 100 mm, dài 32.5 cm
banh tâm nhĩ cooley, 48x48 mm, dài 25 cm
banh tâm nhĩ cooley, 30x48 mm, dài 27.5 cm
banh phẫu thuật mikulicz, 90x35 mm, dài 25 cm
banh phẫu thuật mikulicz, kích thước lưỡi 125x50 mm, dài 25 cm
banh phẫu thuật mikulicz, 160x50 mm, dài 25 cm
banh phẫu thuật mikulicz, 85x55 mm, dài 26 cm
banh phẫu thuật kelly, 205x38 mm, dài 27.5 cm
banh phẫu thuật kelly, 210x57 mm, dài 28 cm
banh phẫu thuật xương chậu st. marks, 130x60 mm, dài 26 cm
banh phẫu thuật xương chậu st. marks, 180x60 mm, dài 23.5 cm
banh phẫu thuật xương chậu st. marks, 180x60 mm, dài 28 cm
banh phẫu thuật kuemmel, kích thước lưỡi 100x45 mm, dài 31 cm
banh phẫu thuật kader, rộng 20 mm, dài 28 cm
banh phẫu thuật kader, rộng 30 mm, dài 28 cm
banh phẫu thuật kader, rộng 40 mm, dài 28 cm
banh phẫu thuật collin-hartmann, 35x29 mm, dài 15 cm
banh phẫu thuật roux, 22x21 mm/ 27x29 mm, số 1, dài 14.5 cm
banh phẫu thuật roux, 25x26 mm/ 30x38 mm, số 2, dài 16 cm
banh phẫu thuật roux, 28x29 mm/ 33x43 mm, số 3, dài 17 cm
bộ banh phẫu thuật farabeuf, dài
banh phẫu thuật roux-mini, 6x7 mm và 7x8 mm, dài 14.5 cm
banh phẫu thuật roux-baby, 17x17 mm và 24x21 mm, dài 12.5 cm
bộ banh phẫu thuật parker, cỡ nhỏ, dài 14 cm
bộ banh phẫu thuật parker, cỡ lớn, dài 18.5 cm
bộ banh phẫu thuật parker-mott, dài 16 cm
banh phẫu thuật mathieu, dài 20 cm
bộ banh phẫu thuật parker-langenbeck, dài 21.5 cm
banh phẫu thuật goelet, dài 19 cm
banh vết mổ tự động finsen, 2x3 răng nhọn, dài 5 cm
banh vết mổ tự động finsen, 2x3 răng tù, dài 5 cm
banh vết mổ tự động finsen, 3x4 răng nhọn, dài 7 cm
banh vết mổ tự động finsen, 3x4 răng tù, dài 7 cm
banh vết mổ tự động finsen-martin, 3x4 răng nhọn, dài 7.5 cm
banh vết mổ tự động finsen-martin, 3x4 răng tù, dài 7.5 cm
banh lò xo, 1x1 răng nhọn, 1x1 răng nhọn, dài 8.5 cm
banh lò xo, 1x1 răng nhọn, 1x1 răng nhọn, dài 11.5 cm
banh lò xo, 3x3 răng tù, 3x3 răng tù, dài 8.5 cm
banh lò xo, 4x4 răng tù, 4x4 răng tù, dài 11.5 cm
banh lò xo có khoá, 1x1 răng, 1x1 răng, dài 8.5 cm
banh vết mổ alm, 4x4 răng nhọn, dài 7 cm
banh vết mổ tự động alm, 4x4 răng nhọn, dài 10 cm
banh vết mổ tự động alm, 4x4 răng tù, dài 7 cm
banh vết mổ tự động alm, 4x4 răng tù, dài 10 cm
banh vết mổ tự động, 4x4 răng tù, dài 10 cm
banh vết mổ tự động jansen, 3x3 răng tù, dài 10 cm
banh vết mổ tự động jansen, 3x3 răng nhọn, dài 10 cm
banh vết mổ tự động scalp-contour, 3x4 răng nhọn, dài 13.5 cm
banh vết mổ tự động scalp-contour, 3x4 răng tù, dài 13.5 cm
banh vết mổ tự động anderson-adson, 4x4 răng, dài 19 cm
banh vết mổ tự động travers, 4x5 răng tù, dài 21.5 cm
banh vết mổ tự động norfolk-norwich, 4x5 răng tù, dài 21.5 cm
banh vết mổ tự động weitlaner, 3x4 răng nhọn, dài 20 cm
banh vết mổ tự động weitlaner, 3x4 răng nhọn, dài 24 cm
banh vết mổ tự động weitlaner, 5x6 răng nhọn, dài 25.5 cm
banh vết mổ tự động weitlaner, 3x4 răng tù, dài 20 cm
banh vết mổ tự động weitlaner, 3x4 răng tù, dài 24 cm
banh vết mổ tự động weitlaner, 5x6 răng tù, dài 25.5 cm
banh vết mổ tự động adson, 3x4 răng nhọn, dài 26 cm
banh vết mổ tự động adson, 3x4 răng tù, dài 26 cm
banh vết mổ tự động adson, 5x6 răng nhọn, dài 25.5 cm
banh vết mổ tự động adson, 6x6 răng nhọn,  dài 29 cm
banh vết mổ tự động adson, 5x6 răng tù, dài 25.5 cm
banh vết mổ tự động adson, 6x6 răng tù, dài 29 cm
banh vết mổ tự động, 3x4 răng nhọn, chiều dài lưỡi 20 mm, dài 13.5 cm
banh vết mổ tự động, 3x4 răng tù, chiều dài lưỡi 20 mm, dài 13.5 cm
banh vết mổ tự động weitlaner, 2x3 răng nhọn, dài 11 cm
banh vết mổ tự động weitlaner, 2x3 răng tù, dài 11 cm
banh vết mổ tự động weitlaner, 3x4 răng nhọn, dài 13.5 cm
banh vết mổ tự động weitlaner, 3x4 răng nhọn, dài 16 cm
banh vết mổ tự động weitlaner, 3x4 răng tù, dài 13.5 cm
banh vết mổ tự động weitlaner, 3x4 răng tù, dài 16 cm
banh vết mổ tự động weitlaner-wullstein, 3x3 răng nhọn, dài 13 cm
banh vết mổ tự động weitlaner-wullstein, 3x3 răng tù, dài 13 cm
banh vết mổ tự động mollison, 4x4 răng nhọn, dài 15.5 cm
banh vết mổ tự động plester, 2x2 răng tù, dài 13 cm
banh vết mổ tự động plester, 2x2 răng nhọn, dài 13 cm
banh vết mổ tự động, bên trái plester, 2 răng tù, dài 10.5 cm
banh vết mổ tự động, bên phải plester, 2 răng tù, dài 10.5 cm
banh vết mổ tự động williams, lưỡi 1x5 cm, dài 17 cm
banh vết mổ tự động williams, lưỡi 1x6 cm, dài 17 cm
banh vết mổ tự động williams, lưỡi 1x7 cm, dài 17 cm
banh vết mổ tự động milligan, 3x3 răng tù, dài 13.5 cm
banh vết mổ tự động weitlaner-baby, dài 13.5 cm
banh vết mổ tự động henley, 3x4 răng tù, dài 16.5 cm
lưỡi dao mổ henley, lưỡi 25x17 mm
lưỡi dao mổ henley, lưỡi 32x17 mm
banh vết mổ tự động henley, 3x4 răng nhọn, dài 16.5 cm
banh vết mổ tự động adson, 3x4 răng nhọn, dài 14 cm
banh vết mổ tự động adson, 3x4 răng nhọn, dài 16.5 cm
banh vết mổ tự động adson, 3x4 răng nhọn, dài 21 cm
banh vết mổ tự động adson, 3x4 răng nhọn, dài 24.5 cm
banh vết mổ tự động adson, 3x4 răng tù, dài 14 cm
banh vết mổ tự động adson, 3x4 răng tù, dài 16.5 cm
banh vết mổ tự động adson, 3x4 răng tù, dài 21 cm
banh vết mổ tự động adson, 3x4 răng tù, dài 24.5 cm
banh vết mổ tự động adson, 3x4 răng tù, dài 13 cm
banh vết mổ tự động cloward, dài 25 cm
banh vết mổ tự động cloward
lưỡi dao mổ cloward, dài 40 mm
lưỡi dao mổ cloward, dài 45 mm
lưỡi dao mổ cloward, dài 50 mm
lưỡi dao mổ cloward, dài 55 mm
lưỡi dao mổ cloward, dài 60 mm
banh vết mổ tự động cloward, dài 15 cm
lưỡi banh cloward, dài 40 mm
lưỡi banh cloward, dài 45 mm
lưỡi banh cloward, dài 50 mm
lưỡi banh cloward, dài 55 mm
lưỡi banh cloward, dài 60 mm
banh vết mổ tự động beckmann, 4x4 răng nhọn, dài 32 cm
banh vết mổ tự động adson, 4x5 răng tù, dài 33 cm
banh vết mổ tự động beckman-adson, 4x4 răng tù, dài 31 cm
banh vết mổ tự động beckman-adson, 4x4 răng nhọn, dài 31 cm
banh vết mổ tự động beckman-adson, 4x4 răng tù, dài 30.5 cm
banh vết mổ tự động beckman-adson, 4x4 răng nhọn, dài 30.5 cm
banh vết mổ tự động beckman-eaton, 7x7 răng nhọn,  dài 32 cm
banh vết mổ tự động martin, 6x6 răng nhọn, dài 28.5 cm
banh vết mổ tự động joll, mũi nhọn, dài 15.5 cm
banh vết mổ tự động gelpi, 1x1 răng, dài 13 cm
banh vết mổ tự động gelpi, 1x1 răng, dài 18 cm
banh vết mổ tự động gelpi, 1x1 răng, dài 18.5 cm
khung banh đốt sống cổ bên phải tự động caspar, 11 cm
khung banh đốt sống cổ bên phải tự động caspar, 13 cm
khung banh đốt sống cổ bên trái tự động caspar, 11 cm
khung banh đốt sống cổ bên trái tự động caspar, 13 cm
dụng cụ khoan dành cho khung banh đốt sống cổ bên trái caspar
dụng cụ khoan dành cho khung banh đốt sống cổ bên phải caspar
dụng cụ vặn vít giữ banh đốt sống cổ tự động  caspar
vít giữ banh đốt sống cổ tự động caspar, 12 mm
vít giữ banh đốt sống cổ tự động caspar, 14 mm
vít giữ banh đốt sống cổ tự động caspar, 16 mm
vít giữ banh đốt sống cổ tự động caspar, 18 mm
mũi khoan đốt sống cổ caspar, 8 mm, 14 mm
mũi khoan đốt sống cổ caspar, 8 mm, 8 mm
banh đốt sống cổ, 12.7 cm
banh cột sống thắt lưng, 3 răng, 3 răng, 13 cm
mỏ vịt đĩa đệm caspar, 4 cm
mỏ vịt đĩa đệm caspar, 4.5 cm
mỏ vịt đĩa đệm caspar, 5 cm
mỏ vịt đĩa đệm caspar, 5.5 cm
mỏ vịt đĩa đệm caspar, 6 cm
mỏ vịt đĩa đệm caspar, 6.5 cm
mỏ vịt đĩa đệm caspar, 7.5 cm
mỏ vịt đĩa đệm caspar, 8 cm
mỏ vịt đĩa đệm caspar, 8.5 cm
khung banh đĩa đệm caspar
kẹp thay lưỡi dao mổ
dụng cụ banh bụng collin-baby, dài 18 cm
dụng cụ banh bụng collin, dài 20 cm
banh bụng tự động collin, dài 31 cm
banh bụng tự động ricard, dài 28 cm
khung banh tự động cho banh ricard, dài 19cm
banh bụng lưỡi lớnricard
lưỡi banh trung tâm, 55x70 mm
lưỡi banh trung tâm, 80x90 mm
lưỡi banh thay thế, 18x40 mm
lưỡi banh thay thế, 27x40 mm
lưỡi banh thay thế, 38x60 mm
lưỡi banh thay thế, 45x80 mm
lưỡi banh thay thế, 50x70 mm
lưỡi banh thay thế, 52x110 mm
lưỡi banh thay thế, 60x80 mm
lưỡi banh thay thế, 70x55 mm
lưỡi banh thay thế, 50x58 mm
lưỡi banh thay thế, 72x85 mm
banh bụng tự động gosset-baby, dài 12.5 cm
banh bụng tự động gosset, dài 16.5 cm
banh bụng tự động gosset, dài 18.5 cm
banh bụng tự động balfour-baby, dài 12.5 cm
banh bụng tự động balfour, dài 20 cm
banh bụng tự động tiêu chuẩn balfour, dài 20 cm
lưỡi banh trung tâm balfour, 45x80mm
lưỡi banh trung tâm balfour, 68x85mm
lưỡi banh trung tâm balfour, 40x68mm
banh bụng tự động bản us balfour, dài 20 cm
bộ lưỡi banh bên balfour, sâu 6 cm
bộ lưỡi banh bên balfour, sâu 8 cm
banh bụng tự động o’sullivan-o’connor
banh bụng tự động kirschner
khung cố định kirschner, 300x240 mm
khung cố định kirschner, 240x240 mm
lưỡi dao móc kirschner, 40x55 mm
lưỡi dao móc kirschner, 50x65 mm
lưỡi dao móc kirschner, 60x85 mm
lưỡi dao móc kirschner, 78x65 mm
lưỡi dao móc kirschner, 85x90 mm
lưỡi dao móc kirschner, 98x50 mm
lưỡi dao móc kirschner, kích thước 105x35 mm
banh cổ tử cung caspar
banh cơ phẫu thuật cột sống caspar, cong
banh cơ phẫu thuật cột sống caspar, theo chiều dọc
lưỡi banh giữa - bên titanium, 4 răng, 4 răng, 19x25 mm
lưỡi banh giữa - bên titanium, 4 răng, 4 răng, 19x30 mm
lưỡi banh giữa - bên titanium, 4 răng, 4 răng, 19x35 mm
lưỡi banh giữa - bên titanium, 4 răng, 4 răng, 19x40 mm
lưỡi banh giữa - bên titanium, 4 răng, 4 răng, 19x45 mm
lưỡi banh giữa - bên titanium, 4 răng, 4 răng, 19x50 mm
lưỡi banh giữa - bên titanium, 4 răng, 4 răng, 19x55 mm
lưỡi banh giữa - bên titanium, 4 răng, 4 răng, 19x60 mm
lưỡi banh bên titanium, 8 răng, 8 răng, 24x30 mm
lưỡi banh bên titanium, 8 răng, 8 răng, 24x35 mm
lưỡi banh bên titanium, 8 răng, 8 răng, 24x40 mm
lưỡi banh bên titanium, 8 răng, 8 răng, 24x45 mm
lưỡi banh bên titanium, 8 răng, 8 răng, 24x50 mm
lưỡi banh bên titanium, 8 răng, 8 răng, 24x55 mm
lưỡi banh bên titanium, 8 răng, 8 răng, 24x60 mm
lưỡi banh bên titanium, 8 răng, 8 răng, 24x65 mm
lưỡi banh bên titanium, 8 răng, 8 răng, 24x70 mm
lưỡi banh giữa titanium, 5 răng, 5 răng, 24x30 mm
lưỡi banh giữa titanium, 5 răng, 5 răng, 24x35 mm
lưỡi banh giữa titanium, 5 răng, 5 răng, 24x40 mm
lưỡi banh giữa titanium, 5 răng, 5 răng, 24x45 mm
lưỡi banh giữa titanium, 5 răng, 5 răng, 24x50 mm
lưỡi banh giữa titanium, 5 răng, 5 răng, 24x55 mm
lưỡi banh giữa titanium, 5 răng, 5 răng, 24x60 mm
lưỡi banh giữa titanium, 5 răng, 5 răng, 24x65 mm
lưỡi banh giữa titanium, 5 răng, 5 răng, 24x70 mm
lưỡi banh dài titanium, tù, 19x25 mm
lưỡi banh dài titanium, tù, 19x30 mm
lưỡi banh dài titanium, tù, 19x35 mm
lưỡi banh dài titanium, tù, 19x40 mm
lưỡi banh dài titanium, tù, 19x45 mm
lưỡi banh dài titanium, tù, 19x50 mm
lưỡi banh dài titanium, tù, 19x55 mm
lưỡi banh dài titanium, tù, 19x60 mm
lưỡi banh dài titanium, tù, 24x35 mm
lưỡi banh dài titanium, tù, 24x40 mm
lưỡi banh dài titanium, tù, 24x45 mm
lưỡi banh dài titanium, tù, 24x50 mm
lưỡi banh dài titanium, tù, 24x55 mm
lưỡi banh dài titanium, tù, 24x60 mm
lưỡi banh dài titanium, tù, 24x65 mm
lưỡi banh dài titanium, tù, 24x70 mm
lưỡi banh dài titanium, tù, 24x75 mm
banh cột sống thắt lưng caspar
lưỡi banh cột sống thắt lưng caspar, 20x35 mm
lưỡi banh cột sống thắt lưng caspar, 20x40 mm
lưỡi banh cột sống thắt lưng caspar, 20x45 mm
lưỡi banh cột sống thắt lưng caspar, 20x55 mm
lưỡi banh cột sống thắt lưng caspar, 20x65 mm
móc banh cột sống caspar
lưỡi banh cột sống thắt lưng caspar, 40x35 mm
lưỡi banh cột sống thắt lưng caspar, 40x40 mm
lưỡi banh cột sống thắt lưng caspar, 40x45 mm
lưỡi banh cột sống thắt lưng caspar, 40x55 mm
lưỡi banh cột sống thắt lưng caspar, 40x65 mm
lưỡi banh cột sống thắt lưng caspar, 40x75 mm
lưỡi banh cột sống thắt lưng caspar, 60x35 mm
lưỡi banh cột sống thắt lưng caspar, 60x40 mm
lưỡi banh cột sống thắt lưng caspar, 60x45 mm
lưỡi banh cột sống thắt lưng caspar, 60x55 mm
lưỡi banh cột sống thắt lưng caspar, 60x65 mm
lưỡi banh cột sống thắt lưng caspar, 60x75 mm
lưỡi banh cột sống thắt lưng caspar, 60x85 mm
cán tháo lắp lưỡi dao
cán tháo lắp lưỡi dao có khoá
tay cầm cho banh caspar, có vạch đo
khung banh cột sống scoville
lưỡi banh dạng móc scoville, tù, dài 50 mm
lưỡi banh dạng móc scoville, tù, dài 70 mm
lưỡi banh dạng móc scoville, nhọn, dài 50 mm
lưỡi banh dạng móc scoville, nhọn, dài 70 mm
lưỡi banh dạng răng cưa scoville, 60x25 mm
lưỡi banh dạng răng cưa scoville, 61x50 mm
lưỡi banh dạng răng cưa scoville, 86x25 mm
lưỡi banh dạng móc taylor, 4 răng nhọn, 48x50 mm
lưỡi banh dạng móc taylor, 4 răng nhọn, 64x50 mm
lưỡi banh dạng móc taylor, 4 răng nhọn, 64x64 mm
lưỡi banh dạng móc taylor, 4 răng nhọn, 80x57 mm
lưỡi banh dạng móc scoville, 4 răng nhọn, 44x38 mm
lưỡi banh dạng móc scoville, 4 răng nhọn, 67x44 mm
khung banh cột sống scoville-hav.
cánh tay gữ hệ thống banhmartin
dụng cụ cố định hệ thống banh vào bàn mổ
cánh tay giữ bên
thanh nối ngang hình lục giác
dụng cụ điều chỉnh thanh nối ngang
dụng cụ điều chỉnh lưỡi banh phẫu thuật rochard, dài 18.5 cm
banh phẫu thuật rochard, 50x105 mm
banh phẫu thuật rochard, 50x120 mm
banh phẫu thuật rochard, 50x160 mm
khung giữ banh gắn vào bàn phẫu thuật martract
khung giữ banh gắn vào bàn mổ phẫu thuật thượng vị martract
khung giữ banh gắn vào bàn mổ phẫu thuật midcab martract
khung tay giữ cho hệ thống banh tối giản martract
khung tay giữ cho hệ thống banh ghép thận martract
khung tay giữ cho hệ thống banh tiêu chuẩn martract
khung tay giữ cho hệ thống banh cho bệnh nhân béo phì martract
khung tay giữ cho hệ thống banh ghép gan martract
khung tay giữ cho hệ thống phẫu thuật tim mạch martract, gập góc
thanh ngang giữ banh martract
khung tay giữ mở rộng cho phẫu thuật trực tràng martract
dụng cụ nối cho hệ thống banh dành cho bệnh béo phì martract
thanh điều chỉnh chiều cao martract
thanh ngang có khóa bi martract
kẹp cố định cho dụng cụ banh phẫu thuật martract
thanh giữ lưỡi banh martract, cố định
thanh giữ lưỡi banh martract, có thể di chuyển
thanh giữ lưỡi banh cho banh thượng vị martract
thanh gữ lưỡi banh có chốt dừng martract, dài 20 cm
thanh gữ lưỡi banh có chốt dừng martract, dài 40 cm
thanh giữ optic martract, có thể điều chỉnh linh hoạt
thanh giữ bộ phận cố định mô martract
kẹp giữ vùng thượng vị martract
thiết bị kéo cho vùng thượng vị martract
thiết bị kéo cho tim mạch martract
bộ phận giữ optic martract, đường kính 10mm
bộ phận giữ optic martract, đường kính 5mm
bộ phận giữ optic martract, đường kính 4mm
bộ phận giữ optic martract, đường kính 3mm
dụng cụ cố định móc vén gan nội soi martract
lưỡi banh vén ruột martract, 150x100 mm
lưỡi banh vén ruột martract, 200x100 mm
lưỡi banh vén ruột martract, 250x100 mm
lưỡi banh martract, linh hoạt, 160x50 mm
lưỡi banh martract, linh hoạt, 300x50 mm
lưỡi banh martract, linh hoạt, 160x75 mm
lưỡi banh phẫu thuật tiết niệu martract, linh hoạt, 50x20 mm
lưỡi banh phẫu thuật tiết niệu martract, linh hoạt, 60x20 mm
lưỡi banh phẫu thuật tiết niệu martract, linh hoạt, 100x25 mm
lưỡi banh martract kirschner, 50x65 mm
lưỡi banh martract kirschner, 60x85 mm
lưỡi banh martract kirschner, 78x65 mm
lưỡi banh martract kirschner, 80x90 mm
lưỡi banh martract lagenbeck, 35x11 mm
lưỡi banh martract lagenbeck, 50x11 mm
lưỡi banh martract lagenbeck, 60x20 mm
lưỡi banh martract lagenbeck, 80x20 mm
lưỡi banh martract lagenbeck, 100x20 mm
lưỡi banh martract lagenbeck, 90x40 mm
lưỡi banh martract lagenbeck, 150x50 mm
lưỡi banh martract lagenbeck, 200x50 mm
lưỡi banh martract, 175x25 mm
lưỡi banh martract deaver, 150x50 mm
lưỡi banh martract deaver, 200x70mm
lưỡi banh martract deaver, 220x100 mm
lưỡi banh martract deaver, 200x70 mm
lưỡi banh martract alan - parks, 75x24 mm
lưỡi banh martract alan - parks, 95x24 mm
lưỡi banh bàng quang martract, linh hoạt, 150x80 mm
lưỡi banh martract harrington, 175x40 mm
lưỡi banh martract harrington, 175x65 mm
lưỡi banh martract harrington, 50x25 mm
lưỡi banh martract, 125x50 mm
lưỡi banh martract breisky, 90x25 mm
lưỡi banh martract breisky, 110x25 mm
lưỡi banh martract breisky, 150x25 mm
lưỡi banh martract breisky, 200x25 mm
lưỡi banh martract breisky, 250x25 mm
lưỡi banh martract breisky, 90x35 mm
lưỡi banh martract breisky, 110x35 mm
lưỡi banh martract, linh hoạt, 140x90 mm
lưỡi banh martract, linh hoạt, 165x90 mm
lưỡi banh martract richardson, 25x21 mm
lưỡi banh martract richardson, 30x29 mm
lưỡi banh vùng chậu martract st.marks, 174x60 mm
lưỡi banh vùng chậu martract st.marks, 270x60 mm
lưỡi banh martract volkmann, nhọn, 22x20 mm
lưỡi banh martract volkmann, tù, 22x20 mm
lưỡi banh martract roux, 22x18 mm
lưỡi banh martract roux, 28x23 mm
lưỡi banh martract roux, 43x23 mm
lưỡi banh thượng vị martract, 60x85 mm
lưỡi banh thượng vị martract, 65x78 mm
móc vén gan nội soi martract, cỡ m
móc vén gan nội soi martract, cỡ l
lưỡi banh sườn martract midcab, 2 răng, 40x30 mm
lưỡi banh sườn martract midcab, 2 răng, 50x30 mm
lưỡi banh sườn martract midcab, 2 răng, 60x30 mm
lưỡi banh sườn martract midcab, 42x36 mm
lưỡi banh sườn martract midcab, 65x38 mm
lưỡi banh sườn martract midcab, 65x50 mm
lưỡi banh sườn martract midcab, 70x50 mm
lưỡi banh sườn martract midcab, 92x51 mm
lưỡi banh sườn martract midcab, 103x51 mm
lưỡi banh sườn martract midcab, 42x57 mm
lưỡi banh sườn martract midcab, 65x57 mm
đè ruột reverdin, cong lưỡi lê
đè ruột, lưỡi rộng 30 mm, 33 cm
đè ruột, lưỡi rộng 40 mm, 33 cm
đè ruột, lưỡi rộng 50 mm, 33 cm
đè ruột martin, lưỡi rộng 6.5 mm, 20 cm
đè ruột martin, lưỡi rộng 9.5 mm, 20 cm
đè ruột martin, lưỡi rộng 13 mm, 20 cm
đè ruột martin, lưỡi rộng 16 mm, 20 cm
đè ruột martin, lưỡi rộng 19 mm, 20 cm
đè ruột martin, lưỡi rộng 25 mm, 20 cm
que thăm dò, 2 mm/ 2 mm, 11 cm
que thăm dò, 2 mm/ 2 mm, 13 cm
que thăm dò, 2 mm/ 2 mm, 14.5 cm
que thăm dò, 2 mm/ 2 mm, 16 cm
que thăm dò, 2 mm/ 2 mm, 18 cm
que thăm dò, 2 mm/ 2 mm, 20 cm
que thăm dò, 2 mm/ 2 mm, 25 cm
que thăm dò, 2 mm/ 2 mm, 30 cm
que thăm dò, đường kính 1 mm/ 1 mm, 11.5 cm
que thăm dò, đường kính 1 mm/ 1 mm, 13 cm
que thăm dò, đường kính 1 mm/ 1 mm, 14.5 cm
que thăm dò, đường kính 1 mm/ 1 mm, 16 cm
que thăm dò, đường kính 1 mm/ 1 mm, 18 cm
que thăm dò, đường kính 1 mm/ 1 mm, 20 cm
que thăm dò, 1.5 mm/ 1.5 mm, 13 cm
que thăm dò, 1.5 mm/ 1.5 mm, 14.5 cm
que thăm dò, 1.5 mm/ 1.5 mm, 16 cm
que thăm dò, 1.5 mm/ 1.5 mm, 18 cm
que thăm dò, 1.5 mm/ 1.5 mm, 20 cm
que thăm dò, 1.5 mm/ 1.5 mm, 25 cm
que thăm dò, 2 mm, 13 cm
que thăm dò, 2 mm, 14.5 cm
que thăm dò, 2 mm, 16 cm
que thăm dò stacke, 1 mm, 10 cm
que thăm hình lá, 2 mm, 13 cm
que thăm hình lá, 2 mm, 14.5 cm
que thăm hình lá, 2 mm, 16 cm
que thăm hình lá, 2 mm, 18 cm
que thăm hình lá, 2 mm, 20 cm
que thăm dò lòng máng, thẳng, 13 cm
que thăm dò lòng máng, thẳng, 14.5 cm
que thăm dò lòng máng, thẳng, 16 cm
que thăm dò lòng máng, 13 cm
que thăm dò lòng máng, 14.5 cm
que thăm dò lòng máng, 16 cm
que thăm dò lòng máng doyen, cong, 14.5 cm
que thăm dò lòng máng nelaton, cong, 16 cm
dụng cụ phân tách tĩnh mạch varady, 18 cm
dụng cụ phân tách tĩnh mạch varady, 17 cm
bộ dụng cụ thăm dò tĩnh mạch nabatoff
đầu dò, 3 mm
đầu dò, 6 mm
đầu dò, 9 mm
đầu dò, 12 mm
đầu dò, 15 mm
tay cầm chữ t
dây dẫn
dụng cụ cạo nội mạc động mạch, 2 mm, 50 cm
dụng cụ cạo nội mạc động mạch, 3 mm, 50 cm
dụng cụ cạo nội mạc động mạch, 4 mm, 50 cm
dụng cụ cạo nội mạc động mạch, 5 mm, 50 cm
dụng cụ cạo nội mạc động mạch, 6 mm, 50 cm
dụng cụ cạo nội mạc động mạch, 7 mm, 50 cm
dụng cụ cạo nội mạc động mạch, 10 mm, 50 cm
dụng cụ cạo nội mạc động mạch, 12 mm, 50 cm
dụng cụ cạo nội mạc động mạch, 14 mm, 50 cm
tay cầm cho dụng cụ cạo nội mạc động mạch, 11.5 cm
que quấn bông farrell, 0.9 mm, 12 cm
que quấn bông farrell, 0.9 mm, 14 cm
que quấn bông farrell, 0.9 mm, 16 cm
thước đo, 15 cm
thước đo, 20 cm
thước đo, 30 cm
thước đo, 50 cm
đầu cắm đèn led y tế eu
đầu cắm đèn led y tế uk
đầu cắm đèn led y tế au
kính lúp phẫu thuật 2d sapphire/onyx mc3
kính lúp phẫu thuật 3d sapphire/onyx mc4
kính lúp phẫu thuật 4d sapphire/onyx mc5
pin dự phòng cho sapphire/onyx (2 cục)
trạm sạc 4 pin medled
đèn led y tế chrome, pin dự phòng (2 cục)
đèn led y tế chrome, kính phóng đại 2 diop
đèn led y tế chrome, kính phóng đại 3 diop
đèn led y tế chrome, kính phóng đại 4 diop
vỏ đèn led y tế chrome
đầu nối gopro cho đèn led y tế chrome
dây đeo đầu cho đèn led y tế chrome
đèn led y tế onyx/mc3 màu hổ phách
đèn led y tế màu hổ phách mc6
bộ medled chrome bọc cứng mc3
viền đèn mc3
bộ medled chrome bọc mềm mc3
bộ medled chrome bọc cứng mc6
viền đèn mc6
bộ medled chrome bọc mềm mc6
bộ medled chrome bọc cứng mc7 pro
viền đèn mc7 pro
bộ medled chrome bọc mềm mc7 pro
bộ medled chrome bọc cứng mc3/6/7 pro
bộ medled chrome bọc mềm mc3/6/7 pro
kính bảo hộ medled
bộ đèn led spectra tiêu chuẩn g3
bộ đèn led spectra cho bệnh viện g3
bộ đèn led spectra tiêu chuẩn g6
bộ đèn led spectra cho bệnh viện g6
bộ đèn led spectra tiêu chuẩn g8
bộ đèn led spectra cho bệnh viện g8
tay cầm có van trượt
tay cầm có chốt chặn ngón
tay cầm không có chốt chặn ngón
tay cầm luer lock có ván trượt
tay cầm luer lock có chốt chặn ngón
tay cầm luer lock không có chốt chặn ngón
ống hút mỡ 3 cổng ll, đầu 1.7 mm, 5 cm
ống hút mỡ 3 cổng fc, đầu 1.7 mm, 5 cm
ống hút mỡ 3 cổng ll, đầu 1.7 mm, 15 cm
ống hút mỡ 3 cổng fc, đầu 1.7 mm, 15 cm
ống hút mỡ 3 cổng ll, đầu 2.0 mm, 5 cm
ống hút mỡ 3 cổng fc, đầu 2.0 mm, 5 cm
ống hút mỡ 3 cổng ll, đầu 2.0 mm, 15 cm
ống hút mỡ 3 cổng fc, đầu 2.0 mm, 15 cm
ống hút mỡ 3 cổng ll, đầu 3.0 mm, 5 cm
ống hút mỡ 3 cổng fc, đầu 3.0 mm, 5 cm
ống hút mỡ 3 cổng ll, đầu 3.0 mm, 15 cm
ống hút mỡ 3 cổng fc, đầu 3.0 mm, 15 cm
ống hút mỡ 3 cổng ll, đầu 3.0 mm, 20 cm
ống hút mỡ 3 cổng fc, đầu 3.0 mm, 20 cm
ống hút mỡ 3 cổng ll, đầu 3.0 mm, 30 cm
ống hút mỡ 3 cổng fc, đầu 3.0 mm, 30 cm
ống hút mỡ cổng đơn ll, đầu 1.7 mm, 5 cm
ống hút mỡ cổng đơn fc, đầu 1.7 mm, 5 cm
ống hút mỡ cổng đơn ll, đầu 1.7 mm, 15 cm
ống hút mỡ cổng đơn fc, đầu 1.7 mm, 15 cm
ống hút mỡ cổng đơn ll, đầu 2.0 mm, 5 cm
ống hút mỡ cổng đơn fc, đầu 2.0 mm, 5 cm
ống hút mỡ cổng đơn ll, đầu 2.0 mm, 15 cm
ống hút mỡ cổng đơn fc, đầu 2.0 mm, 15 cm
ống hút mỡ cổng đơn ll, đầu 3.0 mm, 5 cm
ống hút mỡ cổng đơn fc, đầu 3.0 mm, 5 cm
ống hút mỡ cổng đơn ll, đầu 3.0 mm, 15 cm
ống hút mỡ cổng đơn fc, đầu 3.0 mm, 15 cm
ống hút mỡ cổng đơn ll, đầu 3.0 mm, 20 cm
ống hút mỡ cổng đơn fc, đầu 3.0 mm, 20 cm
ống hút mỡ cổng đơn ll, đầu 3.0 mm, 30 cm
ống hút mỡ cổng đơn fc, đầu 3.0 mm, 30 cm
ống hút mỡ fc mercedes, 3.0 mm, 15 cm
ống hút mỡ fc mercedes, 3.0 mm, 20 cm
ống hút mỡ mercedes, đầu 4.0 mm, dài 15 cm
ống hút mỡ mercedes, đầu 4.0 mm, dài 20 cm
ống hút mỡ mercedes, đầu 4.0 mm, dài 25 cm
ống hút mỡ spirale, đầu 3.0 mm, dài 20 cm
ống hút mỡ spirale, đầu 3.0 mm, dài 30 cm
ống hút mỡ spirale, đầu 4.0 mm, dài 20 cm
ống hút mỡ spirale, đầu 4.0 mm, dài 30 cm
ống hút mỡ spirale, đầu 4.0 mm, dài 40 cm
ống hút mỡ spirale, đầu 5.0 mm, dài 30 cm
ống hút mỡ spirale, đầu 5.0 mm, dài 40 cm
ống hút mỡ spirale, đầu 6.0 mm, dài 30 cm
ống hút mỡ spirale, đầu 6.0 mm, dài 40 cm
ống hút mỡ shark, đầu 2.0 mm, dài 5 cm
ống hút mỡ shark, đầu 2.0 mm, dài 15 cm
ống hút mỡ shark, đầu 3.0 mm, dài 5 cm
ống hút mỡ shark, đầu 3.0 mm, dài 15 cm
ống hút mỡ shark, đầu 3.0 mm, dài 25 cm
ống hút mỡ shark, đầu 3.0 mm, dài 30 cm
ống hút mỡ shark, đầu 4.0 mm, dài 5 cm
ống hút mỡ shark, đầu 4.0 mm, dài 15 cm
ống hút mỡ shark, đầu 4.0 mm, dài 25 cm
ống hút mỡ shark, đầu 4.0 mm, dài 30 cm
ống hút mỡ shark, đầu 5.0 mm, dài 30 cm
ống hút mỡ shark, đầu 6.0 mm, dài 30 cm
ống hút truyền dịch, đầu 3.0 mm, dài 20 cm
ống hút truyền dịch, đầu 4.0 mm, dài 20 cm
ống hút truyền dịch, đầu 3.0 mm, cong, dài 20 cm
ống hút truyền dịch, đầu 4.0 mm, cong, dài 20 cm
ống hút truyền dịch, đầu 3.0 mm, cong lưỡi lê, dài 20 cm
ống hút truyền dịch, đầu 4.0 mm, cong lưỡi lê, dài 20 cm
ống hút mỡ đơn cổng, đầu 3.0 mm, dài 15 cm
ống hút mỡ đơn cổng, đầu 3.0 mm, dài 25 cm
ống hút mỡ đơn cổng, đầu 4.0 mm, dài 15 cm
ống hút mỡ đơn cổng, đầu 4.0 mm, dài 25 cm
ống hút mỡ đơn cổng, đầu 6.0 mm, dài 15 cm
ống hút mỡ đơn cổng, đầu 6.0 mm, dài 25 cm
ống hút mỡ đơn cổng, đầu 9.0 mm, dài 30 cm
ống hút mỡ đơn cổng, đầu 3.0 mm, cong, dài 15 cm
ống hút mỡ đơn cổng, đầu 3.0 mm, cong, dài 25 cm
ống hút mỡ đơn cổng, đầu 6.0 mm, cong, dài 15 cm
ống hút mỡ đơn cổng, đầu 6.0 mm, cong, dài 25 cm
ống hút mỡ ba cổng, đầu 4.0 mm, dài 15 cm
ống hút mỡ ba cổng, đầu 4.0 mm, dài 25 cm
ống hút mỡ ba cổng, đầu 6.0 mm, dài 25 cm
ống hút mỡ ba cổng, đầu 6.0 mm, dài 30 cm
ống hút nhi khoa, đầu 3.3 mm, 45°, dài 18 cm
ống hút nhi khoa, đầu 5.0 mm, 45°, dài 18 cm
ống hút nhi khoa, đầu 3.3 mm, 90°, dài 16 cm
ống hút nhi khoa, đầu 5.0 mm, 90°, dài 16 cm
ống hút nhi khoa, đầu 3.3 mm, 45°, dài 21 cm
ống hút nhi khoa, đầu 5.0 mm, 45°, dài 21 cm
ống hút nhi khoa, đầu 3.3 mm, 60°, 18 cm
ống hút nhi khoa, đầu 5.0 mm, 60°, 18 cm
ống hút nhi khoa, đầu 3.3 mm, 90°, dài 15 cm
ống hút nhi khoa, đầu 5.0 mm, 90°, dài 15 cm
ống hút  marcore, đầu 6 mm, dài 39 cm
ống hút có van ngắt marcore, đầu 6 mm, dài 39 cm
đầu hút dẫn lưu marcore, dài 4.5 cm
ống hút thép 18/8 martinit, chống từ, không gỉ, chống axit adson, đầu 4 mm, cong, dài 20 cm
ống hút thép 18/8 martinit, chống từ, không gỉ, chống axit adson, đầu 3 mm, cong, dài 20 cm
ống hút thép 18/8 martinit, chống từ, không gỉ, chống axit adson, đầu 5 mm, cong, dài 20 cm
ống hút thép 18/8 martinit, chống từ, không gỉ, chống axit, đầu 3.3 mm, thẳng, dài 24 cm
ống hút thép 18/8 martinit, chống từ, không gỉ, chống axit frazier, đầu 2.0 mm, dài 19.5 cm
ống hút thép 18/8 martinit, chống từ, không gỉ, chống axit frazier, đầu 2.3 mm, dài 19.5 cm
ống hút thép 18/8 martinit, chống từ, không gỉ, chống axit frazier, đầu 2.7 mm, dài 19.5 cm
ống hút thép 18/8 martinit, chống từ, không gỉ, chống axit frazier, đầu 3.0 mm, dài 19.5 cm
ống hút thép 18/8 martinit, chống từ, không gỉ, chống axit frazier, đầu 3.3 mm, dài 19.5 cm
ống hút thép 18/8 martinit, chống từ, không gỉ, chống axit frazier, đầu 3.6 mm, dài 19.5 cm
ống hút thép 18/8 martinit, chống từ, không gỉ, chống axit frazier, đầu 4.0 mm, dài 19.5 cm
ống hút thép 18/8 martinit, chống từ, không gỉ, chống axit frazier, đầu 5.0 mm, dài 19.5 cm
ống hút thép 18/8 martinit, chống từ, không gỉ, chống axit fergusson, đầu 1.5 mm, dài 11 cm
ống hút thép 18/8 martinit, chống từ, không gỉ, chống axit fergusson, đầu 2.0 mm, dài 11 cm
ống hút thép 18/8 martinit, chống từ, không gỉ, chống axit fergusson, đầu 2.5 mm, dài 11 cm
ống hút thép 18/8 martinit, chống từ, không gỉ, chống axit fergusson, đầu 3.0 mm, dài 11 cm
ống hút thép 18/8 martinit, chống từ, không gỉ, chống axit fergusson, đầu 4.0 mm, dài 11 cm
ống hút thép 18/8 martinit, chống từ, không gỉ, chống axit fergusson, đầu 5.0 mm, dài 11 cm
ống hút thép 18/8 martinit, chống từ, không gỉ, chống axit fergusson, đầu 1.5 mm, dài 13 cm
ống hút thép 18/8 martinit, chống từ, không gỉ, chống axit fergusson, đầu 2.0 mm, dài 13 cm
ống hút thép 18/8 martinit, chống từ, không gỉ, chống axit fergusson, đầu 2.5 mm, dài 13 cm
ống hút thép 18/8 martinit, chống từ, không gỉ, chống axit fergusson, đầu 3.0 mm, dài 13 cm
ống hút thép 18/8 martinit, chống từ, không gỉ, chống axit fergusson, đầu 4.0 mm, dài 13 cm
ống hút thép 18/8 martinit, chống từ, không gỉ, chống axit fergusson, đầu 5.0 mm, dài 13 cm
ống hút thép 18/8 martinit, chống từ, không gỉ, chống axit fergusson, đầu 1.5 mm, dài 16 cm
ống hút thép 18/8 martinit, chống từ, không gỉ, chống axit fergusson, đầu 2.0 mm, dài 16 cm
ống hút thép 18/8 martinit, chống từ, không gỉ, chống axit fergusson, đầu 2.5 mm, dài 16 cm
ống hút thép 18/8 martinit, chống từ, không gỉ, chống axit fergusson, đầu 3.0 mm, dài 16 cm
ống hút thép 18/8 martinit, chống từ, không gỉ, chống axit fergusson, đầu 4.0 mm, dài 16 cm
ống hút thép 18/8 martinit, chống từ, không gỉ, chống axit fergusson, đầu 5.0 mm, dài 16 cm
ống hút thép 18/8 martinit, chống từ, không gỉ, chống axit fergusson, đầu 1.5 mm, dài 20 cm
ống hút thép 18/8 martinit, chống từ, không gỉ, chống axit fergusson, đầu 2.0 mm, dài 20 cm
ống hút thép 18/8 martinit, chống từ, không gỉ, chống axit fergusson, đầu 2.5 mm, dài 20 cm
ống hút thép 18/8 martinit, chống từ, không gỉ, chống axit fergusson, đầu 3.0 mm, dài 20 cm
ống hút thép 18/8 martinit, chống từ, không gỉ, chống axit fergusson, đầu 4.0 mm, dài 20 cm
ống hút thép 18/8 martinit, chống từ, không gỉ, chống axit fergusson, đầu 5.0 mm, dài 20 cm
ống hút thép 18/8 martinit, chống từ, không gỉ, chống axit poppen, đầu 2.0 mm, gập góc, dài 18 cm
ống hút thép 18/8 martinit, chống từ, không gỉ, chống axit poppen, đầu 2.6 mm, gập góc, dài 18 cm
ống hút thép 18/8 martinit, chống từ, không gỉ, chống axit poppen, đầu 3.3 mm, gập góc, dài 18 cm
ống hút thép 18/8 martinit, chống từ, không gỉ, chống axit poppen, đầu 4.0 mm, gập góc, dài 18 cm
ống hút solo thép 18/8 martinit, chống từ, không gỉ, chống axit  zoellner
đầu hút thép 18/8 martinit, chống từ, không gỉ, chống axi, đầu 0.5 mm
đầu hút thép 18/8 martinit, chống từ, không gỉ, chống axi, đầu 0.7 mm
đầu hút thép 18/8 martinit, chống từ, không gỉ, chống axi, đầu 0.9 mm
đầu hút thép 18/8 martinit, chống từ, không gỉ, chống axi, đầu 1.2 mm
đầu hút thép 18/8 martinit, chống từ, không gỉ, chống axi, đầu 1.7 mm
ống hút 3 ống thông wullstein
ống hút cầm tay wullstein
đầu hút vi phẫu siêu nhỏ wullstein, đầu 0.4 mm
đầu hút vi phẫu siêu nhỏ wullstein, đầu 0.6 mm
đầu hút vi phẫu siêu nhỏ wullstein, đầu 0.8 mm
ống hút thép 18/8 martinit, chống từ, không gỉ, chống axit baron-schuknecht, đầu 1.0 mm, dài 75 mm
ống hút thép 18/8 martinit, chống từ, không gỉ, chống axit baron-schuknecht, đầu 1.5 mm, dài 75 mm
ống hút thép 18/8 martinit, chống từ, không gỉ, chống axit baron-schuknecht, đầu 2.0 mm, dài 75 mm
ống hút luer, đầu 3.0 mm, chiều dài làm việc 110 mm
ống hút luer, đầu 3.5 mm, chiều dài làm việc 110 mm
ống hút luer, đầu 4.5 mm, chiều dài làm việc 130 mm
ống hút cầm tay có khóa tạm thời
ống hút cho phẫu thuật tuyến yên landolt, dài 3.2 mm
ống hút thép 18/8 martinit, chống từ, không gỉ, chống axit yasarg, đầu 1.5 mm, chiều dài làm việc 150 mm
ống hút thép 18/8 martinit, chống từ, không gỉ, chống axit yasarg, đầu 2.0 mm, chiều dài làm việc 150 mm
ống hút thép 18/8 martinit, chống từ, không gỉ, chống axit yasarg, đầu 2.5 mm, chiều dài làm việc 150 mm
ống hút thép 18/8 martinit, chống từ, không gỉ, chống axit yasarg, đầu 3.5 mm, chiều dài làm việc 150 mm
ống hút thép 18/8 martinit, chống từ, không gỉ, chống axit magill, đầu 3.0 mm, dài 24.5 cm
ống hút thép 18/8 martinit, chống từ, không gỉ, chống axit magill, đầu 3.5 mm, dài 24.5 cm
ống hút thép 18/8 martinit, chống từ, không gỉ, chống axit magill, đầu 4.0 mm, dài 24.5 cm
dây làm sạch thép 18/8 martinit, chống từ, không gỉ, chống axit magill
ống hút thép 18/8 martinit, chống từ, không gỉ, chống axit baby-yankauer, đầu 8.0 mm, dài 21 cm
ống hút thép 18/8 martinit, chống từ, không gỉ, chống axit hoàn chỉnh yankauer, đầu 9.4 mm, dài 31 cm
ống hút debakey-adson, đầu 4 mm, dài 16 cm
ống hút debakey-adson, đầu 4 mm, dài 20 cm
ống hút debakey-adson, đầu 9 mm, dài 28 cm
ống hút 4 ống thép 18/8 martinit, chống từ, không gỉ, chống axit, dài 31 cm
tay cầm riêng thép 18/8 martinit, chống từ, không gỉ, chống axit, dài 15 cm
đầu nối ống riêng thép 18/8 martinit, chống từ, không gỉ, chống axit
ống hút thép 18/8 martinit, chống từ, không gỉ, chống axit baby-poole, đầu 6.0 mm, thẳng, dài 19 cm
ống hút thép 18/8 martinit, chống từ, không gỉ, chống axit baby-poole, đầu 6.0 mm, cong, dài 19 cm
ống hút thép 18/8 martinit, chống từ, không gỉ, chống axit poole, đầu 10 mm, thẳng, dài 24 cm
ống hút thép 18/8 martinit, chống từ, không gỉ, chống axit poole, đầu 8 mm, gập góc, dài 25 cm
ống hút house, kích thước 0.9x0.7 mm, dài 9 cm
ống hút house, kích thước 1.2x0.9 mm, dài 9 cm
ống hút house, kích thước 1.5x1.2 mm, dài 9 cm
bộ chuyển đổi ống hút house, dài 4.5 cm
ống hút thép 18/8 martinit, chống từ, không gỉ, chống axit fukushima, đầu 3 fr, dài 16.5 cm
ống hút thép 18/8 martinit, chống từ, không gỉ, chống axit fukushima, đầu 4 fr, dài 16.5 cm
ống hút thép 18/8 martinit, chống từ, không gỉ, chống axit fukushima, đầu 5 fr, dài 16.5 cm
ống hút thép 18/8 martinit, chống từ, không gỉ, chống axit fukushima, đầu 6 fr, dài 16.5 cm
ống hút thép 18/8 martinit, chống từ, không gỉ, chống axit fukushima, đầu 7 fr, dài 16.5 cm
ống hút thép 18/8 martinit, chống từ, không gỉ, chống axit fukushima, đầu 8 fr, dài 16.5 cm
ống hút thép 18/8 martinit, chống từ, không gỉ, chống axit fukushima, đầu 9 fr, dài 16.5 cm
ống hút thép 18/8 martinit, chống từ, không gỉ, chống axit fukushima, đầu 10 fr, dài 16.5 cm
ống hút thép 18/8 martinit, chống từ, không gỉ, chống axit fukushima, đầu 12 fr, dài 16.5 cm
ống hút thép 18/8 martinit, chống từ, không gỉ, chống axit fukushima, đầu 3 fr, dài 18 cm
ống hút thép 18/8 martinit, chống từ, không gỉ, chống axit fukushima, đầu 4 fr, dài 18 cm
ống hút thép 18/8 martinit, chống từ, không gỉ, chống axit fukushima, đầu 5 fr, dài 18 cm
ống hút thép 18/8 martinit, chống từ, không gỉ, chống axit fukushima, đầu 6 fr, dài 18 cm
ống hút thép 18/8 martinit, chống từ, không gỉ, chống axit fukushima, đầu 7 fr, dài 18 cm
ống hút thép 18/8 martinit, chống từ, không gỉ, chống axit fukushima, đầu 8 fr, dài 18 cm
ống hút thép 18/8 martinit, chống từ, không gỉ, chống axit fukushima, đầu 9 fr, dài 18 cm
ống hút thép 18/8 martinit, chống từ, không gỉ, chống axit fukushima, đầu 10 fr, dài 18 cm
ống hút thép 18/8 martinit, chống từ, không gỉ, chống axit fukushima, đầu 12 fr, dài 18 cm
ống hút thép 18/8 martinit, chống từ, không gỉ, chống axit fukushima, đầu 3 fr, dài 20.5 cm
ống hút thép 18/8 martinit, chống từ, không gỉ, chống axit fukushima, đầu 4 fr, dài 20.5 cm
ống hút thép 18/8 martinit, chống từ, không gỉ, chống axit fukushima, đầu 5 fr, dài 20.5 cm
ống hút thép 18/8 martinit, chống từ, không gỉ, chống axit fukushima, đầu 6 fr, dài 20.5 cm
ống hút thép 18/8 martinit, chống từ, không gỉ, chống axit fukushima, đầu 7 fr, dài 20.5 cm
ống hút thép 18/8 martinit, chống từ, không gỉ, chống axit fukushima, đầu 8 fr, dài 20.5 cm
ống hút thép 18/8 martinit, chống từ, không gỉ, chống axit fukushima, đầu 9 fr, dài 20.5 cm
ống hút thép 18/8 martinit, chống từ, không gỉ, chống axit fukushima, đầu 10 fr, dài 20.5 cm
ống hút thép 18/8 martinit, chống từ, không gỉ, chống axit fukushima, đầu 12 fr, dài 20.5 cm
ống hút thép 18/8 martinit, chống từ, không gỉ, chống axit fukushima, đầu 3 fr, dài 23 cm
ống hút thép 18/8 martinit, chống từ, không gỉ, chống axit fukushima, đầu 4 fr, dài 23 cm
ống hút thép 18/8 martinit, chống từ, không gỉ, chống axit fukushima, đầu 5 fr, dài 23 cm
ống hút thép 18/8 martinit, chống từ, không gỉ, chống axit fukushima, đầu 6 fr, dài 23 cm
ống hút thép 18/8 martinit, chống từ, không gỉ, chống axit fukushima, đầu 7 fr, dài 23 cm
ống hút thép 18/8 martinit, chống từ, không gỉ, chống axit fukushima, đầu 8 fr, dài 23 cm
ống hút thép 18/8 martinit, chống từ, không gỉ, chống axit fukushima, đầu 9 fr, dài 23 cm
ống hút thép 18/8 martinit, chống từ, không gỉ, chống axit fukushima, đầu 10 fr, dài 23 cm
ống hút thép 18/8 martinit, chống từ, không gỉ, chống axit fukushima, đầu 12 fr, dài 23 cm
ống hút thép 18/8 martinit, chống từ, không gỉ, chống axit cooley, đầu 8 mm, cong, dài 36 cm
ống hút thép 18/8 martinit, chống từ, không gỉ, chống axit cooley, đầu 10 mm, cong, dài 31 cm
ống hút thép 18/8 martinit, chống từ, không gỉ, chống axit cooley, đầu 7 mm, cong, dài 31 cm
ống hút hlm, đầu 6 mm, dài 28 cm
ống hút van, đầu 6 mm, dài 30 cm
ống hút thép 18/8 martinit, chống từ, không gỉ, chống axit nuboer, đầu 6 mm, mũi tròn, dài 21 cm
ống hút thép 18/8 martinit, chống từ, không gỉ, chống axit nuboer, đầu 6 mm, mũi bầu dục, dài 21 cm
ống hút jasmieson, đầu 0.5 mm, dài 27 cm
ống hút jasmieson, đầu 1.0 mm, dài 27 cm
ống hút jasmieson, đầu 1.5 mm, dài 27 cm
ống hút jasmieson, đầu 0.5 mm, 30°, dài 27 cm
ống hút jasmieson, đầu 1.0 mm, 30°, dài 27 cm
đầu hút thép 18/8 martinit, chống từ, không gỉ, chống axit  coupland, đầu 1.5 mm, dài 9 cm
đầu hút thép 18/8 martinit, chống từ, không gỉ, chống axit  coupland, đầu 2.0 mm, dài 9 cm
đầu hút thép 18/8 martinit, chống từ, không gỉ, chống axit  coupland, đầu 2.5 mm, dài 9 cm
đầu hút thép 18/8 martinit, chống từ, không gỉ, chống axit  coupland, đầu 3.5 mm, dài 9 cm
ống hút cầm tay coupland, dài 17 cm
ống hút thép 18/8 martinit, chống từ, không gỉ, chống axit byrd, đầu 3.0 mm, dài 21.5 cm
ống hút thép 18/8 martinit, chống từ, không gỉ, chống axit byrd, đầu 3.5 mm, dài 21.5 cm
ống hút thép 18/8 martinit, chống từ, không gỉ, chống axit byrd, đầu 4.3 mm, dài 21.5 cm
dụng cụ dẫn chỉ, đầu 8 ch, gập góc, mũi hình dao
dụng cụ dẫn chỉ, đầu 10 ch, gập góc, mũi hình dao
dụng cụ dẫn chỉ, đầu 12 ch, gập góc, mũi hình dao
dụng cụ dẫn chỉ, đầu 14 ch, gập góc, mũi hình dao
dụng cụ dẫn chỉ, đầu 16 ch, gập góc, mũi hình dao
dụng cụ dẫn chỉ, đầu 8 ch, cong, mũi hình dao
dụng cụ dẫn chỉ, đầu 10 ch, cong, mũi hình dao
dụng cụ dẫn chỉ, đầu 12 ch, cong, mũi hình dao
dụng cụ dẫn chỉ, đầu 14 ch, cong, mũi hình dao
dụng cụ dẫn chỉ, đầu 16 ch, cong, mũi hình dao
dụng cụ dẫn chỉ, đầu 8 ch, gập góc, mũi nhọn
dụng cụ dẫn chỉ, đầu 10 ch, gập góc, mũi nhọn
dụng cụ dẫn chỉ, đầu 12 ch, gập góc, mũi nhọn
dụng cụ dẫn chỉ, đầu 14 ch, gập góc, mũi nhọn
dụng cụ dẫn chỉ, đầu 16 ch, gập góc, mũi nhọn
dụng cụ dẫn chỉ, đầu 8 ch, gập góc, mũi hình tam giác
dụng cụ dẫn chỉ, đầu 10 ch, gập góc, mũi hình tam giác
dụng cụ dẫn chỉ, đầu 12 ch, gập góc, mũi hình tam giác
dụng cụ dẫn chỉ, đầu 14 ch, gập góc, mũi hình tam giác
dụng cụ dẫn chỉ, đầu 16 ch, gập góc, mũi hình tam giác
ống hút nội khí quản tĩnh mạch đầu nút, đầu 1.2x80 mm
ống hút nội khí quản tĩnh mạch đầu nút, đầu 1.5x80 mm
ống hút nội khí quản  heparin, đầu 2x45 mm
ống hút nội khí quản  heparin, đầu 3x45 mm
ống hút nội khí quản  heparin, đầu 3.7x55 mm
ống hút nội khí quản  heparin, đầu 5x60 mm
ống hút chọc dò frazier, đầu 2.0 mm, dài 7 cm
ống hút chọc dò frazier, đầu 2.5 mm, dài 10 cm
ống hút chọc dò có vạch chia frazier, đầu 2 mm, thẳng, dài 10 cm
ống hút dandy, đầu 2.0 mm, dài 9.5 cm
ống hút crushing-cairns, đầu 2.3 mm, dài 9.5 cm
ống hút plester, đầu 1.5 mm, dài 19.5 cm
ống hút plester, đầu 2.0 mm, dài 19.5 cm
ống hút plester, đầu 2.5 mm, dài 19.5 cm
ống hút plester, đầu 3.0 mm, dài 19.5 cm
ống hút thép 18/8 martinit, chống từ, không gỉ, chống axit verhoeven, dày 16 swg
ống hút thép 18/8 martinit, chống từ, không gỉ, chống axit verhoeven, dày 18 swg
ống hút thép 18/8 martinit, chống từ, không gỉ, chống axit verhoeven, dày 20 swg
ống hút thép 18/8 martinit, chống từ, không gỉ, chống axit verhoeven, dày 22 swg
ống hút thép 18/8 martinit, chống từ, không gỉ, chống axit verhoeven, dày 24 swg
ống hút, đầu 2.0 mm, dài 16 cm
ống hút thép 18/8 martinit, chống từ, không gỉ, chống axit luerlock rosen, đầu 0.5 mm, gập góc
ống hút thép 18/8 martinit, chống từ, không gỉ, chống axit luerlock rosen, đầu 0.7 mm, gập góc
ống hút thép 18/8 martinit, chống từ, không gỉ, chống axit luerlock rosen, đầu 0.8 mm, gập góc
ống hút thép 18/8 martinit, chống từ, không gỉ, chống axit luerlock rosen, đầu 0.9 mm, gập góc
ống hút thép 18/8 martinit, chống từ, không gỉ, chống axit luerlock rosen, đầu 1.0 mm, gập góc
ống hút thép 18/8 martinit, chống từ, không gỉ, chống axit luerlock rosen, đầu 1.2 mm, gập góc
ống hút thép 18/8 martinit, chống từ, không gỉ, chống axit luerlock rosen, đầu 1.4 mm, gập góc
ống hút thép 18/8 martinit, chống từ, không gỉ, chống axit luerlock rosen, đầu 1.5 mm, gập góc
ống hút thép 18/8 martinit, chống từ, không gỉ, chống axit luerlock rosen, đầu 1.8 mm, gập góc
ống hút thép 18/8 martinit, chống từ, không gỉ, chống axit luerlock rosen, đầu 2.0 mm, gập góc
ống hút thép 18/8 martinit, chống từ, không gỉ, chống axit luerlock rosen, đầu 2.5 mm, gập góc
ống hút thép 18/8 martinit, chống từ, không gỉ, chống axit luerlock rosen, đầu 3.0 mm, gập góc
ống hút nội khí quản schmid, đầu 3 mm, có thể uốn cong, dài 15 cm
ống hút nội khí quản schmid, đầu 4 mm, có thể uốn cong, dài 15 cm
ống hút nội khí quản schmid, đầu 5 mm, có thể uốn cong, dài 15 cm
ống hút nội khí quản schmid, đầu 6 mm, có thể uốn cong, dài 15 cm
ống hút heparin nội khí quản thép 18/8 martinit, chống từ, không gỉ, chống axit  mock, đầu 2.9x0.8 mm, dài 6.5 cm
đầu nối mạ chrome
đầu nối ống hút mạ chrome
phụ kiện ống nội khí quản hình nón mạ chrome, đầu 2.5x4.0 mm
phụ kiện ống nội khí quản hình nón mạ chrome, đầu 2.4x6.5 mm
phụ kiện ống nội khí quản hình nón mạ chrome, đầu 3.0x9.0 mm
van điều chỉnh ống hút mạ chrome
kìm kẹp đặt ống nội soi khí quản magill, dài 15.5 cm
kìm kẹp đặt ống nội soi khí quản magill, dài 17.5 cm
kìm kẹp đặt ống nội soi khí quản magill, dài 20 cm
công cụ hướng dẫn ống nội soi khí quản dittel, dài 46 cm
lưỡi dụng cụ soi thanh quản mcintosh, số 0, 55 mm
lưỡi dụng cụ soi thanh quản mcintosh, số 1, 75 mm
lưỡi dụng cụ soi thanh quản mcintosh, số 2, 90 mm
lưỡi dụng cụ soi thanh quản mcintosh, số 3, 110 mm
lưỡi dụng cụ soi thanh quản mcintosh, số 4, 135 mm
bộ dụng cụ soi thanh quản mcintosh
lưỡi dụng cụ soi thanh quản foregger, số 1, 70 mm
lưỡi dụng cụ soi thanh quản foregger, số 2, 90 mm
lưỡi dụng cụ soi thanh quản foregger, số 3, 110 mm
lưỡi dụng cụ soi thanh quản foregger, số 4, 135 mm
bộ dụng cụ soi thanh quản foregger
bộ dụng cụ soi thanh quản dùng pin  mcintosh
bộ dụng cụ soi thanh quản dùng pin mcintosh
lưỡi dụng cụ soi thanh quản  mcintosh, số 0, 55 mm
lưỡi dụng cụ soi thanh quản  mcintosh, số 1, 70 mm
lưỡi dụng cụ soi thanh quản  mcintosh, số 2, 80 mm
lưỡi dụng cụ soi thanh quản  mcintosh, số 3, 105 mm
lưỡi dụng cụ soi thanh quản  mcintosh, số 4, 130 mm
bộ dụng cụ soi thanh quản dùng pin foregger
lưỡi dụng cụ soi thanh quản foregger, số 0, 55 mm
kìm kẹp kim vi phẫu có khóa, thẳng, dài 15 cm
kìm kẹp kim vi phẫu có khóa, thẳng, dài 18 cm
kìm kẹp kim vi phẫu có khóa, cong, dài 15 cm
kìm kẹp kim vi phẫu có khóa, cong, dài 18 cm
kìm kẹp kim vi phẫu không khóa, thẳng, dài 15 cm
kìm kẹp kim vi phẫu không khóa, thẳng, dài 18 cm
kìm kẹp kim vi phẫu không khóa, cong, dài 15 cm
kìm kẹp kim vi phẫu không khóa, cong, dài 18 cm
kìm kẹp kim vi phẫu có khóa, thẳng, dài 21 cm
kìm kẹp kim vi phẫu có khóa, thẳng, dài 23 cm
kìm kẹp kim vi phẫu có khóa, cong, dài 21 cm
kìm kẹp kim vi phẫu có khóa, cong, dài 23 cm
kìm kẹp kim vi phẫu không khóa, thẳng, dài 21 cm
kìm kẹp kim vi phẫu không khóa, thẳng, dài 23 cm
kìm kẹp kim vi phẫu không khóa, cong, dài 21 cm
kìm kẹp kim vi phẫu không khóa, cong, dài 23 cm
kìm kẹp kim vi phẫu titanium có khóa, thẳng, dài 15 cm
kìm kẹp kim vi phẫu titanium có khóa, thẳng, dài 18 cm
kìm kẹp kim vi phẫu titanium có khóa, cong, dài 15 cm
kìm kẹp kim vi phẫu titanium có khóa, cong, dài 18 cm
kìm kẹp kim vi phẫu titanium không khóa, thẳng, dài 15 cm
kìm kẹp kim vi phẫu titanium không khóa, thẳng, dài 18 cm
kìm kẹp kim vi phẫu titanium không khóa, cong, dài 15 cm
kìm kẹp kim vi phẫu titanium không khóa, cong, dài 18 cm
kìm kẹp kim vi phẫu titanium có khóa, đầu 0.8 mm, thẳng, dài 15 cm
kìm kẹp kim vi phẫu titanium có khóa, đầu 0.8 mm, thẳng, dài 18 cm
kìm kẹp kim vi phẫu titanium có khóa, đầu 0.8 mm, thẳng, dài 21 cm
kìm kẹp kim vi phẫu titanium có khóa, đầu 0.8 mm, thẳng, dài 23 cm
kìm kẹp kim vi phẫu titanium có khóa, đầu 0.8 mm, cong, dài 15 cm
kìm kẹp kim vi phẫu titanium có khóa, đầu 0.8 mm, cong, dài 18 cm
kìm kẹp kim vi phẫu titanium có khóa, đầu 0.8 mm, cong, dài 21 cm
kìm kẹp kim vi phẫu titanium có khóa, đầu 0.8 mm, cong, dài 23 cm
kìm kẹp kim vi phẫu titanium không khóa, thẳng, dài 21 cm
kìm kẹp kim vi phẫu titanium không khóa, thẳng, dài 23 cm
kìm kẹp kim vi phẫu titanium không khóa, cong, dài 21 cm
kìm kẹp kim vi phẫu titanium không khóa, cong, dài 23 cm
kìm kẹp kim vi phẫu, mũi 1.2 mm, thẳng, 15 cm
kìm kẹp kim vi phẫu titanium, mũi 1.2 mm, thẳng, 15 cm
kìm kẹp kim vi phẫu, mũi 1.2 mm, thẳng, 18 cm
kìm kẹp kim vi phẫu titanium, mũi 1.2 mm, thẳng, 18 cm
kìm kẹp kim vi phẫu, mũi 1.2 mm, thẳng, 21 cm
kìm kẹp kim vi phẫu titanium, mũi 1.2 mm, thẳng, 21 cm
kìm kẹp kim vi phẫu, mũi 1.2 mm, thẳng, 23 cm
kìm kẹp kim vi phẫu titanium, mũi 1.2 mm, thẳng, 23 cm
kìm kẹp kim vi phẫu, mũi 1.2 mm, cong, 15 cm
kìm kẹp kim vi phẫu titanium, mũi 1.2 mm, cong, 15 cm
kìm kẹp kim vi phẫu, mũi 1.2 mm, cong, 18 cm
kìm kẹp kim vi phẫu titanium, mũi 1.2 mm, cong, 18 cm
kìm kẹp kim vi phẫu, mũi 1.2 mm, cong, 21 cm
kìm kẹp kim vi phẫu titanium, mũi 1.2 mm, cong, 21 cm
kìm kẹp kim vi phẫu, mũi 1.2 mm, cong, 23 cm
kìm kẹp kim vi phẫu titanium, mũi 1.2 mm, cong, 23 cm
kìm kẹp kim vi phẫu, thẳng, 18 cm
kìm kẹp kim vi phẫu, cong, 18 cm
kìm kẹp kim vi phẫu, 18 cm
kim phẫu thuật 1/2c g, số 1, hộp 12 chiếc
kim phẫu thuật 1/2c g, số 2, hộp 12 chiếc
kim phẫu thuật 1/2c g, số 3, hộp 12 chiếc
kim phẫu thuật 1/2c g, số 4, hộp 12 chiếc
kim phẫu thuật 1/2c g, số 5, hộp 12 chiếc
kim phẫu thuật 1/2c g, số 6, hộp 12 chiếc
kim phẫu thuật 1/2c g, số 7, hộp 12 chiếc
kim phẫu thuật 1/2c g, số 8, hộp 12 chiếc
kim phẫu thuật 1/2c g, số 9, hộp 12 chiếc
kim phẫu thuật 1/2c g, số 10, hộp 12 chiếc
kim phẫu thuật 1/2c g, số 11, hộp 12 chiếc
kim phẫu thuật 1/2c g, số 12, hộp 12 chiếc
kim phẫu thuật 1/2c g, số 13, hộp 12 chiếc
kim phẫu thuật 1/2c g, số 14, hộp 12 chiếc
kim phẫu thuật 1/2c g, số 15, hộp 12 chiếc
kim phẫu thuật 1/2c g, số 16, hộp 12 chiếc
kim phẫu thuật 1/2c gr, số 1, hộp 12 chiếc
kim phẫu thuật 1/2c gr, số 2, hộp 12 chiếc
kim phẫu thuật 1/2c gr, số 3, hộp 12 chiếc
kim phẫu thuật 1/2c gr, số 4, hộp 12 chiếc
kim phẫu thuật 1/2c gr, số 5, hộp 12 chiếc
kim phẫu thuật 1/2c gr, số 6, hộp 12 chiếc
kim phẫu thuật 1/2c gr, số 7, hộp 12 chiếc
kim phẫu thuật 1/2c gr, số 8, hộp 12 chiếc
kim phẫu thuật 1/2c gr, số 9, hộp 12 chiếc
kim phẫu thuật 1/2c gr, số 10, hộp 12 chiếc
kim phẫu thuật 1/2c gr, số 11, hộp 12 chiếc
kim phẫu thuật 1/2c gr, số 12, hộp 12 chiếc
kim phẫu thuật 1/2c gr, số 13, hộp 12 chiếc
kim phẫu thuật 1/2c gr, số 14, hộp 12 chiếc
kim phẫu thuật 1/2c gr, số 15, hộp 12 chiếc
kim phẫu thuật 1/2c gr, số 16, hộp 12 chiếc
kim phẫu thuật 1/2c ga, số 1, hộp 12 chiếc
kim phẫu thuật 1/2c ga, số 2, hộp 12 chiếc
kim phẫu thuật 1/2c ga, số 3, hộp 12 chiếc
kim phẫu thuật 1/2c ga, số 4, hộp 12 chiếc
kim phẫu thuật 1/2c ga, số 5, hộp 12 chiếc
kim phẫu thuật 1/2c ga, số 6, hộp 12 chiếc
kim phẫu thuật 1/2c ga, số 7, hộp 12 chiếc
kim phẫu thuật 1/2c ga, số 8, hộp 12 chiếc
kim phẫu thuật 1/2c ga, số 9, hộp 12 chiếc
kim phẫu thuật 1/2c e, số 0, hộp 12 chiếc
kim phẫu thuật 1/2c e, số 00, hộp 12 chiếc
kim phẫu thuật 1/2c e, số 000, hộp 12 chiếc
kim phẫu thuật 1/2c e, số 1, hộp 12 chiếc
kim phẫu thuật 1/2c e, số 2, hộp 12 chiếc
kim phẫu thuật 1/2c e, số 3, hộp 12 chiếc
kim phẫu thuật 1/2c e, số 4, hộp 12 chiếc
kim phẫu thuật 1/2c e, số 5, hộp 12 chiếc
kim phẫu thuật 1/2c pb, số 0, hộp 12 chiếc
kim phẫu thuật 1/2c pb, số 00, hộp 12 chiếc
kim phẫu thuật 1/2c pb, số 1, hộp 12 chiếc
kim phẫu thuật 1/2c pb, số 2, hộp 12 chiếc
kim phẫu thuật 1/2c pb, số 3, hộp 12 chiếc
kim phẫu thuật 1/2c pb, số 4, hộp 12 chiếc
kim phẫu thuật 1/2c pb, số 5, hộp 12 chiếc
kìm kẹp kim vi phẫu barraquer-troutman, thẳng, 10.5 cm
kìm kẹp kim vi phẫu barraquer-troutman, thẳng, 11.5 cm
kìm kẹp kim vi phẫu barraquer-troutman, cong, 10.5 cm
kìm kẹp kim vi phẫu barraquer-troutman, cong, 11.5 cm
kìm kẹp kim vi phẫu barraquer, cong, 11.5 cm
kìm kẹp kim vi phẫu barraquer, cong, 13.5 cm
kìm kẹp kim vi phẫu castroviejo-fino, thẳng, 13 cm
kìm kẹp kim vi phẫu castroviejo-fino, cong, 13 cm
kìm kẹp kim vi phẫu castroviejo-fino, cong, 9 cm
kìm kẹp kim vi phẫu castroviejo-fino, thẳng, 9 cm
kìm kẹp kim vi phẫu castroviejo, thẳng, 14.5 cm
kìm kẹp kim vi phẫu castroviejo, cong, 14.5 cm
kìm kẹp kim derf, thẳng, 12 cm
kìm kẹp kim derf, thẳng, 13 cm
kìm kẹp kim collier, thẳng, 12.5 cm
kìm kẹp kim webster, thẳng, 13 cm
kìm kẹp kim halsey, thẳng, 13.5 cm
kìm kẹp kim neivert, thẳng, 12.5 cm
kìm kẹp kim hegar-baumgartner, thẳng, 14.5 cm
kìm kẹp kim brown, thẳng, 13 cm
kìm kẹp kim brown, thẳng, 18 cm
kìm kẹp kim crile-murray, thẳng, 15 cm
kìm kẹp kim crile-wood, thẳng, 15 cm
kìm kẹp kim adson, thẳng, 18.5 cm
kìm kẹp kim metzenbaum, thẳng, 18.5 cm
kìm kẹp kim m. g. hospital, thẳng, 18 cm
kìm kẹp kim mayo-hegar, thẳng, 14.5 cm
kìm kẹp kim mayo-hegar, thẳng, 16 cm
kìm kẹp kim mayo-hegar, thẳng, 18.5 cm
kìm kẹp kim mayo-hegar, thẳng, 20.5 cm
kìm kẹp kim mayo-hegar, thẳng, 24 cm
kìm kẹp kim mayo-hegar, thẳng, 26.5 cm
kìm kẹp kim mayo-hegar, thẳng, 30.5 cm
kìm kẹp kim mayo-hegar, thẳng, 19 cm
kìm kẹp kim heaney, cong, 20.5 cm
kìm kẹp kim jameson, thẳng, 23 cm
kìm kẹp kim masson, thẳng, 26.5 cm
kìm kẹp kim finochietto, gập góc, 26.5 cm
kìm kẹp kim wangensteen, thẳng, 26.5 cm
kìm kẹp kim johnson, cong, 27 cm
kìm kẹp kim stratte, cong, 23 cm
kìm kẹp kim olsen-hegar, thẳng, 14 cm
kìm kẹp kim gillies, cong, 16 cm
kìm kẹp kim crile, thẳng, 15 cm
kìm kẹp kim mathieu, thẳng, 14 cm
kìm kẹp kim mathieu, thẳng, 17 cm
kìm kẹp kim mathieu, thẳng, 20 cm
kìm kẹp kimtc gold, 11.5 cm
kìm kẹp kim vi phẫu hepp-scheidel, cán vàng, 18.5 cm
kìm kẹp kim webster, cán vàng, 13 cm
kìm kẹp kim crile-wood, cán vàng, 15 cm
kìm kẹp kim vi phẫu, đầu 2 mm, cong, 15 cm
kìm kẹp kim vi phẫu, đầu 2 mm, cong, 18 cm
kìm kẹp kim vi phẫu, đầu 2 mm, cong, 21 cm
kìm kẹp kim vi phẫu, đầu 2 mm, cong, 23 cm
kìm kẹp kim vi phẫu, đầu 2 mm, thẳng, 15 cm
kìm kẹp kim vi phẫu, đầu 2 mm, thẳng, 18 cm
kìm kẹp kim vi phẫu, đầu 2 mm, thẳng, 21 cm
kìm kẹp kim vi phẫu, đầu 2 mm, thẳng, 23 cm
kìm kẹp kim có chốt jaboma, cán vàng, 18 cm
kìm kẹp kim vi phẫu heavy duty, đầu 10 mm, 19 cm
kìm kẹp kim vi phẫu heavy duty, đầu 10 mm, 23 cm
kìm kẹp kim vi phẫu, đầu 0.4 mm, thẳng, 14.5 cm
kìm kẹp kim vi phẫu, đầu 0.4 mm, cong, 14.5 cm
kìm kẹp kim vi phẫu castroviejo, thẳng, cán vàng, 14.5 cm
kìm kẹp kim vi phẫu castroviejo, cong, cán vàng, 14.5 cm
kìm kẹp kim vi phẫu castroviejo, thẳng, cán vàng, 18 cm
kìm kẹp kim vi phẫu castroviejo, thẳng, cán vàng, 21 cm
kìm kẹp kim vi phẫu castroviejo, cong, cán vàng, 18 cm
kìm kẹp kim vi phẫu castroviejo, cong, cán vàng, 21 cm
kìm kẹp kim castroviejo, thẳng, cán vàng, 12.5 cm
kìm kẹp kim barraquer, cán vàng, 14 cm
kìm kẹp kim kilner, cán vàng, 14.5 cm
kìm kẹp kim derf, cán vàng, 12 cm
kìm kẹp kim hegar-baumgartner, cán vàng, 13 cm
kìm kẹp kim hegar-baumgartner, cán vàng, 14.5 cm
kìm kẹp kim halsey, cán vàng, 13 cm
kìm kẹp kim webster, cán vàng, 12 cm
kìm kẹp kim crile-wood, cán vàng, 20.5 cm
kìm kẹp kim sarot, cán vàng, 18 cm
kìm kẹp kim sarot, cán vàng, 20 cm
kìm kẹp kim sarot, cán vàng, 26 cm
kìm kẹp kim mayo-hegar, cán vàng, 16 cm
kìm kẹp kim mayo-hegar, cán vàng, 18.5 cm
kìm kẹp kim mayo-hegar, cán vàng, 20 cm
kìm kẹp kim mayo-hegar, cán vàng, 24 cm
kìm kẹp kim mayo-hegar, cán vàng, 26.5 cm
kìm kẹp kim mayo-hegar, cán vàng, 30 cm
kìm kẹp kim heaney, cán vàng, 20.5 cm
kìm kẹp kim heaney, cán vàng, 24 cm
kìm kẹp kim heaney, cán vàng, 26.5 cm
kìm kẹp kim debakey, cán vàng, 18 cm
kìm kẹp kim debakey, cán vàng, 20.5 cm
kìm kẹp kim debakey, cán vàng, 23 cm
kìm kẹp kim debakey, cán vàng, 26.5 cm
kìm kẹp kim debakey, cán vàng, 31 cm
kìm kẹp kim masson, cán vàng, 26.5 cm
kìm kẹp kim ryder-martin, cán vàng, 12.5 cm
kìm kẹp kim ryder-martin, cán vàng, 15 cm
kìm kẹp kim ryder-martin, cán vàng, 18 cm
kìm kẹp kim ryder-martin, cán vàng, 20 cm
kìm kẹp kim ryder-martin, cán vàng, 23 cm
kìm kẹp kim ryder-martin, cán vàng, 26 cm
kìm kẹp kim swedish-type, cán vàng, 15 cm
kìm kẹp kim swedish-type, cán vàng, 17 cm
kìm kẹp kim swedish-type, cán vàng, 20.5 cm
kìm kẹp kim finochietto, cán vàng, 26.5 cm
kìm kẹp kim ryder-vascular, cán vàng, 12 cm
kìm kẹp kim ryder-vascular, cán vàng, 15.5 cm
kìm kẹp kim ryder-vascular, cán vàng, 17.5 cm
kìm kẹp kim ryder-vascular, cán vàng, 20 cm
kìm kẹp kim ryder-vascular, cán vàng, 22.5 cm
kìm kẹp kim ryder-vascular, cán vàng, 26 cm
kìm kẹp kim wangensteen, cán vàng, 27 cm
kìm kẹp kim hegar-vascular, cán vàng, 14 cm
kìm kẹp kim hegar-vascular, cán vàng, 18.5 cm
kìm kẹp kim hegar-vascular, cán vàng, 20.5 cm
kìm kẹp kim hegar-vascular, cán vàng, 23 cm
kìm kẹp kim bozemann, cán vàng, 20.5 cm
kìm kẹp kim bozemann, cán vàng, 24 cm
kìm kẹp kim bozemann, cán vàng, 26 cm
kìm kẹp kim bozemann, cán vàng, 30 cm
kìm kẹp kim hegar, cán vàng, 20 cm
kìm kẹp kim hegar, cán vàng, 24 cm
kìm kẹp kim stratte, cán vàng, 23 cm
kìm kẹp kim vi phẫu microvascular, cán vàng, 14 cm
kìm kẹp kim vi phẫu microvascular, cán vàng, 17.5 cm
kìm kẹp kim vi phẫu microvascular, cán vàng, 20 cm
kìm kẹp kim vi phẫu microvascular, cán vàng, 23 cm
kìm kẹp kim vi phẫu microvascular, cán vàng, 26 cm
kìm kẹp kim martini, cán vàng, 14 cm
kìm kẹp kim martini, cán vàng, 15 cm
kìm kẹp kim martini, cán vàng, 17.5 cm
kìm kẹp kim martini, cán vàng, 20 cm
kìm kẹp kim olsen hegar, cán vàng, 14.5 cm
kìm kẹp kim olsen hegar, cán vàng, 17 cm
kìm kẹp kim olsen hegar, cán vàng, 19 cm
kìm kẹp kim foster-gillies, cán vàng, 11 cm
kìm kẹp kim gillies-mini, cán vàng, 15 cm
kìm kẹp kim gillies, cán vàng, 16 cm
kìm kẹp kim mathieu, cán vàng, 14 cm
kìm kẹp kim mathieu, cán vàng, 17 cm
kìm kẹp kim mathieu, cán vàng, 20 cm
kìm kẹp kim toennis, cán vàng, 18 cm
kìm kẹp kim kübler, cán vàng, 18 cm
kìm kẹp kim langenbeck, cán vàng, 18.5 cm
kìm kẹp kim langenbeck, cán vàng, 20.5 cm
kìm kẹp kim langenbeck, cán vàng, 23 cm
cây luồn chỉ schmieden-dick, 30 cm
cây luồn chỉ schmieden, 24 cm
cây luồn chỉ, cong, 20 cm
cây luồn chỉ cooper, 20 cm
cây luồn chỉ kronecker, 12 cm
cây luồn chỉ deschamps, mũi tù, 24 cm
cây luồn chỉ deschamps, mũi tù, 20 cm
cây luồn chỉ deschamps, mũi nhọn, 20 cm
cây luồn chỉ deschamps, mũi tù, 27 cm
cây luồn chỉ deschamps, mũi nhọn, 27 cm
cây luồn chỉ deschamps, mũi tù, 28 cm
cây luồn chỉ deschamps, mũi nhọn, 21 cm
cây luồn chỉ deschamps, mũi tù, 21 cm
cây luồn chỉ brunner, số 1, 30 cm
cây luồn chỉ brunner, số 2, 30 cm
cây luồn chỉ martin-type, 19.5 cm
cây luồn chỉ schmieden, 18 cm
cây luồn chỉ schmieden-payr, 18 cm
cây luồn chỉ koenig, số 1, 20 cm
cây luồn chỉ koenig, số 2, 20 cm
cây luồn chỉ koenig, số 3, 20 cm
cây luồn chỉ payr, cong, 22 cm
cây luồn chỉ payr, thẳng, 22 cm
cây giữ chỉ vienna, 23.5 cm
cây điều chỉnh chỉ, 23 cm
kẹp kim phẫu thuật ochsner, 14.5 cm
kẹp giữ mạch máu childe, 17 cm
kẹp giữ mạch máu michel, 12 cm
kẹp giữ mạch máu hegenbarth, 12 cm
kẹp giữ mạch máu wachenfeldt, 12 cm
kẹp giữ mạch máu michel, 12.5 cm
kẹp giữ mạch máu michel, 13 cm
kẹp giữ mạch máu richter, 13.5 cm
kéo cắt băng lorenz, cong, 24 cm
kéo cắt băng lister, gập góc, 14.5 cm
kéo cắt băng lister, gập góc, 18.5 cm
kéo cắt băng lister, gập góc, 20 cm
kéo cắt bột bergmann, 23 cm
kéo cắt bột esmarch, 20 cm
kéo cắt băng universal, 15.5 cm
kéo cắt băng universal, 19 cm
kéo cắt bột bruns, 24 cm
kéo cắt bột stille-martin, 23 cm
kéo cắt bột stille-martin, 27 cm
kéo cắt bột stille-martin, 38 cm
kéo cắt băng lister, cán vàng, 18 cm
kéo cắt bột bruns, cán vàng, 23.5 cm
dao cắt bột esmarch, 18 cm
banh bột hennig, 28 cm
banh bột quattro, 23 cm
kìm banh bột wolff, 17.5 cm
kìm banh bột wolff, 26.5 cm
máy cưa bột 110v
lưỡi cưa cho bột cứng, đường kính 50 mm
lưỡi cưa bột ptfe, đường kính 50 mm
lưỡi cưa cho bột cứng, đường kính 65 mm
lưỡi cưa bột ptfe, đường kính 65 mm
bộ khoan tay hoàn chỉnh stille-sherman
bộ khoan tay hoàn chỉnh stille-sherman, 20.5 cm
mũi khoan xoắn, 2.5 mm, số 1, 81 mm
mũi khoan xoắn, 3.0 mm, số 2, 81 mm
mũi khoan xoắn, 3.5 mm, số 3, 86 mm
mũi khoan xoắn, 4.0 mm, số 4, 86 mm
mũi khoan lỗ, 10 mm, số 5
mũi khoan hình cầu, 5 mm, số 6
mũi khoan hình cầu, 8 mm, số 7
mũi khoan hình cầu, 12 mm, số 8
mũi khoan hình cầu, 16 mm, số 9
mũi khoan xoắn, 1 mm, số 10, 56 mm
mũi khoan xoắn, 1.5 mm, số 11, 61 mm
mũi khoan xoắn, 2 mm, số 12, 66 mm
bộ khoan sọ tay hudson
khoan sọ tay hudson
mũi khoan hình nón hudson, số 1
mũi khoan hình nón hudson, số 2
mũi khoan hình nón hudson, số 3
mũi khoan hình nón hudson, số 4
mũi khoan dẹt cushing, rộng 14 mm
mũi khoan xoắn, 2 mm
mũi khoan mckenzie, 13 mm
mũi khoan errico, 16 mm
bộ khoan tay hoàn chỉnh moore, 27.5 cm
mũi khoan xoắn moore, 3.2 mm
bộ khoan tay hoàn chỉnh martin
kìm xoắn chỉ théptc gold, cán vàng, 15.5 cm
kìm xoắn chỉ théptc gold, cán vàng, 18 cm
kìm xoắn chỉ théptc gold, cong, cán vàng, 14.5 cm
kìm xoắn chỉ thép corwin, cán vàng, 16 cm
kìm cắt chỉ thép martin, cán vàng, 18.5 cm
kìm cắt và uốn chỉ thép, 15 cm
kìm mũi phẳng, 18 cm
kìm mũi phẳng, 13.5 cm
kìm mũi tròn phẳng, 19 cm
kìm mũi phẳng, 17 cm
kìm mũi phẳng, 19.5 cm
kìm cắt chỉ thép, dùng cắt chỉ thép mềm đường kính tối đa 2.4mm, chỉ thép cứng đường kính tối đa 1.8mm, 18.5 cm
kìm cắt bên, cán vàng, 13 cm
kìm cắt bên pear-lock, cán vàng, 23 cm
khoan tay bunnel
khoan tay ralk
đục xương buckley, đầu 2 mm, dài 16 cm
đục xương, đầu 4 mm, dài 17 cm
đục xương, đầu 8 mm, dài 13.5 cm
đục xương, đầu 10 mm, dài 13.5 cm
đục xương, đầu 12 mm, dài 13.5 cm
đục xương, đầu 14 mm, dài 13.5 cm
đục xương, đầu 16 mm, dài 13.5 cm
đục xương partsch, đầu 2 mm, dài 13.5 cm
đục xương partsch, đầu 3 mm, dài 13.5 cm
đục xương partsch, đầu 4 mm, dài 13.5 cm
đục xương partsch, đầu 5 mm, dài 13.5 cm
đục xương partsch, đầu 6 mm, dài 13.5 cm
đục xương partsch, đầu 2 mm, dài 17 cm
đục xương partsch, đầu 3 mm, dài 17 cm
đục xương partsch, đầu 4 mm, dài 17 cm
đục xương partsch, đầu 5 mm, dài 17 cm
đục xương partsch, đầu 6 mm, dài 17 cm
đục xương partsch, đầu 2 mm, dài 16.5 cm
đục xương partsch, đầu 3 mm, dài 16.5 cm
đục xương partsch, đầu 4 mm, dài 16.5 cm
đục xương partsch, đầu 5 mm, dài 16.5 cm
đục xương partsch, đầu 6 mm, dài 16.5 cm
đục xương silicon zielke, đầu 5.5 mm, dài 23 cm
đục xương silicon zielke, đầu 9 mm, dài 23 cm
đục xương alexander, đầu 4 mm, dài 17.5 cm
đục xương alexander, đầu 6 mm, dài 17.5 cm
đục xương alexander, đầu 8 mm, dài 17.5 cm
đục xương alexander, đầu 10 mm, dài 17.5 cm
đục xương alexander, đầu 12 mm, dài 17.5 cm
đục xương alexander, đầu 14 mm, dài 17.5 cm
đục xương stille, đầu 10 mm, dài 20.5 cm
đục xương stille, đầu 12 mm, dài 20.5 cm
đục xương stille, đầu 15 mm, dài 20.5 cm
đục xương stille, đầu 20 mm, dài 20.5 cm
đục xương stille, đầu 25 mm, dài 20.5 cm
đục xương stille, đầu 8 mm, dài 20.5 cm
tay cầm đục xương silicon, dài 18.5 cm
lưỡi đục xương, đầu 5 mm, thẳng, dài 8 cm
lưỡi đục xương, đầu 10 mm, thẳng, dài 8 cm
lưỡi đục xương, đầu 16 mm, thẳng, dài 8 cm
lưỡi đục xương, đầu 25 mm, thẳng, dài 8 cm
lưỡi đục xương, đầu 5 mm, dài 8 cm
lưỡi đục xương, đầu 10 mm, dài 8 cm
lưỡi đục xương, đầu 16 mm, dài 8 cm
lưỡi đục xương, đầu 25 mm, dài 8 cm
đục xương silicon lexer, đầu 5 mm, thẳng, dài 24.5 cm
đục xương silicon lexer, đầu 10 mm, thẳng, dài 24.5 cm
đục xương silicon lexer, đầu 15 mm, thẳng, dài 24.5 cm
đục xương silicon lexer, đầu 5 mm, cong, dài 24.5 cm
đục xương silicon lexer, đầu 10 mm, cong, dài 24.5 cm
đục xương silicon lexer, đầu 15 mm, cong, dài 24.5 cm
đục xương silicon mini-lexer, đầu 4 mm, dài 18 cm
đục xương silicon mini-lexer, đầu 6 mm, dài 18 cm
đục xương silicon mini-lexer, đầu 8 mm, dài 18 cm
đục xương silicon mini-lexer, đầu 10 mm, dài 18 cm
đục xương silicon mini-lexer, đầu 12 mm, dài 18 cm
đục xương silicon lexer, đầu 5 mm, dài 22 cm
đục xương silicon lexer, đầu 7 mm, dài 22 cm
đục xương silicon lexer, đầu 10 mm, dài 22 cm
đục xương silicon lexer, đầu 15 mm, dài 22 cm
đục xương silicon lexer, đầu 20 mm, dài 22 cm
đục xương silicon lexer, đầu 25 mm, dài 22 cm
đục xương silicon lexer, đầu 30 mm, dài 22 cm
đục xương mini-lambotte, đầu 2 mm, dài 12.5 cm
đục xương mini-lambotte, đầu 3 mm, dài 12.5 cm
đục xương mini-lambotte, đầu 4 mm, dài 12.5 cm
đục xương mini-lambotte, đầu 6 mm, dài 12.5 cm
đục xương mini-lambotte, đầu 8 mm, dài 12.5 cm
đục xương mini-lambotte, đầu 10 mm, dài 12.5 cm
đục xương mini-lambotte, đầu 12 mm, dài 12.5 cm
đục xương mini-lambotte, đầu 15 mm, dài 12.5 cm
đục xương mini-lambotte, đầu 3 mm, dài 17 cm
đục xương mini-lambotte, đầu 4 mm, dài 17 cm
đục xương mini-lambotte, đầu 6 mm, dài 17 cm
đục xương mini-lambotte, đầu 8 mm, dài 17 cm
đục xương mini-lambotte, đầu 10 mm, dài 17 cm
đục xương mini-lambotte, đầu 12 mm, dài 17 cm
đục xương mini-lambotte, đầu 15 mm, dài 17 cm
đục xương lambotte, đầu 4 mm, thẳng, dài 24 cm
đục xương lambotte, đầu 6 mm, thẳng, dài 24 cm
đục xương lambotte, đầu 8 mm, thẳng, dài 24 cm
đục xương lambotte, đầu 10 mm, thẳng, dài 24 cm
đục xương lambotte, đầu 13 mm, thẳng, dài 24 cm
đục xương lambotte, đầu 15 mm, thẳng, dài 24 cm
đục xương lambotte, đầu 18 mm, thẳng, dài 24 cm
đục xương lambotte, đầu 20 mm, thẳng, dài 24 cm
đục xương lambotte, đầu 25 mm, thẳng, dài 24 cm
đục xương lambotte, đầu 30 mm, thẳng, dài 24 cm
đục xương lambotte, đầu 38 mm, thẳng, dài 24 cm
đục xương lambotte, đầu 44 mm, thẳng, dài 24 cm
đục xương lambotte, đầu 50 mm, thẳng, dài 24 cm
đục xương lambotte, đầu 4 mm, cong, dài 24 cm
đục xương lambotte, đầu 6 mm, cong, dài 24 cm
đục xương lambotte, đầu 8 mm, cong, dài 24 cm
đục xương lambotte, đầu 10 mm, cong, dài 24 cm
đục xương lambotte, đầu 13 mm, cong, dài 24 cm
đục xương lambotte, đầu 15 mm, cong, dài 24 cm
đục xương lambotte, đầu 18 mm, cong, dài 24 cm
đục xương lambotte, đầu 20 mm, cong, dài 24 cm
đục xương lambotte, đầu 25 mm, cong, dài 24 cm
đục xương lambotte, đầu 30 mm, cong, dài 24 cm
đục xương lambotte, đầu 38 mm, cong, dài 24 cm
đục xương lambotte, đầu 44 mm, cong, dài 24 cm
đục xương lambotte, đầu 50 mm, cong, dài 24 cm
đục xương smith-petersen, đầu 6 mm, thẳng, dài 20.5 cm
đục xương smith-petersen, đầu 9 mm, thẳng, dài 20.5 cm
đục xương smith-petersen, đầu 13 mm, thẳng, dài 20.5 cm
đục xương smith-petersen, đầu 16 mm, thẳng, dài 20.5 cm
đục xương smith-petersen, đầu 19 mm, thẳng, dài 20.5 cm
đục xương smith-petersen, đầu 25 mm, thẳng, dài 20.5 cm
đục xương smith-petersen, đầu 6 mm, cong, dài 20.5 cm
đục xương smith-petersen, đầu 9 mm, cong, dài 20.5 cm
đục xương smith-petersen, đầu 13 mm, cong, dài 20.5 cm
đục xương smith-petersen, đầu 16 mm, cong, dài 20.5 cm
đục xương smith-petersen, đầu 19 mm, cong, dài 20.5 cm
đục xương smith-petersen, đầu 25 mm, cong, dài 20.5 cm
đục xương silicon cobb, đầu 6 mm, thẳng, dài 28 cm
đục xương silicon cobb, đầu 6 mm, cong, dài 28 cm
đục xương hoke, đầu 3 mm, dài 17 cm
đục xương hoke, đầu 5 mm, dài 17 cm
đục xương hoke, đầu 6 mm, dài 17 cm
đục xương hoke, đầu 8 mm, dài 17 cm
đục xương hoke, đầu 9 mm, dài 17 cm
đục xương hibbs, đầu 6 mm, dài 24.5 cm
đục xương hibbs, đầu 13 mm, dài 24.5 cm
đục xương hibbs, đầu 19 mm, dài 24.5 cm
đục xương hibbs, đầu 25 mm, dài 24.5 cm
đục xương hibbs, đầu 32 mm, dài 24.5 cm
đục xương hibbs, đầu 6 mm, thẳng, dài 24.5 cm
đục xương hibbs, đầu 13 mm, thẳng, dài 24.5 cm
đục xương hibbs, đầu 19 mm, thẳng, dài 24.5 cm
đục xương hibbs, đầu 25 mm, thẳng, dài 24.5 cm
đục xương hibbs, đầu 32 mm, thẳng, dài 24.5 cm
đục xương hibbs, đầu 6 mm, cong, dài 24.5 cm
đục xương hibbs, đầu 13 mm, cong, dài 24.5 cm
đục xương hibbs, đầu 19 mm, cong, dài 24.5 cm
đục xương hibbs, đầu 25 mm, cong, dài 24.5 cm
đục xương hibbs, đầu 32 mm, cong, dài 24.5 cm
giũa xương putti, dài 30 cm
dụng cụ lấy mẫu xương champy-osu
dụng cụ lấy mẫu xương champy, đầu 8 mm
dụng cụ sinh thiết xương champy, đầu 5 mm
dụng cụ lấy ghép sụn, dài 16 mm, dài 22.5 cm
dụng cụ lấy ghép sụn, dài 21 mm, dài 22.5 cm
dụng cụ tùn xương silicon caspar, đầu 3 mm, dài 22 cm
dụng cụ tùn xương silicon caspar, đầu 5 mm, dài 22 cm
dụng cụ tùn xương silicon caspar, đầu 8 mm, dài 22 cm
dụng cụ tùn xương kim loại, đầu 2 mm, dài 15.5 cm
dụng cụ tùn xương kim loại, đầu 3 mm, dài 15.5 cm
dụng cụ tùn xương kim loại, đầu 4 mm, dài 15.5 cm
dụng cụ tùn xương kim loại, đầu 5 mm, dài 15.5 cm
dụng cụ tùn xương kim loại, đầu 6 mm, dài 15.5 cm
dụng cụ tùn xương kim loại, đầu 8 mm, dài 15.5 cm
dụng cụ tùn xương kim loại, đầu 10 mm, dài 15.5 cm
dụng cụ tùn xương silicon, đầu 12 mm, dài 20 cm
dụng cụ tùn xương silicon, đầu 14 mm, dài 20 cm
dụng cụ tùn xương silicon, đầu 16 mm, dài 20 cm
búa williger, đầu 26 mm, 275g, dài 24 cm
búa williger, đầu 28 mm, 320g, dài 24 cm
búa williger, đầu 30 mm, 340g, dài 24 cm
búa doyen, đầu 25 mm, 120g, dài 20.5 cm
búa doyen, đầu 30 mm, 170g, dài 21 cm
búa doyen, đầu 35 mm, 260g, dài 21.5 cm
búa collin, đầu 30 mm, 220g, dài 20 cm
búa lucae, đầu 19 mm, 230g, dài 19.5 cm
búa lucae, đầu 25 mm, 260g, dài 19.5 cm
búa cottle, đầu 30 mm, 300g, dài 19 cm
búa williger, đầu 20 mm, 140g, dài 16.5 cm
búa, 650g, dài 25 cm
búa mead, đầu 27 mm, 330g, dài 19 cm
búa partsch, đầu 27 mm, 175g, dài 19 cm
búa recoilless, 700g, dài 25 cm
búa, 890g, dài 26 cm
búa, 710g, dài 25 cm
búa, 640g, dài 25 cm
búa, 510g, dài 25 cm
búa, 770g, dài 25 cm
búa, 1010g, dài 26 cm
nạo xương volkmann, số 1, dài 17 cm
nạo xương volkmann, số 2, dài 17 cm
nạo xương volkmann, số 3, dài 17 cm
nạo xương volkmann, số 4, dài 17 cm
nạo xương volkmann, số 5, dài 17 cm
nạo xương volkmann, số 6, dài 17 cm
nạo xương volkmann, số 0, dài 17 cm
nạo xương volkmann, số 00, dài 17 cm
nạo xương volkmann, số 000, dài 17 cm
nạo xương volkmann, số 0000, dài 17 cm
nạo xương volkmann, số 1, dài 27 cm
nạo xương volkmann, số 2, dài 27 cm
nạo xương volkmann, số 3, dài 27 cm
nạo xương volkmann, số 4, dài 27 cm
nạo xương volkmann, số 0, dài 27 cm
nạo xương schede, số 0, dài 17 cm
nạo xương schede, số 00, dài 17 cm
nạo xương schede, số 000, dài 17 cm
nạo xương schede, số 1, dài 17 cm
nạo xương schede, số 2, dài 17 cm
nạo xương schede, số 3, dài 17 cm
nạo xương schede, số 4, dài 17 cm
nạo xương daubenspeck, số 0, dài 17 cm
nạo xương daubenspeck, số 00, dài 17 cm
nạo xương daubenspeck, số 000, dài 17 cm
nạo xương daubenspeck, số 0000, dài 17 cm
nạo xương bruns, số 0, dài 17 cm
nạo xương bruns, số 00, dài 17 cm
nạo xương bruns, số 000, dài 17 cm
nạo xương bruns, số 0000, dài 17 cm
nạo xương bruns, số 1, dài 17 cm
nạo xương bruns, số 2, dài 17 cm
nạo xương bruns, số 3, dài 17 cm
nạo xương bruns, số 4, dài 17 cm
nạo xương bruns, số 5, dài 17 cm
nạo xương bruns, số 6, dài 17 cm
nạo xương spratt, số 0, dài 17 cm
nạo xương spratt, số 00, dài 17 cm
nạo xương spratt, số 000, dài 17 cm
nạo xương spratt, số 0000, dài 17 cm
nạo xương spratt, số 1, dài 17 cm
nạo xương spratt, số 2, dài 17 cm
nạo xương spratt, số 3, dài 17 cm
nạo xương spratt, số 4, dài 17 cm
nạo xương spratt, số 5, dài 17 cm
nạo xương bruns, số 0, dài 23 cm
nạo xương bruns, số 00, dài 23 cm
nạo xương bruns, số 000, dài 23 cm
nạo xương bruns, số 1, dài 23 cm
nạo xương bruns, số 2, dài 23 cm
nạo xương bruns, số 3, dài 23 cm
nạo xương bruns, số 4, dài 23 cm
nạo xương bruns, số 5, dài 23 cm
nạo xương bruns, số 6, dài 23 cm
nạo xương scoville, thẳng, dài 25 cm
nạo xương scoville, gập góc, dài 25 cm
nạo xương simon, số 1, dài 22.5 cm
nạo xương simon, số 2, dài 22.5 cm
nạo xương simon, số 3, dài 22.5 cm
nạo xương simon, số 4, dài 22.5 cm
nạo xương simon, số 5, dài 22.5 cm
nạo xương simon, số 6, dài 22.5 cm
nạo xương, số 1, dài 25 cm
nạo xương, số 0, dài 25 cm
nạo xương, số 00, dài 25 cm
nạo xương, số 000, dài 25 cm
nạo xương us-type, số 1, dài 16.5 cm
nạo xương us-type, số 2, dài 16.5 cm
nạo xương us-type, số 3, dài 16.5 cm
nạo xương us-type, số 4, dài 16.5 cm
nạo xương us-type, số 5, dài 16.5 cm
nạo xương us-type, số 6, dài 16.5 cm
nạo xương halle, số 1, dài 21 cm
nạo xương halle, số 2, dài 21 cm
nạo xương halle, số 3, dài 21 cm
nạo xương jacobsen, dài 14 cm
nạo xương volkmann, mũi oval/oval, dài 12.5 cm
nạo xương volkmann, mũi oval/oval, dài 14.5 cm
nạo xương volkmann, mũi oval/oval, dài 17 cm
nạo xương volkmann, mũi oval/tròn, dài 13 cm
nạo xương volkmann, mũi oval/tròn, dài 16 cm
nạo xương volkmann, mũi oval/tròn, dài 20 cm
nạo xương, mũi oval/tròn, dài 21 cm
nạo xương williger, số 00/0, dài 14 cm
nạo xương williger, số 0/1, dài 14 cm
nạo xương williger, số 1/2, dài 14 cm
nạo xương williger, số 00/00, mũi oval, dài 16.5 cm
nạo xương williger, số 0/0, mũi oval, dài 16.5 cm
nạo xương williger, số 1/1, mũi oval, dài 16.5 cm
nạo xương hemmingway, số 0/0
tay cầm periotome
nạo xương hemmingway, số 1/1
nạo xương hemmingway, số 2/2
nạo xương hemmingway, số 3/3
nạo xương hemmingway, số 4/4
nạo xương lucas-martin, số 0/0
nạo xương lucas-martin, số 1/1
nạo xương lucas-martin, số 2/2
nạo xương lucas-martin, số 3/3
nạo xương miller-colburn, số 0
nạo xương miller-colburn, số 1
nạo xương miller-colburn, số 2
nạo xương miller-colburn, số 3
nạo xương miller-colburn, số 4
nạo xương, đầu 1.5 mm
nạo xương, đầu 2.5 mm
nạo xương
nạo xương, dài 19 cm
dụng cụ nạo róc xương martin-langenbeck, đầu 16 mm
dụng cụ nạo róc xương martin-langenbeck, đầu 12 mm, gập góc
dụng cụ nạo róc xương martin-hoen, đầu 7 mm, dài 16 cm
dụng cụ nạo róc xương martin-hoen, đầu 15 mm, dài 18.5 cm
dụng cụ nạo róc xương martin-hoen, đầu 20 mm, dài 19 cm
dụng cụ nâng màng xương freer
dụng cụ nạo róc xương martin-cushing, đầu 4 mm, dài 17.5 cm
dụng cụ nạo róc xương martin-cushing, đầu 6 mm, dài 17.5 cm
dụng cụ nạo róc xương martin-cushing, đầu 5 mm, dài 19.5 cm
dụng cụ nạo róc xương martin-cushing, đầu 7 mm, dài 19.5 cm
dụng cụ nạo róc xương martin-cushing, đầu 8 mm, dài 17 cm
dụng cụ nạo róc xương langenbeck, gập góc, dài 18 cm
dụng cụ nâng màng xương dr.iglhaut, dài 18 cm
dụng cụ nạo róc xương langenbeck, dài 19 cm
dụng cụ nạo róc xương landolt, đầu 4.5 mm, dài 17.5 cm
dụng cụ nạo róc xương könig, đầu 5 mm, dài 15.5 cm
dụng cụ nâng màng xương akiyama
dụng cụ nâng màng xương akiyama f.1
dụng cụ nâng màng xương akiyama new
dụng cụ nâng màng xương vi phẫu 5d
dụng cụ nạo róc xương cottle, đầu 9 mm, cong, dài 19 cm
dụng cụ nạo róc xương sedillot, đầu 18 mm, dài 18.5 cm
dụng cụ nạo róc xương farabeuf-collin, đầu 11 mm, thẳng, dài 15.5 cm
dụng cụ nạo róc xương farabeuf-collin, đầu 11 mm, cong, dài 15.5 cm
dụng cụ nạo róc xương farabeuf, đầu 12.5 mm, thẳng, dài 15.5 cm
dụng cụ nạo róc xương farabeuf, đầu 12.5 mm, cong, dài 15.5 cm
dụng cụ nạo róc xương key, đầu 6.5 mm, dài 18 cm
dụng cụ nạo róc xương key, đầu 9.5 mm, dài 19 cm
dụng cụ nạo róc xương key, đầu 12.5 mm, dài 19 cm
dụng cụ nạo róc xương key, đầu 19 mm, dài 20 cm
dụng cụ nạo róc xương key, đầu 24.5 mm, dài 21 cm
dụng cụ nạo róc xương key, đầu 3 mm, dài 18 cm
dụng cụ nạo róc xương key, đầu 16 mm, dài 20 cm
dụng cụ nạo róc xương cobb, đầu 6 mm, dài 28 cm
dụng cụ nạo róc xương cobb, đầu 10 mm, dài 28 cm
dụng cụ nạo róc xương cobb, đầu 13 mm, dài 28 cm
dụng cụ nạo róc xương cobb, đầu 19 mm, dài 28 cm
dụng cụ nạo róc xương cobb, đầu 25 mm, dài 28 cm
dụng cụ nạo róc xương cobb, đầu 6 mm, dài 23 cm
dụng cụ nạo róc xương cobb, đầu 10 mm, dài 23 cm
dụng cụ nạo róc xương cobb, đầu 13 mm, dài 23 cm
dụng cụ nạo róc xương cobb, đầu 19 mm, dài 23 cm
dụng cụ nạo róc xương cobb, đầu 25 mm, dài 23 cm
dụng cụ nạo róc xương, đầu 6 mm, thẳng, dài 20 cm
dụng cụ nạo róc xương, đầu 14 mm, thẳng, dài 20 cm
dụng cụ nạo róc xương, đầu 14 mm, cong, dài 20 cm
dụng cụ nạo róc xương, đầu 6 mm, cong, dài 20 cm
dụng cụ nạo róc xương, đầu 3 mm, cong, dài 20 cm
dụng cụ nạo róc xương, đầu 13 mm, thẳng, dài 20 cm
dụng cụ nạo róc xương williger, đầu 6 mm, thẳng, dài 12.5 cm
dụng cụ nâng xương prichard, dài 17 cm
dụng cụ nâng xương vi phẫu emons, dài 17.5 cm
dụng cụ nạo róc xương kahre-williger, đầu 4 mm, cong, dài 16.5 cm
dụng cụ nạo róc xương kahre-williger, đầu 5 mm, cong, dài 16.5 cm
dụng cụ nạo róc xương williger, đầu 7 mm, cong, dài 16 cm
dụng cụ nạo róc xương williger, đầu 5 mm, cong, dài 16 cm
dụng cụ nâng màng xương, đầu 3 mm, banh 30º
dụng cụ nâng màng xương, đầu 4 mm, banh 20º
dụng cụ nạo róc xương, đầu 19 mm, thẳng, dài 20 cm
dụng cụ nạo róc xương, đầu 8 mm, cong, dài 17 cm
dụng cụ nạo róc xương dành cho người lớn doyen, cong phải, dài 17 cm
dụng cụ nạo róc xương dành cho người lớn doyen, cong trái, dài 17 cm
dụng cụ nạo róc xương dành cho trẻ em doyen, cong phải, dài 17 cm
dụng cụ nâng màng xương west, dài 18 cm
dụng cụ nạo róc xương dành cho trẻ em doyen, cong trái, dài 18 cm
dụng cụ tách mô titanium
dụng cụ tách mô titanium thép không gỉ 18/8
dụng cụ nâng màng xương thép không gỉ bóng gương, dài 16.5 cm
dụng cụ nạo róc xương alexander, dài 21 cm
dụng cụ nâng màng xương woodson, dài 17.5 cm
dụng cụ nâng màng xương ohl, dài 17.5 cm
dụng cụ nạo róc xương semb, đầu 12 mm, số 1, dài 19 cm
dụng cụ nạo róc xương semb, đầu 12 mm, số 2, dài 22 cm
dụng cụ nạo róc xương semb, đầu 13 mm, số 3, dài 19 cm
dụng cụ nạo róc xương semb, đầu 13 mm, số 4, dài 22 cm
dụng cụ nạo róc xương semb, đầu 15 mm, số 5, dài 23 cm
dụng cụ nâng màng xương molt
dụng cụ nâng màng xương molt, dài 18 cm
dụng cụ nâng màng xương alijberg, dài 19 cm
dụng cụ nạo róc xương lambotte, đầu 5 mm, dài 21.5 cm
dụng cụ nạo róc xương lambotte, đầu 10 mm, dài 21.5 cm
dụng cụ nạo róc xương lambotte, đầu 15 mm, dài 21.5 cm
dụng cụ nạo róc xương lambotte, đầu 20 mm, dài 21.5 cm
dụng cụ nạo róc xương lambotte, đầu 25 mm, dài 21.5 cm
dụng cụ giũa xương, đầu 13 mm, cong lưỡi lê, dài 25 cm
dụng cụ giũa xương, đầu 20 mm, dài 22 cm
dụng cụ nâng màng xương adson, thẳng, dài 17 cm
dụng cụ nâng màng xương adson, cong, dài 17.5 cm
dụng cụ nâng màng xương adson, thẳng, dài 17.5 cm
dụng cụ nâng màng xương adson, cong, dài 17 cm
dụng cụ giũa xương miller-colburn, số 1, dài 18 cm
dụng cụ giũa xương miller-colburn, số 2, dài 18 cm
dụng cụ giũa xương miller-colburn, số 3, dài 18 cm
dụng cụ giũa xương miller-colburn, số 4, dài 18 cm
dụng cụ giũa xương miller-colburn, số 5, dài 18 cm
dụng cụ giũa xương miller-colburn, cán vàng, dài 19 cm
dụng cụ nâng màng xương langenbeck, đầu 7 mm, dài 19.5 cm
dụng cụ nâng màng xương langenbeck, đầu 10 mm, dài 19.5 cm
dụng cụ nâng màng xương martin-langenbeck, đầu 5 mm, dài 17 cm
dụng cụ nâng màng xương martin-langenbeck, đầu 7 mm, dài 17 cm
dụng cụ nâng màng xương martin-langenbeck, đầu 8 mm, dài 19.5 cm
dụng cụ nâng màng xương martin-langenbeck, đầu 10 mm, dài 19.5 cm
dụng cụ mini nâng màng xương/lắp đặt màng, dài 18 cm
dụng cụ nâng màng xương williger, đầu 7 mm, dài 17 cm
dụng cụ nâng màng xương williger, đầu 4 mm, dài 16 cm
dụng cụ nạo róc xương seldin
dụng cụ nâng màng xương sebileau, dài 17.5 cm
dụng cụ nâng màng xương quervain, dài 19.5 cm
dụng cụ bẩy xương, dài 16 cm
dụng cụ tách màng xương alderdyce, dài 21 cm
dụng cụ tách màng xương watson-cheyne, dài 17.5 cm
dụng cụ tách màng xương mcdonald, dài 18.5 cm
dụng cụ bẩy xương, đầu 6 mm, cong, dài 15 cm
dụng cụ bẩy xương mini-hohmann, đầu 6 mm, dài 16 cm
dụng cụ bẩy xương mini-hohmann, đầu 8 mm, dài 16 cm
dụng cụ bẩy xương, đầu 15 mm, dài 16 cm
dụng cụ bẩy xương, đầu 15 mm, dài 12 cm
dụng cụ bẩy xương hohmann, đầu 8 mm, dài 21.5 cm
dụng cụ bẩy xương hohmann, đầu 18 mm, dài 23.5 cm
dụng cụ bẩy xương hohmann, đầu 43 mm, dài 23.5 cm
dụng cụ bẩy xương hohmann, đầu 70 mm, dài 25 cm
dụng cụ bẩy xương hohmann, đầu 22 mm, dài 25.5 cm
dụng cụ bẩy xương hohmann, đầu 35 mm, dài 29 cm
dụng cụ bẩy xương hohmann, đầu 24 mm, dài 27.5 cm
dụng cụ bẩy xương lange-hohmann, đầu 22 mm, dài 25 cm
dụng cụ bẩy xương bennett, đầu 43 mm, dài 24 cm
dụng cụ bẩy xương bennett, đầu 60 mm, dài 23.5 cm
dụng cụ bẩy xương blount, đầu 39 mm, tù, dài 26.5 cm
dụng cụ bẩy xương blount, 2 răng, đầu 47 mm, dài 26.5 cm
dụng cụ rút đầu gối blount, dài 17.5 cm
dụng cụ banh cột sống taylor, 95x30 mm, dài 16 cm
dụng cụ banh cột sống taylor, kích thước 115x30 mm, dài 16 cm
dụng cụ tuốt gân, đầu 4 mm, dài 23 cm
dụng cụ tuốt gân, đầu 4.5 mm, dài 23 cm
dụng cụ tuốt gân, đầu 5.5 mm, dài 23 cm
dụng cụ tuốt gân, dài 28.5 cm
kẹp giữ gân steinmann, dài 16 cm
kẹp kéo gân brand, 2x3 răng, 2x3 răng, dài 15 cm
kẹp kéo gân brand, 2x3 răng, 2x3 răng, dài 19 cm
kẹp kéo gân brand, 2x3 răng, 2x3 răng, dài 24.5 cm
kẹp kéo gân, 2x3 răng, 2x3 răng, thẳng, dài 21 cm
kẹp kéo gân, 2x3 răng, 2x3 răng, cong, dài 20.5 cm
kẹp giữ gân carroll, cong, dài 11.5 cm
kẹp giữ gân, dài 11.5 cm
kẹp giữ gân kleinert-kutz, chiều dài trục 140 mm, dài 21 cm
kẹp nối gân, dài 15 cm
kẹp giữ xương, cong, dài 14.5 cm
kẹp sụn bircher-ganske, thẳng, dài 21 cm
kẹp sụn bircher-ganske, cong, dài 20.5 cm
kẹp sụn bircher-ganske, gập góc, dài 20 cm
kẹp sụn dingmann, dài 18.5 cm
kẹp sụn martin, thẳng, dài 18.5 cm
kẹp sụn, s, dài 13.5 cm
kẹp giữ xương lewin, dài 18 cm
kẹp xương ngón tay, dài 14 cm
kẹp điều chỉnh cấu trúc, s, dài 9 cm
kẹp điều chỉnh cấu trúc, dài 15 cm
kẹp điều chỉnh cấu trúc sl-band, dài 13 cm
kẹp giữ xương langenbeck, dài 21 cm
kẹp giữ xương fergusson, dài 21 cm
kẹp giữ xương frosch, dài 18 cm
kẹp giữ xương, dài 20 cm
kẹp điều chỉnh cấu trúc, dài 16 cm
kẹp điều chỉnh cấu trúc, dài 24 cm
kẹp giữ xương kern, dài 17 cm
kẹp giữ xương kern, dài 24.5 cm
kẹp giữ xương semb, cong, dài 19 cm
kẹp giữ xương farabeuf, dài 26 cm
kẹp giữ xương ulrich, thẳng, dài 23 cm
kẹp giữ xương ulrich, thẳng, dài 25 cm
kẹp giữ xương ulrich, thẳng, dài 28 cm
kẹp giữ xương ulrich, cong, dài 23 cm
kẹp giữ xương ulrich, cong, dài 25 cm
kẹp giữ xương ulrich, cong, dài 28 cm
kẹp giữ xương khoá hãm, dài 15 cm
kẹp giữ xương khoá hãm, dài 20 cm
kẹp giữ xương khoá hãm, dài 24 cm
kẹp giữ xương khoá hãm, dài 26 cm
kẹp giữ xương khoá hãm, dài 28 cm
kẹp giữ xương không có khoá lane, dài 33 cm
kẹp giữ xương có khoá lane, dài 33 cm
kẹp giữ xương verbrugge, dài 25 cm
kẹp giữ xương verbrugge, dài 26 cm
kẹp giữ xương verbrugge, dài 27.5 cm
kẹp giữ xương verbrugge, dài 17.5 cm
banh dùng trong phẫu thuật cắt cụt percy
kìm cắt xương stellbrink, dài 17 cm
kìm cắt xương stellbrink, dài 16.5 cm
kìm cắt xương friedmann, dài 12.5 cm
kìm cắt xương friedmann, dài 13.5 cm
kìm cắt xương cleveland, dài 13.5 cm
kìm cắt xương cleveland, dài 16.5 cm
kìm cắt xương mead, dài 16.5 cm
kìm cắt xương hartmann, dài 17.5 cm
kìm cắt xương jansen, thẳng, dài 18 cm
kìm cắt xương jansen, cong chữ s, dài 18.5 cm
kìm cắt xương jansen, cong, dài 18 cm
kìm cắt xương lempert, thẳng, dài 19 cm
kìm cắt xương lempert, cong, dài 19 cm
kìm cắt xương blumenthal, cong nhẹ, dài 16 cm
kìm cắt xương, cong 30º, dài 15.5 cm
kìm cắt xương, thẳng, dài 15.5 cm
kìm cắt xương, cong, dài 15.5 cm
kìm cắt xương, gập góc 90º, dài 14.5 cm
kìm cắt xương blumenthal, cong, dài 15.5 cm
kìm cắt xương luer, thẳng, dài 18.5 cm
kìm cắt xương luer, cong, dài 18 cm
kìm cắt xương luer, cong, dài 14.5 cm
kìm cắt xương luer, cong tiêu chuẩn, dài 14.5 cm
kìm cắt xương boehler, thẳng, dài 15 cm
kìm cắt xương boehler, cong, dài 15 cm
kìm cắt xương beyer, cong, dài 18 cm
kìm cắt xương zaufal-jansen, dài 18 cm
kìm cắt xương mayfield, dài 18 cm
kìm cắt xương marquard, dài 20.5 cm
kìm cắt xương ruskin, cong, dài 19 cm
kìm cắt xương ruskin, cong, dài 24 cm
kìm cắt xương semb, cong, dài 23.5 cm
kìm cắt xương stille, cong, dài 22.5 cm
kìm cắt xương echlin, đầu 2 mm, dài 23 cm
kìm cắt xương echlin, dài 23 cm
kìm cắt xương stille-ruskin, dài 23.5 cm
kìm cắt xương leksell-stille, dài 24.5 cm
kìm cắt xương frykholm, cong, dài 23 cm
kìm cắt xương stille-luer, thẳng, dài 22.5 cm
kìm cắt xương stille-luer, cong, dài 22.5 cm
kìm cắt xương cottle-kazanjian, dài 19 cm
kìm cắt xương liston, thẳng, dài 14 cm
kìm cắt xương liston, thẳng, dài 17 cm
kìm cắt xương liston, thẳng, dài 20 cm
kìm cắt xương liston, thẳng, dài 22 cm
kìm cắt xương liston, cong, dài 14 cm
kìm cắt xương liston, cong, dài 17 cm
kìm cắt xương liston, cong, dài 20 cm
kìm cắt xương liston, cong, dài 22 cm
kìm cắt xương cleveland, dài 17 cm
kìm cắt xương cleveland, dài 14.5 cm
kìm cắt xương boehler, thẳng, dài 14 cm
kìm cắt xương boehler, cong, dài 14 cm
kìm cắt xương ruskin-liston, thẳng, dài 19 cm
kìm cắt xương ruskin-liston, cong, dài 18.5 cm
kìm cắt xương stille-liston, dài 26 cm
kìm cắt xương stille-liston, dài 28 cm
kìm cắt xương stille-liston, dài 23.5 cm
kìm cắt xương liston-key, dài 25 cm
máy khoan móng tay
máy cưa vòng ngón tay martin
kẹp tách móng, dài 16 cm
kẹp cưa vòng ngón tay, dài 14.5 cm
kẹp tách móng radolf, dài 13.5 cm
dụng cụ nạo cột sống cổ, số 1, thẳng, dài 21.5 cm
dụng cụ nạo cột sống cổ, số 2, thẳng, dài 21.5 cm
dụng cụ nạo cột sống cổ, số 3, thẳng, dài 21.5 cm
dụng cụ nạo cột sống cổ, số 4, thẳng, dài 21.5 cm
dụng cụ nạo cột sống cổ, số 1, cong, dài 21.5 cm
dụng cụ nạo cột sống cổ, số 2, cong, dài 21.5 cm
dụng cụ nạo cột sống cổ, số 3, cong, dài 21.5 cm
dụng cụ nạo cột sống cổ, số 4, cong, dài 21.5 cm
dụng cụ nạo cột sống cổ, số 1, thẳng, dài 24 cm
dụng cụ nạo cột sống cổ, số 2, thẳng, dài 24 cm
dụng cụ nạo cột sống cổ, số 3, thẳng, dài 24 cm
dụng cụ nạo cột sống cổ, số 4, thẳng, dài 24 cm
dụng cụ nạo cột sống cổ, số 1, cong, dài 24 cm
dụng cụ nạo cột sống cổ, số 2, cong, dài 24 cm
dụng cụ nạo cột sống cổ, số 3, cong, dài 24 cm
dụng cụ nạo cột sống cổ, số 4, cong, dài 24 cm
dụng cụ nạo cột sống lưng, số 0, thẳng, dài 24 cm
dụng cụ nạo cột sống lưng, số 1, thẳng, dài 24 cm
dụng cụ nạo cột sống lưng, số 2, thẳng, dài 24 cm
kéo cắt xương sườn, cong, dài 23 cm
kéo cắt xương sườn gluck, cong, dài 21 cm
kéo cắt xương sườn bethune, dài 34.5 cm
kéo cắt xương sườn sauerbruch, dài 26 cm
kéo cắt xương sườn giertz-stille, dài 24.5 cm
kéo cắt xương sườn dùng cho tay phải brunner, dài 32 cm
kéo cắt xương sườn dùng cho tay trái brunner, dài 32 cm
dụng cụ đục xương ức lebsche, dài 24.5 cm
dụng cụ đục lỗ động mạch chủ, đầu 3.0 mm, dài 15 cm
dụng cụ đục lỗ động mạch chủ, đầu 3.5 mm, dài 15 cm
dụng cụ đục lỗ động mạch chủ, đầu 4.0 mm, dài 15 cm
dụng cụ đục lỗ động mạch chủ, đầu 4.5 mm, dài 15 cm
dụng cụ đục lỗ động mạch chủ, đầu 5.0 mm, dài 15 cm
dụng cụ đục lỗ động mạch chủ, đầu 6.0 mm, dài 15 cm
kẹp ống dẫn lưu màng phổi không có khoá, dài 24 cm
kẹp ống dẫn lưu màng phổi không có khoá, dài 34 cm
kẹp ống dẫn lưu màng phổi có khoá, dài 24 cm
kẹp ống dẫn lưu màng phổi có khoá, dài 34 cm
banh xương ức dùng cho trẻ sinh non
lưỡi banh bên titanium, kích thước lưỡi banh 9x20 mm
lưỡi banh bên titanium, kích thước lưỡi banh 9x10 mm
banh xương sườn cooley, vật liệu nhôm, banh 95 mm
banh xương sườn cooley, vật liệu nhôm, banh 150 mm
dụng cụ banh xương sườn làm từ nhôm cooley, banh 195 mm
banh xương sườn trẻ sơ sinh finochietto, vật liệu nhôm, banh 75 mm
banh xương sườn finochietto-haight, vật liệu nhôm, banh 100 mm
banh xương sườn finochietto, vật liệu nhôm, banh 135 mm
banh xương sườn finochietto, vật liệu nhôm, banh 175 mm
banh xương sườn buford, vật liệu nhôm, banh 165 mm
banh xương sườn buford, vật liệu nhôm, banh 260 mm
banh xương sườn buford, vật liệu nhôm, banh 280 mm
banh xương sườn castaneda, vật liệu nhôm, banh 60 mm
banh xương sườn castaneda, vật liệu nhôm, banh 70 mm
banh xương sườn castaneda, vật liệu nhôm, banh 105 mm
banh xương sườn finochietto, vật liệu nhôm, banh 100 mm
banh xương sườn haight, kích thước lưỡi banh 30x30 mm, dài 120 mm
banh xương ức tự động morse, banh 230 mm
dụng cụ banh xương ức tự động morse, lưỡi dao 42x49 mm, banh 212 mm
banh xương sườn tuffier, lưỡi banh 45x45 mm, banh 170 mm
banh xương sườn finochietto-baby, lưỡi banh 15x20 mm, banh 75 mm
dụng cụ banh xương sườn finochietto, lưỡi banh 40x45 mm, banh 150 mm
dụng cụ banh xương sườn finochietto, lưỡi banh 45x65 mm, banh 165 mm
dụng cụ banh xương sườn finochietto, lưỡi banh 80x65 mm, banh 190 mm
bộ banh xương sườn hoàn chỉnh de bakey
khung banh xương sườn de bakey, cỡ nhỏ
cặp lưỡi banh bên de bakey, lưỡi banh 30x30 mm, cỡ nhỏ
cặp lưỡi banh bên de bakey, lưỡi banh 40x40 mm
cặp lưỡi banh bên de bakey, lưỡi banh 50x50 mm
bộ banh xương sườn hoàn chỉnh de bakey, cỡ lớn
khung banh xương sườn de bakey, cỡ lớn
cặp lưỡi banh bên de bakey, lưỡi banh 60x60 mm
cặp lưỡi banh bên de bakey, lưỡi banh 50x80 mm
cặp lưỡi banh bên de bakey, lưỡi banh 40x100 mm
cặp lưỡi banh bên de bakey, lưỡi banh 80x60 mm
cặp lưỡi banh bên de bakey, lưỡi banh 50x65 mm
bộ banh xương sườn hoàn chỉnh de bakey, cỡ nhỏ, banh 150 mm, dài 145 mm
khung banh xương sườn de bakey, cỡ nhỏ, banh 150 mm, dài 145 mm
bộ banh xương sườn hoàn chỉnh, cỡ lớn, banh 240 mm, dài 190 mm
khung banh xương sườn, cỡ lớn, banh 240 mm, dài 190 mm
bộ banh xương ức hoàn chỉnh dubost, banh 160 mm, dài 140 mm
bộ banh xương ức hoàn chỉnh cấu hình ima dubost
khung banh xương sườn dubost
bộ banh xương ức ima, kích thước 134x195mm
khung banh xương ức, 230mm
bộ banh xương ức mini 2 cặp banh
khung banh xương ức mini
bộ banh xương ức mini có thanh ngang tháo rời, kích thước 45x36 mm
bộ banh xương ức mini có thanh ngang tháo rời, kích thước 60x36 mm
bộ banh xương ức mini có thanh ngang tháo rời, kích thước 80x36 mm
bộ banh xương ức mini, kích thước 45x36 mm
bộ banh xương ức mini, kích thước 60x36 mm
bộ banh xương ức mini, kích thước 80x36 mm
thanh ngang tháo rời dùng cho bộ banh xương ức mini
tay cầm cho bộ banh xương ức mini
banh sườn và xương ức cooley,kích thước 35x25 mm, cỡ nhỏ
dụng cụ cố định, đầu 6 mm
banh sườn và xương ức cooley, kích thước lưỡi 40x36 mm, cỡ trung
banh sườn và xương ức cooley, kích thước lưỡi 50x36 mm, cỡ lớn
lưỡi banh có thể uốn,kích thước76x25 mm
bộ banh xương ức hoàn chỉnh french ima
khung banh xương ức french ima
banh buồng nhĩ nitionol cooley, lưỡi 60x20 mm
banh tâm nhĩ cooley, kích thước 60x20 mm
banh tâm nhĩ cooley, kích thước 60x35 mm
banh tâm nhĩ cooley, kích thước 60x45 mm
móc van nitionol, lưỡi 18x65 mm
móc phẫu thuật, lưỡi 18x65 mm
móc van nitionol, lưỡi 18x95 mm
móc phẫu thuật, lưỡi 18x95 mm
móc van nitionol, lưỡi 22x95 mm
móc phẫu thuật, lưỡi 22x95 mm
móc van nitionol, lưỡi 22x75 mm
móc phẫu thuật, lưỡi 22x75 mm
thanh kéo banh tâm nhĩ marcore, dài 23 cm
lưỡi banh cho dụng cụ banh buồng nhĩ van hai lá, lưỡi 30x35 mm
lưỡi banh cho dụng cụ banh buồng nhĩ van hai lá, lưỡi 40x35 mm
lưỡi banh cho dụng cụ banh buồng nhĩ van hai lá, lưỡi 50x35 mm
lưỡi banh cho dụng cụ banh buồng nhĩ van hai lá, lưỡi 50x45 mm
lưỡi banh cho dụng cụ banh buồng nhĩ van hai lá, lưỡi 60x45 mm
lưỡi banh cho dụng cụ banh buồng nhĩ van hai lá, lưỡi 70x45 mm
kẹp dùng cho dụng cụ banh tâm nhĩ, dài 30 cm
lưỡi banh cho dụng cụ banh tâm nhĩ, van ba lá, lưỡi 25x20 mm
lưỡi banh cho dụng cụ banh tâm nhĩ, van ba lá, lưỡi 25x25 mm
lưỡi banh cho dụng cụ banh tâm nhĩ, van ba lá, lưỡi 25x40 mm
lưỡi banh cho dụng cụ banh tâm nhĩ, van ba lá, lưỡi 25x50 mm
lưỡi banh cho dụng cụ banh tâm nhĩ, van ba lá, lưỡi 40x35 mm
lưỡi banh cho dụng cụ banh tâm nhĩ, van ba lá, lưỡi 50x25 mm
banh sườn bailey-baby, dài 15.5 cm
banh sườn bailey, dài 20 cm
banh sườn bailey-gibbon, dài 20 cm
banh động mạch vành, 1x1 răng dài 25 mm
banh động mạch vành, 3x3 răng,dài 35 mm
banh động mạch vành, 3x3 răng,dài 40 mm
banh động mạch vành, 3x3 răng,dài 50 mm
nạo phổi allison, dài 29.5 cm
nạo phổi allison, dài 33 cm
nạo phổi, dài 29.5 cm
kẹp phế quản price-thomas, dài 22 cm
kẹp phế quản price-thomas, số 1, dài 22 cm
kẹp phế quản price-thomas, số 2, dài 22 cm
kẹp phế quản semb, cong nhẹ, dài 25 cm
kẹp phế quản semb, cong tiêu chuẩn, dài 24.5 cm
kẹp phẫu thuật shunt bulldog titanium, đầu 10 ch, gập góc 10º, dài 75 mm
kẹp phẫu thuật shunt bulldog titanium, đầu 10 ch, gập góc 25º, dài 75 mm
kẹp phẫu thuật shunt bulldog titanium, đầu 10 ch, gập góc 45º, dài 70 mm
kẹp phẫu thuật shunt bulldog titanium, đầu 10 ch, gập góc 60º, dài 65 mm
kẹp phẫu thuật shunt bulldog titanium, đầu 12 ch, gập góc 10º, dài 75 mm
kẹp phẫu thuật shunt bulldog titanium, đầu 12 ch, gập góc 25º, dài 75 mm
kẹp phẫu thuật shunt bulldog titanium, đầu 12 ch, gập góc 45º, dài 70 mm
kẹp phẫu thuật shunt bulldog titanium, đầu 12 ch, gập góc 60º, dài 65 mm
kẹp phẫu thuật shunt bulldog titanium, đầu 14 ch, gập góc 10º, dài 75 mm
kẹp phẫu thuật shunt bulldog titanium, đầu 14 ch, gập góc 25º, dài 75 mm
kẹp phẫu thuật shunt bulldog titanium, đầu 14 ch, gập góc 45º, dài 70 mm
kẹp phẫu thuật shunt bulldog titanium, đầu 14 ch, gập góc 60º, dài 65 mm
kẹp giữ phổi lovelace, thẳng, dài 20.5 cm
kẹp giữ phổi lovelace, cong, dài 19 cm
kẹp phẫu thuật bulldog titanium de bakey, thẳng, dài 8 cm
kẹp phẫu thuật bulldog titanium de bakey, thẳng, dài 9 cm
kẹp phẫu thuật bulldog titanium de bakey, thẳng, dài 11 cm
kẹp phẫu thuật bulldog titanium de bakey, thẳng, dài 13 cm
kẹp phẫu thuật bulldog titanium de bakey, cong, dài 8 cm
kẹp phẫu thuật bulldog titanium de bakey, cong, dài 9 cm
kẹp phẫu thuật bulldog titanium de bakey, cong, dài 10 cm
kẹp phẫu thuật bulldog titanium de bakey, cong, dài 11.5 cm
kẹp phẫu thuật bulldog de bakey-satinsky, dài 7 cm
kẹp phẫu thuật bulldog de bakey-satinsky, dài 9 cm
kẹp phẫu thuật bulldog de bakey-satinsky, dài 10 cm
kẹp phẫu thuật bulldog glover, gập góc, dài 6.5 cm
kẹp phẫu thuật bulldog santulli, gập góc, dài 7 cm
kẹp phẫu thuật bulldog gregory-soft, dài 9 cm
kẹp phẫu thuật bulldog gregory-soft, dài 11 cm
kẹp phẫu thuật bulldog gregory, dài 11 cm
kẹp mạch máu không chấn thương de bakey-rankin, thẳng, dài 16 cm
kẹp mạch máu không chấn thương de bakey-rankin, cong, dài 16 cm
kẹp mạch máu không chấn thương de bakey-mosquito, thẳng, dài 15 cm
kẹp mạch máu không chấn thương de bakey-mosquito, cong, dài 15 cm
kẹp mạch máu không chấn thương ochsner, cong, dài 22 cm
kẹp mạch máu không chấn thương diethrich, cong, dài 21 cm
kẹp mạch máu không chấn thương dardik, thẳng, dài 16 cm
kẹp mạch máu không chấn thương dardik, gập góc 15º, dài 15.5 cm
kẹp mạch máu không chấn thương dardik, gập góc 30º, dài 15.5 cm
kẹp mạch máu không chấn thương dardik, gập góc 45º, dài 15 cm
kẹp mạch máu không chấn thương dardik, gập góc 90ª, dài 13.5 cm
kẹp mạch máu không chấn thương dardik, thẳng, dài 17 cm
kẹp mạch máu không chấn thương dardik, gập góc 15º, dài 16.5 cm
kẹp mạch máu không chấn thương dardik, gập góc 30º, dài 16 cm
kẹp mạch máu không chấn thương dardik, gập góc 45º, dài 16 cm
kẹp mạch máu không chấn thương dardik, gập góc 90ª, dài 14 cm
kẹp mạch máu không chấn thương dale, cong, dài 18 cm
kẹp mạch máu không chấn thương dale, cỡ nhỏ, dài 17.5 cm
kẹp mạch máu không chấn thương dale, cỡ trung, dài 18 cm
kẹp mạch máu không chấn thương dale, cỡ lớn, dài 18.5 cm
kẹp động mạch sâu không chấn thương gregory, dài 13.5 cm
kẹp động mạch sâu không chấn thương gregory, dài 16 cm
kẹp động mạch sâu không chấn thương gregory, dài 18 cm
kẹp động mạch cảnh javid, dài 17.5 cm
kẹp động mạch cảnh javid, dài 18.5 cm
kẹp mạch máu ngoại vi không chấn thương martin, dài 16 cm
kẹp mạch máu ngoại vi không chấn thương martin, dài 17 cm
kẹp mạch máu ngoại vi không chấn thương martin, dài 18 cm
kẹp mạch máu ngoại vi không chấn thương martin, dài 19.5 cm
kẹp động mạch chủ không chấn thương wylie, dài 24 cm
kẹp động mạch chủ không chấn thương wylie, dài 27 cm
kẹp động mạch chủ không chấn thương de bakey, dài 30 cm
kẹp mạch máu ngoại vi không chấn thương husfeldt, dài 16.5 cm
kẹp mạch máu ngoại vi không chấn thương husfeldt, dài 18 cm
kẹp mạch máu ngoại vi không chấn thương husfeldt, dài 17 cm
thước đo mạch máu martin, dài 18 cm
kẹp động mạch dưới đòn không chấn thương henly, dài 20 cm
kẹp ống thông cooley, đầu 20 ch, dài 17 cm
kẹp ống thông cooley, đầu 24 ch, dài 17 cm
kẹp ống thông cooley, đầu 28 ch, dài 20 cm
kẹp ống thông cooley, đầu 30 ch, dài 20 cm
kẹp ống thông cooley, đầu 32 ch, dài 20 cm
kẹp ống thông cooley, đầu 36 ch, dài 20 cm
kẹp ống thông cooley, đầu 38 ch, dài 20 cm
kẹp ống thông cooley, đầu 40 ch, dài 20 cm
kẹp động mạch chủ không chấn thương cooley, dài 19 cm
kẹp động mạch chủ không chấn thương cooley, dài 26 cm
kẹp động mạch chủ không chấn thương cooley, dài 26.5 cm
kẹp động mạch chủ không chấn thương cooley, dài 31.5 cm
kẹp động mạch chủ không chấn thương cooley, dài 33.5 cm
kẹp mạch máu không chấn thương de bakey, đầu 2.7 mm, dài 16 cm
kẹp mạch máu không chấn thương de bakey, đầu 2.7 mm, dài 20 cm
kẹp mạch máu không chấn thương de bakey, đầu 2.7 mm, dài 25 cm
kẹp mạch máu không chấn thương de bakey, đầu 2.7 mm, dài 30 cm
kẹp mạch máu không chấn thương de bakey, đầu 1.5 mm, dài 16 cm
kẹp mạch máu không chấn thương de bakey, đầu 1.5 mm, dài 20 cm
kẹp mạch máu không chấn thương de bakey, đầu 1.5 mm, dài 25 cm
kẹp mạch máu không chấn thương de bakey, đầu 2 mm, dài 16 cm
kẹp mạch máu không chấn thương de bakey, đầu 2 mm, dài 20 cm
kẹp mạch máu không chấn thương de bakey, đầu 2 mm, dài 25 cm
kẹp mạch máu không chấn thương de bakey, đầu 2 mm, dài 30 cm
kẹp mạch máu không chấn thương de bakey, đầu 2 mm, gập góc, dài 16 cm
kẹp mạch máu không chấn thương de bakey, đầu 2 mm, gập góc, dài 20 cm
kẹp mạch máu không chấn thương de bakey, đầu 2 mm, gập góc, dài 25 cm
kẹp mạch máu không chấn thương de bakey, đầu 2 mm, gập góc, dài 30 cm
kẹp mạch máu không chấn thương de bakey, đầu 3.5 mm, dài 16 cm
kẹp mạch máu không chấn thương de bakey, đầu 3.5 mm, dài 20 cm
kẹp mạch máu không chấn thương de bakey, đầu 3.5 mm, dài 25 cm
kẹp mạch máu không chấn thương de bakey, đầu 3.5 mm, dài 30 cm
kẹp bulldog de bakey, thẳng, dài 8 cm
kẹp bulldog de bakey, thẳng, dài 9 cm
kẹp bulldog de bakey, thẳng, dài 10.5 cm
kẹp bulldog de bakey, thẳng, dài 12.5 cm
kẹp bulldog de bakey, cong, dài 8 cm
kẹp bulldog de bakey, cong, dài 8.5 cm
kẹp bulldog de bakey, cong, dài 9.5 cm
kẹp bulldog de bakey, cong, dài 11.5 cm
kẹp bulldog marcore, dài 9.5 cm
kìm gắp kẹp bulldog, dài 24 cm
kẹp bulldog glover, thẳng, dài 7 cm
kẹp bulldog glover, thẳng, dài 8 cm
kẹp bulldog glover, thẳng, dài 9.5 cm
kẹp bulldog glover, thẳng, dài 11 cm
kẹp bulldog glover, cong, dài 6.5 cm
kẹp bulldog glover, cong, dài 7.5 cm
kẹp bulldog glover, cong, dài 9 cm
kẹp bulldog glover, cong, dài 10.5 cm
kẹp mạch máu không chấn thương potts, thẳng, dài 21 cm
kẹp mạch máu không chấn thương potts, thẳng, dài 22.5 cm
kẹp mạch máu không chấn thương potts, gập góc, dài 20.5 cm
kẹp mạch máu không chấn thương potts, gập góc, dài 22 cm
kẹp mạch máu không chấn thương potts, cong, dài 21.5 cm
kẹp mạch máu không chấn thương potts, cong, dài 22 cm
kẹp chỉ không chấn thương de bakey, dài 19 cm
kẹp chỉ không chấn thương de bakey, dài 24 cm
kẹp mạch máu ngoại vi không chấn thương de bakey, cong, dài 16 cm
kẹp mạch máu ngoại vi không chấn thương de bakey, cong chữ s, dài 19 cm
kẹp mạch máu ngoại vi không chấn thương de bakey, cong chữ s, dài 20 cm
kẹp mạch máu ngoại vi không chấn thương leland-jones, gập góc, dài 18 cm
kẹp mạch máu ngoại vi không chấn thương leland-jones, gập góc, dài 19 cm
kẹp mạch máu ngoại vi không chấn thương leland-jones, gập góc, dài 20 cm
kẹp mạch máu không chấn thương bainbridge, thẳng, dài 15 cm
kẹp mạch máu không chấn thương bainbridge, thẳng, dài 18.5 cm
kẹp phẫu thuật không chấn thương bainbridge, cong, dài 15 cm
kẹp phẫu thuật không chấn thương bainbridge, cong, dài 18.5 cm
kẹp phẫu thuật không chấn thương de bakey, gập góc, dài 20 cm
kẹp động mạch chủ bụng không chấn thương kowalski, số 1, dài 26 cm
kẹp động mạch chủ bụng không chấn thương kowalski, số 2, dài 27 cm
kẹp động mạch chủ bụng không chấn thương kowalski, số 3, dài 28 cm
kẹp động mạch chủ không chấn thương kowalski, số 4, dài 23 cm
kẹp động mạch chủ không chấn thương kowalski, số 5, dài 24 cm
kẹp động mạch chủ không chấn thương kowalski, số 6, dài 25 cm
kẹp phình động mạch không chấn thương de bakey, dài 26 cm
kẹp phình động mạch không chấn thương de bakey, dài 27 cm
kẹp phình động mạch không chấn thương de bakey, dài 31 cm
kẹp phình động mạch không chấn thương de bakey, dài 33 cm
kẹp phình động mạch không chấn thương de bakey, dài 28 cm
kẹp phình động mạch  hình chữ s de bakey, dài 30 cm
kẹp phình động mạch không chấn thương cooley, dài 25 cm
kẹp buộc chỉ hình chữ s de bakey, dài 24.5 cm
kẹp buộc chỉ hình chữ s de bakey, dài 27 cm
kẹp động mạch chủ không chấn thương cong trái weber, dài 24 cm
kẹp động mạch chủ không chấn thương cong phải weber, dài 24 cm
kẹp động mạch chủ không chấn thương  wylie, dài 23 cm
kẹp tĩnh mạch chủ không chấn thương calne, dài 27 cm
kẹp thận/tuyến tụy không chấn thương, 40 mm, dài 20 cm
kẹp thận/tuyến tụy không chấn thương, 50 mm, dài 20 cm
kẹp thận/tuyến tụy không chấn thương, 60 mm, dài 20 cm
kẹp mạch máu không chấn thương satinsky, dài 15.5 cm
kẹp mạch máu bán phần không chấn thương satinsky, dài 22 cm
kẹp mạch máu bán phần không chấn thương satinsky, dài 26 cm
kẹp mạch máu bán phần không chấn thương satinsky, dài 26.5 cm
kẹp mạch máu bán phần không chấn thương satinsky, dài 27.5 cm
kẹp mạch máu bán phần không chấn thương satinsky, dài 28.5 cm
kẹp phế quản không chấn thương lees, gập góc, dài 23 cm
kẹp phế quản không chấn thương lees, gập góc, dài 25.5 cm
kẹp phế quản không chấn thương lees, cong/gập góc, dài 26 cm
kẹp nối mạch không chấn thương glover, dài 18 cm
kẹp nối mạch không chấn thương glover, dài 22 cm
kẹp nối mạch không chấn thương lambert kay, dài 22.5 cm
kẹp nối mạch không chấn thương lambert kay, dài 20.5 cm
kẹp nối mạch không chấn thương de bakey, dài 16.5 cm
kẹp động mạch chủ không chấn thương morris, gập góc, dài 18.5 cm
kẹp động mạch chủ không chấn thương morris, gập góc, dài 20 cm
kẹp động mạch chủ không chấn thương morris, gập góc, dài 26 cm
kẹp động mạch chủ không chấn thương morris, gập góc, dài 27.5 cm
kẹp động mạch chủ không chấn thương bahnson, cong, dài 23.5 cm
kẹp động mạch chủ không chấn thương bahnson, cong, dài 24.5 cm
kẹp động mạch chủ không chấn thương bahnson, cong, dài 25.5 cm
kẹp động mạch chủ không chấn thương bahnson, cong, dài 26.5 cm
kẹp không chấn thương potts, thẳng, dài 21.5 cm
kẹp không chấn thương potts, thẳng, dài 23.5 cm
kẹp không chấn thương potts, thẳng, dài 27 cm
kẹp không chấn thương potts, thẳng, dài 31.5 cm
kẹp không chấn thương potts, cong, dài 21 cm
kẹp không chấn thương potts, cong, dài 23 cm
kẹp không chấn thương potts, cong, dài 26 cm
kẹp không chấn thương potts, cong, dài 31 cm
kẹp không chấn thương de bakey, gập góc, dài 19 cm
kẹp không chấn thương de bakey, dài 20 cm
kẹp không chấn thương de bakey, dài 23 cm
kẹp không chấn thương de bakey, gập góc, dài 27.5 cm
kẹp không chấn thương de bakey, gập góc, dài 18 cm
kẹp không chấn thương de bakey, gập góc, dài 21 cm
kẹp không chấn thương de bakey, gập góc, dài 22 cm
kẹp không chấn thương de bakey, gập góc, dài 26 cm
kẹp không chấn thương de bakey, gập góc, dài 31.5 cm
kẹp không chấn thương mosquito, thẳng, dài 12.5 cm
kẹp không chấn thương pean, thẳng, dài 14.5 cm
kẹp không chấn thương pean, thẳng, dài 16.5 cm
kẹp không chấn thương pean, thẳng, dài 18.5 cm
kẹp không chấn thương pean, thẳng, dài 20.5 cm
kẹp không chấn thương mosquito, cong, dài 12.5 cm
kẹp không chấn thương de bakey, cong, dài 14.5 cm
kẹp không chấn thương de bakey, cong, dài 16.5 cm
kẹp không chấn thương de bakey, cong, dài 18.5 cm
kẹp không chấn thương de bakey, cong, dài 20.5 cm
kẹp không chấn thương de bakey, thẳng, dài 17.5 cm
kẹp không chấn thương de bakey, gập góc, dài 16.5 cm
kẹp không chấn thương de bakey, gập góc, dài 16 cm
kẹp không chấn thương de bakey, thẳng và gập góc, dài 15 cm
kẹp không chấn thương glover, cong, dài 17 cm
kẹp không chấn thương hình thìa glover, dài 17.5 cm
kẹp không chấn thương hình thìa glover, dài 21 cm
kẹp không chấn thương hình thìa glover, dài 26 cm
kẹp không chấn thương de bakey, thẳng và cong, dài 16.5 cm
kẹp nối mạch  debakey-reynolds, dài 16.5 cm
kẹp nối mạch  debakey-reynolds, dài 17.5 cm
kẹp nối mạch derra, số 1, dài 16.5 cm
kẹp nối mạch derra, số 2, dài 17 cm
kẹp nối mạch derra, số 3, dài 17.5 cm
kẹp không chấn thương beck, cong kép, dài 17 cm
kẹp không chấn thương beck, cong kép, dài 19 cm
kẹp không chấn thương de bakey, 90°, dài 10 cm
kẹp không chấn thương de bakey, cong, dài 13 cm
kẹp không chấn thương de bakey, thẳng, dài 13 cm
kẹp không chấn thương hình chữ s de bakey, dài 12.5 cm
kẹp không chấn thương de bakey, gập góc, dài 12.5 cm
kẹp dành cho trẻ sơ sinh titanium  castañeda, thẳng, dài 13 cm
kẹp dành cho trẻ sơ sinh titanium  castañeda, 30°, dài 12.5 cm
kẹp dành cho trẻ sơ sinh titanium  castañeda, 50°, dài 12 cm
kẹp dành cho trẻ sơ sinh titanium  castañeda, 70°, dài 12 cm
kẹp dành cho trẻ sơ sinh titanium  castañeda, 90°, dài 11 cm
kẹp dành cho trẻ sơ sinh titanium  castañeda, cong mạnh, dài 15 cm
kẹp dành cho trẻ sơ sinh titanium  castañeda, cong mạnh, dài 12 cm
kẹp dành cho trẻ sơ sinh titanium  castañeda, góc đôi, dài 15 cm
kẹp mạch máu dành cho trẻ sơ sinh titanium de bakey baby, thẳng, dài 13.5 cm
kẹp mạch máu dành cho trẻ sơ sinh titanium de bakey baby, 20°, dài 13.5 cm
kẹp mạch máu dành cho trẻ sơ sinh titanium de bakey baby, 30°, dài 13 cm
kẹp mạch máu dành cho trẻ sơ sinh titanium de bakey baby, 55°, dài 12.5 cm
kẹp mạch máu dành cho trẻ sơ sinh titanium de bakey baby, cong , dài 13.5 cm
kẹp mạch máu dành cho trẻ sơ sinh titanium de bakey baby, góc đôi, dài 12 cm
kẹp mạch máu dành cho trẻ sơ sinh titanium de bakey baby, cong mạnh, dài 12.5 cm
kẹp mạch máu dành cho trẻ sơ sinh titanium de bakey baby, cong mạnh, dài 13 cm
kẹp mạch máu dành cho trẻ sơ sinh titanium de bakey baby, gập góc bên trái, dài 14 cm
kẹp mạch máu dành cho trẻ sơ sinh titanium de bakey baby, gập góc bên phải, dài 14 cm
kẹp mạch máu dành cho trẻ sơ sinh titanium cooley, thẳng, dài 14 cm
kẹp mạch máu dành cho trẻ sơ sinh titanium cooley, gập góc, dài 14 cm
kẹp mạch máu dành cho trẻ sơ sinh titanium hình thìa cooley, dài 13.5 cm
kẹp mạch máu dành cho trẻ sơ sinh titanium cooley, cong kép, dài 13.5 cm
kẹp mạch máu dành cho trẻ sơ sinh titanium cooley, 90°, dài 11.5 cm
kẹp mạch máu dành cho trẻ sơ sinh titanium de bakey baby, thẳng, dài 16.5 cm
kẹp mạch máu dành cho trẻ sơ sinh titanium de bakey baby, gập góc, dài 16 cm
kẹp mạch máu dành cho trẻ sơ sinh titanium de bakey baby, gập góc, dài 15 cm
kẹp mạch máu dành cho trẻ sơ sinh titanium de bakey baby, cong kép, dài 15 cm
kẹp mạch máu dành cho trẻ sơ sinh titanium phía bên trái subramanian, dài 15.5 cm
kẹp mạch máu dành cho trẻ sơ sinh titanium phía bên phải subramanian, dài 15.5 cm
kẹp mạch máu dành cho trẻ sơ sinh titanium subramanian, 135°, dài 16.5 cm
kẹp mạch máu dành cho trẻ sơ sinh titanium de bakey-beck, cong kép, dài 16 cm
kẹp mạch máu dành cho trẻ sơ sinh titanium debakey-derra, dài 16.5 cm
kẹp mạch máu dành cho trẻ sơ sinh titanium debakey-satinsky, dài 23.5 cm
kẹp mạch máu dành cho trẻ sơ sinh titanium debakey-satinsky, dài 24 cm
kẹp mạch máu dành cho trẻ sơ sinh titanium debakey-satinsky, dài 24.5 cm
kẹp mạch máu dành cho trẻ sơ sinh titanium debakey-satinsky, dài 25 cm
kẹp mạch máu dành cho trẻ sơ sinh titanium debakey-satinsky, dài 28.5 cm
kẹp mạch máu dành cho trẻ sơ sinh titanium lambert kay, dài 19.5 cm
kẹp động mạch chủ dành cho trẻ sơ sinh titanium debakey, dài 26 cm
kẹp động mạch chủ dành cho trẻ sơ sinh titanium debakey, dài 31 cm
kẹp động mạch chủ dành cho trẻ sơ sinh titanium debakey, dài 33 cm
kẹp không chấn thương cooley, đầu 2.0 mm, dài 16 cm
kẹp không chấn thương cooley, đầu 2.0 mm, dài 20 cm
kẹp không chấn thương cooley, 90°, dài 11.5 cm
kẹp không chấn thương cooley, thẳng, dài 14.5 cm
kẹp không chấn thương cooley, gập góc, dài 14.5 cm
kẹp không chấn thương cooley, cong kép, dài 14.5 cm
kẹp không chấn thương cooley, cong kép, dài 14 cm
kẹp không chấn thương hình thìa cooley, dài 14.5 cm
kẹp không chấn thương cooley, cong, dài 14.5 cm
kẹp động mạch cháu không chấn thương cooley, gập góc, dài 22 cm
kẹp không chấn thương cooley, thẳng, dài 17 cm
kẹp mạch máu giảm thiếu chấn thương cooley-parry, dài 18 cm
kẹp động mạch cảnh không chấn thương cooley-parry, gập góc, dài 20 cm
kẹp mạch máu giảm thiếu chấn thương cooley-parry, dài 26 cm
kẹp không chấn thương cooley, cong cạnh bên, dài 17 cm
kẹp không chấn thương cooley, cong kép, dài 16 cm
kẹp không chấn thương cooley, góc thẳng, dài 14.5 cm
kẹp không chấn thương cooley, góc vừa phải, dài 16 cm
kẹp không chấn thương cooley, góc nhẹ, dài 16.5 cm
kẹp không chấn thương cooley, gập góc, dài 17 cm
kẹp không chấn thương cooley, cong, dài 17 cm
kẹp mạch máu giảm thiếu chấn thương cooley, dài 26.5 cm
kẹp mạch máu giảm thiếu chấn thương cooley, dài 27.5 cm
kẹp không chấn thương hình thìa cooley, dài 17.5 cm
kẹp không chấn thương cooley, cong thẳng, dài 16.5 cm
kẹp nối mạch máu cooley-derra, dài 16.5 cm
kẹp nối mạch máu cooley-derra, dài 17 cm
kẹp nối mạch máu cooley-derra, dài 17.5 cm
kẹp nối mạch máu cooley-derra, dài 21 cm
kẹp không chấn thương cooley-beck, gập góc, dài 17 cm
kẹp mạch máu giảm thiếu chấn thương allenberg-cobra, dài 23.5 cm
kẹp mạch máu giảm thiếu chấn thương allenberg-cobra, dài 26.5 cm
dụng cụ nong mạch máu de bakey, đầu 0.5 mm, dài 19 cm
dụng cụ nong mạch máu de bakey, đầu 1.0 mm, dài 19 cm
dụng cụ nong mạch máu de bakey, đầu 1.5 mm, dài 19 cm
dụng cụ nong mạch máu de bakey, đầu 2.0 mm, dài 19 cm
dụng cụ nong mạch máu de bakey, đầu 2.5 mm, dài 19 cm
dụng cụ nong mạch máu de bakey, đầu 3.0 mm, dài 19 cm
dụng cụ nong mạch máu de bakey, đầu 3.5 mm, dài 19 cm
dụng cụ nong mạch máu de bakey, đầu 4.0 mm, dài 19 cm
dụng cụ nong mạch máu de bakey, đầu 4.5 mm, dài 19 cm
dụng cụ nong mạch máu de bakey, đầu 5.0 mm, dài 19 cm
dụng cụ nong mạch máu de bakey, đầu 7.0 mm, dài 19 cm
dụng cụ nong mạch máu de bakey, đầu 9.0 mm, dài 19 cm
dụng cụ nong de bakey, đầu 0.5 mm, dài 14 cm
dụng cụ nong de bakey, đầu 1.0 mm, dài 14 cm
dụng cụ nong de bakey, đầu 1.5 mm, dài 14 cm
dụng cụ nong de bakey, đầu 2.0 mm, dài 14 cm
dụng cụ nong de bakey, đầu 2.5 mm, dài 14 cm
dụng cụ nong de bakey, đầu 3.0 mm, dài 14 cm
dụng cụ nong de bakey, đầu 3.5 mm, dài 14 cm
dụng cụ nong de bakey, đầu 4.0 mm, dài 14 cm
dụng cụ nong de bakey, đầu 4.5 mm, dài 14 cm
dụng cụ nong de bakey, đầu 5.0 mm, dài 14 cm
bộ dụng cụ tạo đường hầm hoàn chỉnh martin
cán dụng cụ tạo đường hầm, cong, dài 24.5 cm
cán dụng cụ tạo đường hầm, thẳng, dài 24.5 cm
cán dụng cụ tạo đường hầm, cong, dài 55.5 cm
dụng cụ nong cooley, đầu 0.5 mm, dài 14 cm
dụng cụ nong cooley, đầu 1.0 mm, dài 14 cm
dụng cụ nong cooley, đầu 1.5 mm, dài 14 cm
dụng cụ nong cooley, đầu 2.0 mm, dài 14 cm
dụng cụ nong cooley, đầu 2.5 mm, dài 14 cm
dụng cụ nong cooley, đầu 3.0 mm, dài 14 cm
dụng cụ nong cooley, đầu 0.5 mm, dài 19 cm
dụng cụ nong cooley, đầu 1.0 mm, dài 19 cm
dụng cụ nong cooley, đầu 1.5 mm, dài 19 cm
dụng cụ nong cooley, đầu 2.0 mm, dài 19 cm
dụng cụ nong cooley, đầu 2.5 mm, dài 19 cm
dụng cụ nong cooley, đầu 3.0 mm, dài 19 cm
dụng cụ nong nitinol debakey, đầu 0.5 mm, dài 14 cm
dụng cụ nong nitinol debakey, đầu 1.0 mm, dài 14 cm
dụng cụ nong nitinol debakey, đầu 1.5 mm, dài 14 cm
dụng cụ nong nitinol debakey, đầu 2.0 mm, dài 14 cm
dụng cụ nong nitinol debakey, đầu 2.5 mm, dài 14 cm
dụng cụ nong nitinol debakey, đầu 3.0 mm, dài 14 cm
dụng cụ nong nitinol debakey, đầu 3.5 mm, dài 14 cm
dụng cụ nong nitinol debakey, đầu 4.0 mm, dài 14 cm
dụng cụ nong nitinol debakey, đầu 4.5 mm, dài 14 cm
dụng cụ nong nitinol debakey, đầu 5.0 mm, dài 14 cm
dụng cụ nong nitinol debakey, đầu 0.5 mm, dài 19 cm
dụng cụ nong nitinol debakey, đầu 1.0 mm, dài 19 cm
dụng cụ nong nitinol debakey, đầu 1.5 mm, dài 19 cm
dụng cụ nong nitinol debakey, đầu 2.0 mm, dài 19 cm
dụng cụ nong nitinol debakey, đầu 2.5 mm, dài 19 cm
dụng cụ nong nitinol debakey, đầu 3.0 mm, dài 19 cm
dụng cụ nong nitinol debakey, đầu 3.5 mm, dài 19 cm
dụng cụ nong nitinol debakey, đầu 4.0 mm, dài 19 cm
dụng cụ nong nitinol debakey, đầu 4.5 mm, dài 19 cm
dụng cụ nong nitinol debakey, đầu 5.0 mm, dài 19 cm
dụng cụ nong nitinol debakey, đầu 7.0 mm, dài 19 cm
dụng cụ nong nitinol debakey, đầu 9.0 mm, dài 19 cm
dụng cụ nong nitinol cooley, đầu 0.5 mm, dài 14 cm
dụng cụ nong nitinol cooley, đầu 1.0 mm, dài 14 cm
dụng cụ nong nitinol cooley, đầu 1.5 mm, dài 14 cm
dụng cụ nong nitinol cooley, đầu 2.0 mm, dài 14 cm
dụng cụ nong nitinol cooley, đầu 2.5 mm, dài 14 cm
dụng cụ nong nitinol cooley, đầu 3.0 mm, dài 14 cm
dụng cụ nong nitinol cooley, đầu 0.5 mm, dài 19 cm
dụng cụ nong nitinol cooley, đầu 1.0 mm, dài 19 cm
dụng cụ nong nitinol cooley, đầu 1.5 mm, dài 19 cm
dụng cụ nong nitinol cooley, đầu 2.0 mm, dài 19 cm
dụng cụ nong nitinol cooley, đầu 2.5 mm, dài 19 cm
dụng cụ nong nitinol cooley, đầu 3.0 mm, dài 19 cm
dao rạch cân silicon hach, dài 30 cm
dụng cụ tách nội mạc, đầu 3 mm, mũi tù, dài 18.5 cm
dụng cụ tách nội mạc, đầu 3 mm, mũi tù, dài 21.5 cm
dụng cụ tách nội mạc loại mỏng, mũi tù, dài 14 cm
dụng cụ tách nội mạc, mũi tù, dài 23.5 cm
dụng cụ bóc tách robb, số 1, 2 đầu, dài 24 cm
dụng cụ bóc tách robb, số 2, 2 đầu, dài 24 cm
dụng cụ bóc tách robb, số 3, 2 đầu, dài 24 cm
dụng cụ bóc tách robb, số 4, 2 đầu, dài 24 cm
móc crile, 90°, dài 20 cm
móc crile, 45°, dài 20.5 cm
móc khâu, đầu 1.5 mm, dài 26 cm
móc khâu, đầu 2.0 mm, dài 26 cm
móc khâu, đầu 2.5 mm, dài 26 cm
móc khâu, đầu 3.0 mm, dài 26 cm
garo rumel-belmont, đầu 4.2 mm, dài 27 cm
garo rumel-belmont, đầu 8.8 mm, dài 30.5 cm
kẹp không chấn thương subramanian, 135°, dài 16 cm
kẹp không chấn thương bên phải subramanian, dài 16 cm
kẹp không chấn thương bên trái subramanian, dài 16 cm
kẹp nhi khoa không chấn thương de bakey-baby, thẳng, dài 14 cm
kẹp nhi khoa không chấn thương de bakey-baby, dài 14 cm
kẹp nhi khoa không chấn thương de bakey-baby, dài 13.5 cm
kẹp nhi khoa không chấn thương de bakey-baby, cong, dài 14 cm
kẹp nhi khoa không chấn thương de bakey-baby, góc đôi, dài 13 cm
kẹp nhi khoa không chấn thương de bakey-baby, cong thẳng, dài 14 cm
kẹp nhi khoa không chấn thương de bakey-baby, cong thẳng, dài 13 cm
kẹp nhi khoa không chấn thương de bakey-baby, góc bên trái, dài 14 cm
kẹp nhi khoa không chấn thương de bakey-baby, góc bên phải, dài 14 cm
kẹp nhi khoa không chấn thương de bakey-baby, góc đôi, dài 14 cm
kẹp nhi khoa không chấn thương hình thìa de bakey-baby, dài 14 cm
kẹp nhi khoa không chấn thương, thẳng, dài 13.5 cm
kẹp nhi khoa không chấn thương, cong, dài 13 cm
kẹp nhi khoa không chấn thương, gập góc 90°, dài 10.5 cm
kẹp nhi khoa không chấn thương, gập góc 30°, dài 12 cm
kẹp nhi khoa không chấn thương hình thìa, dài 13 cm
kẹp titanium dành cho trẻ sơ sinh de bakey, dài 10.5 cm
kẹp titanium dành cho trẻ sơ sinh de bakey, gập góc 60°, dài 10.5 cm
kẹp titanium dành cho trẻ sơ sinh hình thìa de bakey, dài 10.5 cm
kẹp nối mạch titanium dành cho trẻ sơ sinh de bakey, dài 10.5 cm
kẹp nhi khoa không chấn thương debakey-baby, thẳng, dài 16.5 cm
kẹp nhi khoa không chấn thương debakey-baby, gập góc, dài 16.5 cm
kẹp nhi khoa không chấn thương debakey-baby, gập góc vừa phải, dài 15.5 cm
kẹp nhi khoa không chấn thương debakey-baby, cong kép, dài 15.5 cm
kẹp nhi khoa không chấn thương debakey-baby, cong kép, dài 16 cm
kẹp không chấn thương dành cho trẻ sơ sinh castañeda, thẳng, dài 13 cm
kẹp không chấn thương dành cho trẻ sơ sinh castañeda, gập góc 30°, dài 12.5 cm
kẹp không chấn thương dành cho trẻ sơ sinh castañeda, gập góc 45°, dài 12 cm
kẹp không chấn thương dành cho trẻ sơ sinh castañeda, gập góc 90°, dài 11 cm
kẹp không chấn thương dành cho trẻ sơ sinh castañeda, cong , dài 12 cm
kẹp không chấn thương dành cho trẻ sơ sinh castañeda, cong, dài 12 cm
kẹp không chấn thương dành cho trẻ sơ sinh castañeda, cong, dái 12 cm
kéo phẫu thuật tim mạch marcore, cong 15°, cỡ s, dài 17 cm
kéo phẫu thuật tim mạch marcore, cong 15°, cỡ m, dài 24 cm
kéo phẫu thuật tim mạch marcore, cong 15°, cỡ l, dài 29
kéo phẫu thuật tim mạch marcore, cong 30°, cỡ s, dài 17 cm
kéo phẫu thuật tim mạch marcore, cong 30°, cỡ m, dài 24 cm
kéo phẫu thuật tim mạch marcore, cong 30°, cỡ l, dài 29
kéo phẫu thuật tim mạch marcore, cong 70°, cỡ s, dài 17 cm
kéo phẫu thuật tim mạch marcore, cong 70°, cỡ m, dài 24 cm
kéo phẫu thuật tim mạch marcore, cong 70°, cỡ l, dài 29
kéo phẫu thuật tim mạch 1 lưỡi cố định marcore, cong 30°, cỡ s
kéo phẫu thuật tim mạch 1 lưỡi cố định marcore, cong 30°, cỡ m
kéo phẫu thuật tim mạch 1 lưỡi cố định marcore, cong 30°, cỡ l
kéo phẫu thuật tim mạch marcore potts-dietrich, cong 45°, cỡ s
kéo phẫu thuật tim mạch marcore potts-dietrich, cong 45°, cỡ m
kéo phẫu thuật tim mạch marcore potts-dietrich, cong 45°, cỡ l
kéo phẫu thuật tim mạch marcore potts-dietrich, cong 125°, cỡ s
kéo phẫu thuật tim mạch marcore potts-dietrich, cong 125°, cỡ m
kéo phẫu thuật tim mạch marcore potts-dietrich, cong 125°, cỡ l
kìm kẹp kim phẫu thuật tim mạch marcore, thẳng, cỡ s, cán vàng
kìm kẹp kim phẫu thuật tim mạch marcore, thẳng, cỡ m, cán vàng
kìm kẹp kim phẫu thuật tim mạch marcore, thẳng, cỡ l, cán vàng
kìm kẹp kim phẫu thuật tim mạch marcore, cong, cỡ s, cán vàng
kìm kẹp kim phẫu thuật tim mạch marcore, cong, cỡ m, cán vàng
kìm kẹp kim phẫu thuật tim mạch marcore, cong, cỡ l, cán vàng
kìm kẹp kim phẫu thuật tim mạch marcore ryder, ,cỡ s, cán vàng
kìm kẹp kim phẫu thuật tim mạch marcore ryder, ,cỡ m, cán vàng
kìm kẹp kim phẫu thuật tim mạch marcore ryder, ,cỡ l, cán vàng
kìm kẹp kim phẫu thuật tim mạch marcore-mini, thẳng, cỡ s, cán vàng
kìm kẹp kim phẫu thuật tim mạch marcore-mini, thẳng, cỡ m, cán vàng
kìm kẹp kim phẫu thuật tim mạch marcore-mini, thẳng, cỡ l, cán vàng
kìm kẹp kim phẫu thuật tim mạch marcore-mini, cong, cỡ s, cán vàng
kìm kẹp kim phẫu thuật tim mạch marcore-mini, cong, cỡ m, cán vàng
kìm kẹp kim phẫu thuật tim mạch marcore-mini, cong, cỡ l, cán vàng
dụng cụ khâu trong phẫu thuật tim mạch marcore, ,cỡ s, dài 17 cm
dụng cụ khâu trong phẫu thuật tim mạch marcore, ,cỡ m, dài 24 cm
dụng cụ khâu trong phẫu thuật tim mạch marcore, ,cỡ l, dài 29 cm
kẹp phẫu thuật kim mạch marcore debakey, ngàm mảnh, cỡ s
kẹp phẫu thuật kim mạch marcore debakey, ngàm mảnh, cỡ m
kẹp phẫu thuật kim mạch marcore debakey, ngàm mảnh, cỡ l
kẹp phẫu thuật kim mạch marcore debakey, ngàm rộng, cỡ s
kẹp phẫu thuật kim mạch marcore debakey, ngàm rộng, cỡ m
kẹp phẫu thuật kim mạch marcore debakey, ngàm rộng, cỡ l
kẹp phẫu thuật tim mạch marcore debakey, 1 ngàm cố định, ngàm mảnh, cỡ s
kẹp phẫu thuật tim mạch marcore debakey, 1 ngàm cố định, ngàm mảnh, cỡ m
kẹp phẫu thuật tim mạch marcore debakey, 1 ngàm cố định, ngàm mảnh, cỡ l
kẹp phẫu thuật tim mạch marcore debakey, 1 ngàm cố định, ngàm rộng, cỡ s
kẹp phẫu thuật tim mạch marcore debakey, 1 ngàm cố định, ngàm rộng, cỡ m
kẹp phẫu thuật tim mạch marcore debakey, 1 ngàm cố định, ngàm rộng, cỡ l
kẹp phẫu thuật tim mạch marcore resano, 1 ngàm cố định, cỡ s
kẹp phẫu thuật tim mạch marcore resano, 1 ngàm cố định, cỡ m
kẹp phẫu thuật tim mạch marcore resano, 1 ngàm cố định, cỡ l
dụng cụ đẩy chỉ  marcore, ,cỡ s, dài 17 cm
dụng cụ đẩy chỉ  marcore, ,cỡ m, dài 24 cm
dụng cụ đẩy chỉ  marcore, ,cỡ l, dài 29 cm
kẹp phẫu thuật tim mạch một ngàm cố định marcore ima, ngàm cong lên, cỡ s
kẹp phẫu thuật tim mạch một ngàm cố định marcore ima, ngàm cong lên, cỡ m
kẹp phẫu thuật tim mạch một ngàm cố định marcore ima, ngàm cong lên, cỡ l
móc marcore, đầu 5 mm, dài 26 cm
móc marcore, đầu 5 mm, dài 36 cm
móc có đầu thăm marcore, đầu 5 mm, dài 26 cm
móc có đầu thăm marcore, đầu 5 mm, dài 36 cm
móc marcore, đầu 10 mm, dài 26 cm
móc marcore, đầu 10 mm, dài 36 cm
móc có đầu thăm marcore, đầu 10 mm, dài 26 cm
móc có đầu thăm marcore, đầu 10 mm, dài 36 cm
móc phẫu thuật tim mạch marcore, đầu 5 mm, cong 120°, dài 26 cm
móc phẫu thuật tim mạch marcore, đầu 5 mm, cong 120°, dài 36 cm
móc phẫu thuật tim mạch marcore, đầu 10 mm, cong 120°, dài 26 cm
móc phẫu thuật tim mạch marcore, đầu 10 mm, cong 120°, dài 36 cm
dụng cụ bắt chỉ marcore, dài 26 cm
dụng cụ bắt chỉ marcore, dài 36 cm
cán dao mổ vi phẫu marcore, dài 26 cm
cán dao mổ vi phẫu marcore, dài 34 cm
cán dao mổ phẫu thuật tim  marcore, số 11, dài 26 cm
cán dao mổ phẫu thuật tim  marcore, số 11, dài 34 cm
dụng cụ vi phẫu tim mạch marcore, có thể uốn, dài 36 cm
dụng cụ đo kính thước dây chằng tim marcore, dài 41 cm
kẹp động mạch chủ marcore, dài 31 cm
kẹp động mạch chủ marcore, dài 33 cm
kẹp động mạch chủ marcore, dài 36 cm
dây cưa 4 lớp gigli, dài 30 cm
dây cưa 4 lớp gigli, dài 40 cm
dây cưa 4 lớp gigli, dài 50 cm
dây cưa 4 lớp gigli, dài 60 cm
dây cưa 4 lớp gigli, dài 70 cm
cán móc dành cho dây cưa gigli
dây dẫn cho dây cưa de martel, dài 33 cm
kẹp kéo giãn hộp sọ cooley, s
kẹp kéo giãn hộp sọ cooley, m
kẹp kéo giãn hộp sọ có thể điều chỉnh chốt
dụng cụ nạo sọ dahlgren, dài 19.5 cm
dụng cụ nạo sọde vilbiss, dài 21 cm
kẹp da đầu raney
kẹp áp dụng/tháo giỡ dành cho kẹp raney raney, dài 15.5 cm
kéo da đầu kiểu móc yasargil, dài 30 cm
kéo da đầu kiểu móc yasargil, dài 41 cm
dao mổ 2 đầu toennis, dài 24 cm
dao mổ 2 đầu olivecrona, dài 24 cm
dao mổ 2 đầu olivecrona, dài 18 cm
dao mổ 2 đầu olivecrona
dụng cụ tách mô sachs, mũi nhọn, dài 20.5 cm
dụng cụ tách mô 2 đầu miligan, dài 21.5 cm
dụng cụ tách mô davis, mũi bán sắc, dài 21.5 cm
dao mổ có 2 đầu, dài 22 cm
dao mổ  penfield, số 1, dài 17.5 cm
dao mổ  penfield, số 2, dài 19.5 cm
dao mổ  penfield, số 3, dài 19.5 cm
dao mổ  penfield, số 4, dài 20.5 cm
dao mổ  penfield, số 5, dài 18.5 cm
dao mổ có 2 đầu davis, dài 24.5 cm
cánh tay linh hoạt
thiết bị cố định cho cánh tay linh hoạt
thiết bị cố định cho 2 cánh tay linh hoạt
giá đỡ thìa, trục tròn cho cánh tay linh hoạt leyla
giá đỡ thìa cho thìa phẳng leyla
kẹp khớp bi cho bộ kéo leyla leyla
cánh tay hỗ trợ cho bộ kéo leyla leyla
đầu nối cho 1 cánh tay linh hoạt leyla
thìa phẫu thuật có thể uốn cong heifetz, 8x155 mm
thìa phẫu thuật có thể uốn cong heifetz, kích thước 11x155 mm
thìa phẫu thuật có thể uốn cong heifetz, 14x155 mm
thìa phẫu thuật có thể uốn cong heifetz, 17x155 mm
thìa phẫu thuật hình tròn có thể uốn cong heifetz, 14x200 mm
thìa phẫu thuật hình tròn có thể uốn cong heifetz, 17x200 mm
thìa phẫu thuật hình tròn có thể uốn cong heifetz, 20x200 mm
móc groningen, gập góc, dài 26.5 cm
móc groningen, cong, dài 26.5 cm
móc cushing, số 1, dài 19 cm
móc cushing, số 1, dài 28 cm
móc cushing, số 2, dài 19 cm
móc cushing, số 2, dài 28 cm
móc smithwick, cong, dài 16.5 cm
móc smithwick, cong, dài 21 cm
móc adson, gập góc, mũi tù, dài 20 cm
móc adson, gập góc, mũi nhọn, dài 20 cm
móc graham, cong, mũi tù, dài 16.5 cm
móc sachs, cong, mũi nhọn, dài 17 cm
móc, cong, 90°, mũi nhọn, dài 19 cm
móc, góc nghiêng xuống, 90°, mũi nhọn, dài 19 cm
móc frazier, mũi nhọn, dài 13 cm
móc frazier, mũi nhọn, dài 18 cm
móc dạng lưỡi nhíp mikaeel, số 1, 45°, dài 23 cm
móc dạng lưỡi nhíp mikaeel, số 2, 45°, dài 23 cm
dao mổ dạng lưỡi nhíp mikaeel, số 3, dài 23 cm
dao mổ dạng lưỡi nhíp mikaeel, số 4, dài 23 cm
dao mổ dạng lưỡi nhíp mikaeel, số 5, dài 23 cm
dao mổ dạng lưỡi nhíp mikaeel, số 6, gập góc, dài 23 cm
dao mổ dạng lưỡi nhíp bên phải mikaeel, số 7, dài 23 cm
dao mổ dạng lưỡi nhíp bên trái mikaeel, số 8, dài 23 cm
dao liềm dạng lưỡi nhíp mikaeel, số 9, dài 23 cm
dao liềm dạng lưỡi nhíp mikaeel, số 10, dài 23 cm
móc dạng lưỡi nhíp mikaeel, số 11, dài 23 cm
dụng cụ nạo dạng lưỡi nhíp mikaeel, số 12, dài 23 cm
dụng cụ bôi sáp dạng lưỡi nhíp mikaeel, số 13, dài 23 cm
dụng cụ nạo dạng lưỡi nhíp mikaeel, số 14, 45°, dài 23 cm
dụng cụ nạo dạng lưỡi nhíp mikaeel, số 15, 90°, dài 23 cm
dụng cụ nạo dạng lưỡi nhíp mikaeel, số 16, 45°, dài 23 cm
dụng cụ nạo dạng lưỡi nhíp mikaeel, số 17, 90°, dài 23 cm
dụng cụ nạo dạng lưỡi nhíp mikaeel, số 18, cong ngược, dài 23 cm
dụng cụ chọc tew, số 1, mũi nhọn, dài 23 cm
dụng cụ chọc tew, số 2, mũi tù, dài 23 cm
dụng cụ chọc tew, số 3, cong xuống, mũi nhọn, dài 23 cm
dụng cụ chọc tew, số 4, cong lên, mũi nhọn, dài 23 cm
dao mổ đã được cải tiến tew - penifield, số 5, dài 23 cm
dao mổ dạng cốc tew, số 6, dài 23 cm
móc có đầu nút tew, số 7, dài 23 cm
dao mổ tew, đầu 2 mm, số 8, dài 23 cm
dao mổ tew, đầu 4 mm, số 9, dài 23 cm
dụng cụ nạo tew, số 10, 90°, dài 23 cm
dụng cụ nạo tew, số 11, 45°, dài 23 cm
dụng cụ đục tew, số 12, dài 23 cm
dụng cụ nạo tew, số 13, 90° phía trên, mũi nhọn, dài 23 cm
dụng cụ nạo tew, số 14, 45° phía trên, mũi nhọn, dài 23 cm
dụng cụ nạo tew, số 15, 45° phía dưới, mũi nhọn, dài 23 cm
dụng cụ nạo tew, số 16.90° phía trên, mũi nhọn, dài 23 cm
dụng cụ nạo tew, số 17, 45° phía trên, mũi nhọn, dài 23 cm
dụng cụ nạo tew, số 18, 45° phía dưới, mũi nhọn, dài 23 cm
dụng cụ nạo tew, số 19, 90° phía trên, mũi tù, dài 23 cm
dụng cụ nạo tew, số 20, 45° phía trên, mũi tù, dài 23 cm
dụng cụ nạo tew, số 21, 45° phía dưới, mũi tù, dài 23 cm
dụng cụ nạo tew, số 22, 90° phía trên, mũi tù, dài 23 cm
dụng cụ nạo tew, số 23, 45° phía trên, mũi tù, dài 23 cm
dụng cụ nạo tew, số 24, 45° phía dưới, mũi tù, dài 23 cm
dụng cụ kẹp vi mô tew, số 25, dài 23 cm
dụng cụ cắt tách bên phải tew, số 26, dài 23 cm
dụng cụ cắt tách bên trái tew, số 27, dài 23 cm
dụng cụ dò tew, số 28, dài 23 cm
kéo vi mô tew, đầu 2.5 mm, thẳng
kéo vi mô tew, đầu 2.5 mm, cong
kẹp sinh thiết vi mô tew
kéo vi mô tew, đầu 2.5 mm, thẳng, 360°
kéo vi mô tew, đầu 2.5 mm, cong, 360°
kẹp sinh thiết vi mô tew, 360°
dao mổ jannetta, số 1 , dài 21 cm
dao mổ jannetta, số 2, dài 21 cm
dao mổ jannetta, số 3, dài 21 cm
dao mổ jannetta, số 4, dài 21 cm
dao mổ jannetta, số 5, dài 21 cm
dao mổ jannetta, số 6, dài 21 cm
dao mổ jannetta, số 7, dài 21 cm
dao mổ jannetta, số 8, dài 21 cm
dao mổ pittsburgh, số 1 , dài 23 cm
dao mổ pittsburgh, số 2, dài 23 cm
dao mổ pittsburgh, số 3, dài 23 cm
dao mổ pittsburgh, số 4, dài 23 cm
dao mổ pittsburgh, số 5, dài 23 cm
dao mổ pittsburgh, số 6, dài 23 cm
dao mổ pittsburgh, số 7, dài 23 cm
dao mổ pittsburgh, số 8, dài 23 cm
dao mổ pittsburgh, số 9, dài 23 cm
dao mổ pittsburgh, số 10, dài 23 cm
tay cầm cho dụng cụ tuyến yên
kéo vi mô vannas, gập xuống, dài 12 cm
kéo vi mô vannas, thẳng, dài 12 cm
kéo vi mô vannas, cong, dài 12 cm
kéo vi mô vannas, thẳng, dài 16 cm
kéo vi mô vannas, cong, dài 16 cm
kéo vi mô millesi, thẳng, dài 16 cm
kéo vi mô millesi, cong, dài 16 cm
kéo vi mô jacobson, cong, dài 18.5 cm
kéo vi mô dạng lưỡi nhíp yasargil, thẳng, dài 16.5 cm
kéo vi mô dạng lưỡi nhíp yasargil, cong, dài 16.5 cm
kéo vi mô dạng lưỡi nhíp yasargil, thẳng, dài 20 cm
kéo vi mô dạng lưỡi nhíp yasargil, cong, dài 20 cm
kéo vi mô dạng lưỡi nhíp yasargil, cong xuống, dài 20 cm
kéo vi mô dạng lưỡi nhíp yasargil, thẳng, dài 22.5 cm
kéo vi mô dạng lưỡi nhíp yasargil, cong, dài 22.5 cm
kéo vi mô dạng lưỡi nhíp yasargil, cong, dài 24.5 cm
kéo phẫu tích vi mô yasargil, thẳng, dài 20 cm
kéo phẫu tích vi mô yasargil, cong, dài 20 cm
kéo phẫu tích vi mô yasargil, cong, dài 22.5 cm
kéo phẫu tích vi mô yasargil, thẳng, dài 22.5 cm
kéo vi mô fahbusch, cong, dài 16.5 cm
kéo vi mô caspar, cong, xoắn, dài 11.5 cm
kim vi mô dạng lưỡi nhíp  yasargil, thẳng, dài 20 cm
kim vi mô dạng lưỡi nhíp  yasargil, cong, dài 20 cm
kim vi mô dạng lưỡi nhíp  yasargil, thẳng, dài 22.5 cm
kim vi mô dạng lưỡi nhíp  yasargil, cong, dài 22.5 cm
kẹp cầm dạng lưỡi nhíp bên phải samii, đầu 3 mm, cong, dài 23 cm
kẹp cầm dạng lưỡi nhíp bên trái samii, đầu 3 mm, cong, dài 23 cm
kẹp cầm dạng lưỡi nhíp  yasargil-smaii, đầu 3 mm, dài 24 cm
kẹp cầm dạng lưỡi nhíp  yasargil-smaii, đầu 5 mm, dài 24 cm
kẹp cầm dạng lưỡi nhíp  yasargil-smaii, đầu 7 mm, dài 24 cm
kẹp cầm dạng lưỡi nhíp  yasargil, đầu 3 mm, dài 22 cm
kẹp cầm dạng lưỡi nhíp  yasargil, đầu 5 mm, dài 22 cm
kẹp cầm  hunt, đầu 5 mm, gập xuống, dài 20 cm
kẹp cầm dạng lưỡi nhíp hunt, đầu 5 mm, dài 20 cm
kẹp vi mô dạng lưỡi nhíp  yasargil, đầu 0.6 mm, dài 18 cm
kẹp vi mô dạng lưỡi nhíp  yasargil, đầu 0.9 mm, dài 18 cm
kẹp vi mô dạng lưỡi nhíp  yasargil, 1x2, 1x2, dài 18 cm
kẹp vi mô dạng lưỡi nhíp  yasargil, đầu 0.6 mm, dài 20 cm
kẹp vi mô dạng lưỡi nhíp  yasargil, đầu 0.9 mm, dài 20 cm
kẹp vi mô dạng lưỡi nhíp  yasargil, đầu 0.6 mm, dài 22 cm
kẹp vi mô dạng lưỡi nhíp  yasargil, đầu 0.9 mm, dài 22 cm
dụng cụ sinh thiết khối u  yasargil, đầu 8 mm, dài 20 cm
dụng cụ sinh thiết khối u  yasargil, đầu 5 mm, dài 20 cm
kẹp mô có bảo vệ, đầu 1.8 mm, dài 18.5 mm
dao cắt khối u samii, đầu 1.0 mm, dài 23 cm
dao cắt khối u samii, đầu 1.5 mm, dài 23 cm
dao cắt khối u samii, đầu 2.0 mm, dài 23 cm
dao cắt khối u samii, đầu 2.5 mm, dài 23 cm
dao cắt khối u samii, đầu 3.0 mm, dài 23 cm
dao cắt khối u samii, đầu 3.5 mm, dài 23 cm
dao cắt khối u samii, đầu 4.0 mm, dài 23 cm
dao cắt khối u samii, đầu 5.0 mm, dài 23 cm
dao cắt khối u dạng tròn samii, đầu 1.5 mm, dài 23 cm
dao cắt khối u dạng tròn samii, đầu 3.0 mm, dài 23 cm
dao cắt khối u dạng tròn samii, đầu 4.5 mm, dài 23 cm
dao cắt khối u dạng tròn samii, đầu 6.0 mm, dài 23 cm
kẹp giữ khối u landolt, mũi tù, dài 20 cm
dao mổ vi mô caspar, cong, dài 23 cm
dao mổ vi mô dạng lưỡi nhíp caspar, cong xuống, dài 23 cm
dao mổ vi mô dạng lưỡi nhíp caspar, cong, dài 23 cm
dao mổ vi mô dạng lưỡi nhíp caspar, cong lên, dài 23 cm
dao mổ vi mô dạng lưỡi nhíp caspar, cong xuống, dài 20 cm
dao mổ dạng tròn rhoton, số 1, dài 19 cm
dao mổ dạng tròn rhoton, số 2, dài 19 cm
dao mổ dạng tròn rhoton, số 3, dài 19 cm
dụng cụ nâng rhoton, số 4, gập góc, dài 19 cm
dụng cụ nâng rhoton, số 5, cong, dài 19 cm
dao mổ  rhoton, số 6, s, dài 19 cm
dao mổ rhoton, số 6, s, dài 19 cm
dao mổ rhoton, số 7, m, dài 19 cm
dao mổ rhoton, số 7, m , dài 19 cm
dao mổ rhoton, số 8, l, dài 19 cm
dao mổ rhoton, số 8, l , dài 19 cm
móc rhoton, số 9, mũi bán sắc, dài 19 cm
móc rhoton, số 10 , mũi tù, dài 19 cm
móc rhoton, số 11, mũi bán sắc, dài 19 cm
kim   rhoton, số 12, thẳng, dài 19 cm
dụng cụ nạo rhoton, số 13, s, dài 19 cm
dụng cụ nạo rhoton, số 14, l, dài 19 cm
dao mổ hình giọt nước rhoton, số 15, dài 19 cm
dao mổ hình giọt nước rhoton, số 16, 90°, dài 19 cm
dao mổ hình giọt nước rhoton, số 17, 90°, dài 19 cm
dao mổ hình giọt nước rhoton, số 18, 40°, dài 19 cm
dao mổ hình giọt nước rhoton, số 19, 40°, dài 19 cm
dao lưỡi trâm samii, đầu 1.8 mm, dài 23 cm
dao vi mô mạch máu koos, cong, dài 18.5 cm
dao vi mô mạch máu koos, cong xuống, dài 18.5 cm
dao vi mô mạch máu koos, cong mạnh, dài 18.5 cm
dao vi mô mạch máu koos, cong mạnh xuống, dài 18.5 cm
dao vi mô mạch máu  yasargil, cong xuống, dài 18.5 cm
dao vi mô mạch máu  yasargil, cong lên, dài 18.5 cm
dao vi mô mạch máu jacobson, thẳng, dài 18.5 cm
thước dẫn khâu  yasargil, cong vừa phải, dài 18.5 cm
thước dẫn khâu  yasargil, cong nhẹ, dài 18.5 cm
thước dẫn khâu  yasargil, cong, 90°, dài 18.5 cm
dụng cụ nạo vi mô  yasargil, gập xuống, dài 18.5 cm
dụng cụ nạo vi mô  yasargil, cong, dài 18.5 cm
dụng cụ nạo vi mô  yasargil, gập cong xuống, dài 18.5 cm
dụng cụ nạo vi mô hình đĩa  yasargil, s, dài 23 cm
dụng cụ nạo vi mô hình đĩa  yasargil, l, dài 23 cm
dụng cụ nạo vi mô hình đĩa dạng lưỡi nhíp  yasargil, dài 23 cm
dao mổ vi mô  yasargil, gập xuống, dài 18.5 cm
dao mổ vi mô  yasargil, thẳng, mỏng, cong, dài 23 cm
dao mổ vi mô dạng lưỡi nhíp  yasargil, cong bên trái, dài 23 cm
dao mổ vi mô  yasargil, thẳng, cong, dài 23 cm
dao mổ vi mô dạng lưỡi nhíp  yasargil, cong bên phải, dài 23 cm
dụng cụ thăm dò đầu nút jacobson, gập xuống, dài 18.5 cm
dụng cụ thăm dò kép có đầu nút jacobson, dài 18.5 cm
dụng cụ nạo vi mô yasarrgil, mũi nhọn, dài 18.5 cm
dụng cụ nạo vi mô, thẳng, mũi nhọn, dài 23 cm
dụng cụ nạo vi mô, gập lên, thẳng, mũi nhọn, dài 23 cm
dụng cụ móc vi mô, mũi nhọn, dài 23 cm
dụng cụ móc vi mô, mũi tù, dài 23 cm
dụng cụ móc vi mô krayenbuehl, số 1, dài 19 cm
dụng cụ móc vi mô krayenbuehl, số 2, dài 19 cm
dụng cụ móc vi mô krayenbuehl, số 3, dài 19 cm
dụng cụ móc vi mô krayenbuehl, số 4, dài 19 cm
dụng cụ móc vi mô caspar, đầu 5 mm, 90°, dài 24. 5 cm
dụng cụ móc vi mô caspar, đầu 7 mm, 90°, dài 24. 5 cm
dụng cụ móc vi mô caspar, đầu 9 mm, 90°, dài 24. 5 cm
dụng cụ móc vi mô caspar, đầu 11 mm, 45°, dài 24. 5 cm
dụng cụ banh đốt sống cloward, dài 16 cm
dụng cụ banh xương loại phẳng cloward, dài 16 cm
dụng cụ banh đốt sống inge, dài 16 cm
dụng cụ banh đốt sống inge, dài 25.5 cm
kìm gặm xương cột sống ferris-smith-kerrison, đầu 1 mm, 40°, dài 18 cm
kìm gặm xương cột sống ferris-smith-kerrison, đầu 1 mm, 90°, dài 18 cm
kìm gặm xương cột sống ferris-smith-kerrison, đầu 1 mm, 40°, dài 20 cm
kìm gặm xương cột sống ferris-smith-kerrison, đầu 1 mm, 90°, dài 20 cm
kìm gặm xương cột sống ferris-smith-kerrison, đầu 1 mm, 40°, dài 23 cm
kìm gặm xương cột sống ferris-smith-kerrison, đầu 1 mm, 90°, dài 23 cm
kìm gặm xương cột sống ferris-smith-kerrison, đầu 1 mm, 40°, dài 28 cm
kìm gặm xương cột sống ferris-smith-kerrison, đầu 1 mm, 90°, dài 28 cm
kìm gặm xương cột sống ferris-smith-kerrison, đầu 2 mm, 40°, dài 18 cm
kìm gặm xương cột sống ferris-smith-kerrison, đầu 2 mm, 90°, dài 18 cm
kìm gặm xương cột sống ferris-smith-kerrison, đầu 2 mm, 40°, dài 20 cm
kìm gặm xương cột sống ferris-smith-kerrison, đầu 2 mm, 90°, dài 20 cm
kìm gặm xương cột sống ferris-smith-kerrison, đầu 2 mm, 40°, dài 23 cm
kìm gặm xương cột sống ferris-smith-kerrison, đầu 2 mm, 90°, dài 23 cm
kìm gặm xương cột sống ferris-smith-kerrison, đầu 2 mm, 40°, dài 28 cm
kìm gặm xương cột sống ferris-smith-kerrison, đầu 2 mm, 90°, dài 28 cm
kìm gặm xương cột sống ferris-smith-kerrison, đầu 3 mm, 40°, dài 18 cm
kìm gặm xương cột sống ferris-smith-kerrison, đầu 3 mm, 90°, dài 18 cm
kìm gặm xương cột sống ferris-smith-kerrison, đầu 3 mm, 40°, dài 20 cm
kìm gặm xương cột sống ferris-smith-kerrison, đầu 3 mm, 90°, dài 20 cm
kìm gặm xương cột sống ferris-smith-kerrison, đầu 3 mm, 40°, dài 23 cm
kìm gặm xương cột sống ferris-smith-kerrison, đầu 3 mm, 90°, dài 23 cm
kìm gặm xương cột sống ferris-smith-kerrison, đầu 3 mm, 40°, dài 28 cm
kìm gặm xương cột sống ferris-smith-kerrison, đầu 3 mm, 90°, dài 28 cm
kìm gặm xương cột sống ferris-smith-kerrison, đầu 4 mm, 40°, dài 18 cm
kìm gặm xương cột sống ferris-smith-kerrison, đầu 4 mm, 90°, dài 18 cm
kìm gặm xương cột sống ferris-smith-kerrison, đầu 4 mm, 40°, dài 20 cm
kìm gặm xương cột sống ferris-smith-kerrison, đầu 4 mm, 90°, dài 20 cm
kìm gặm xương cột sống ferris-smith-kerrison, đầu 4 mm, 40°, dài 23 cm
kìm gặm xương cột sống ferris-smith-kerrison, đầu 4 mm, 90°, dài 23 cm
kìm gặm xương cột sống ferris-smith-kerrison, đầu 4 mm, 40°, dài 28 cm
kìm gặm xương cột sống ferris-smith-kerrison, đầu 4 mm, 90°, dài 28 cm
kìm gặm xương cột sống ferris-smith-kerrison, đầu 5 mm, 40°, dài 18 cm
kìm gặm xương cột sống ferris-smith-kerrison, đầu 5 mm, 90°, dài 18 cm
kìm gặm xương cột sống ferris-smith-kerrison, đầu 5 mm, 40°, dài 20 cm
kìm gặm xương cột sống ferris-smith-kerrison, đầu 5 mm, 90°, dài 20 cm
kìm gặm xương cột sống ferris-smith-kerrison, đầu 5 mm, 40°, dài 23 cm
kìm gặm xương cột sống ferris-smith-kerrison, đầu 5 mm, 90°, dài 23 cm
kìm gặm xương cột sống ferris-smith-kerrison, đầu 5 mm, 40°, dài 28 cm
kìm gặm xương cột sống ferris-smith-kerrison, đầu 5 mm, 90°, dài 28 cm
kìm gặm xương cột sống ferris-smith-kerrison, đầu 6 mm, 40°, dài 18 cm
kìm gặm xương cột sống ferris-smith-kerrison, đầu 6 mm, 90°, dài 18 cm
kìm gặm xương cột sống ferris-smith-kerrison, đầu 6 mm, 40°, dài 20 cm
kìm gặm xương cột sống ferris-smith-kerrison, đầu 6 mm, 90°, dài 20 cm
kìm gặm xương cột sống ferris-smith-kerrison, đầu 6 mm, 40°, dài 23 cm
kìm gặm xương cột sống ferris-smith-kerrison, đầu 6 mm, 90°, dài 23 cm
kìm gặm xương cột sống ferris-smith-kerrison, đầu 6 mm, 40°, dài 28 cm
kìm gặm xương cột sống ferris-smith-kerrison, đầu 6 mm, 90°, dài 28 cm
kìm gặm xương cột sống hướng xuống ferris-smith-kerrison, đầu 1 mm, 40°, dài 18 cm
kìm gặm xương cột sống hướng xuống ferris-smith-kerrison, đầu 1 mm, 90°, dài 18 cm
kìm gặm xương cột sống hướng xuống ferris-smith-kerrison, đầu 1 mm, 40°, dài 20 cm
kìm gặm xương cột sống hướng xuống ferris-smith-kerrison, đầu 1 mm, 90°, dài 20 cm
kìm gặm xương cột sống hướng xuống ferris-smith-kerrison, đầu 1 mm, 40°, dài 23 cm
kìm gặm xương cột sống hướng xuống ferris-smith-kerrison, đầu 1 mm, 90°, dài 23 cm
kìm gặm xương cột sống hướng xuống ferris-smith-kerrison, đầu 2 mm, 40°, dài 18 cm
kìm gặm xương cột sống hướng xuống ferris-smith-kerrison, đầu 2 mm, 90°, dài 18 cm
kìm gặm xương cột sống hướng xuống ferris-smith-kerrison, đầu 2 mm, 40°, dài 20 cm
kìm gặm xương cột sống hướng xuống ferris-smith-kerrison, đầu 2 mm, 90°, dài 20 cm
kìm gặm xương cột sống hướng xuống ferris-smith-kerrison, đầu 2 mm, 40°, dài 23 cm
kìm gặm xương cột sống hướng xuống ferris-smith-kerrison, đầu 2 mm, 90°, dài 23 cm
kìm gặm xương cột sống hướng xuống ferris-smith-kerrison, đầu 3 mm, 40°, dài 18 cm
kìm gặm xương cột sống hướng xuống ferris-smith-kerrison, đầu 3 mm, 90°, dài 18 cm
kìm gặm xương cột sống hướng xuống ferris-smith-kerrison, đầu 3 mm, 40°, dài 20 cm
kìm gặm xương cột sống hướng xuống ferris-smith-kerrison, đầu 3 mm, 90°, dài 20 cm
kìm gặm xương cột sống hướng xuống ferris-smith-kerrison, đầu 3 mm, 40°, dài 23 cm
kìm gặm xương cột sống hướng xuống ferris-smith-kerrison, đầu 3 mm, 90°, dài 23 cm
kìm gặm xương cột sống hướng xuống ferris-smith-kerrison, đầu 4 mm, 40°, dài 18 cm
kìm gặm xương cột sống hướng xuống ferris-smith-kerrison, đầu 4 mm, 90°, dài 18 cm
kìm gặm xương cột sống hướng xuống ferris-smith-kerrison, đầu 4 mm, 40°, dài 20 cm
kìm gặm xương cột sống hướng xuống ferris-smith-kerrison, đầu 4 mm, 90°, dài 20 cm
kìm gặm xương cột sống hướng xuống ferris-smith-kerrison, đầu 4 mm, 40°, dài 23 cm
kìm gặm xương cột sống hướng xuống ferris-smith-kerrison, đầu 4 mm, 90°, dài 23 cm
kìm gặm xương cột sống hướng xuống ferris-smith-kerrison, đầu 5 mm, 40°, dài 18 cm
kìm gặm xương cột sống hướng xuống ferris-smith-kerrison, đầu 5 mm, 90°, dài 18 cm
kìm gặm xương cột sống hướng xuống ferris-smith-kerrison, đầu 5 mm, 40°, dài 20 cm
kìm gặm xương cột sống hướng xuống ferris-smith-kerrison, đầu 5 mm, 90°, dài 20 cm
kìm gặm xương cột sống hướng xuống ferris-smith-kerrison, đầu 5 mm, 40°, dài 23 cm
kìm gặm xương cột sống hướng xuống ferris-smith-kerrison, đầu 5 mm, 90°, dài 23 cm
kìm gặm xương cột sống hướng xuống ferris-smith-kerrison, đầu 6 mm, 40°, dài 18 cm
kìm gặm xương cột sống hướng xuống ferris-smith-kerrison, đầu 6 mm, 90°, dài 18 cm
kìm gặm xương cột sống hướng xuống ferris-smith-kerrison, đầu 6 mm, 40°, dài 20 cm
kìm gặm xương cột sống hướng xuống ferris-smith-kerrison, đầu 6 mm, 90°, dài 20 cm
kìm gặm xương cột sống hướng xuống ferris-smith-kerrison, đầu 6 mm, 40°, dài 23 cm
kìm gặm xương cột sống hướng xuống ferris-smith-kerrison, đầu 6 mm, 90°, dài 23 cm
kìm gặm xương cột sống ferris-smith-kerrison, đầu 1 mm, thẳng dài, 40°, dài 18 cm
kìm gặm xương cột sống ferris-smith-kerrison, đầu 2 mm, thẳng dài, 40°, dài 18 cm
kìm gặm xương cột sống ferris-smith-kerrison, đầu 3 mm, thẳng dài, 40°, dài 18 cm
kìm gặm xương cột sống ferris-smith-kerrison, đầu 4 mm, thẳng dài, 40°, dài 18 cm
kìm gặm xương cột sống ferris-smith-kerrison, đầu 5 mm, thẳng dài, 40°, dài 18 cm
kìm gặm xương cột sống ferris-smith-kerrison, đầu 6 mm, thẳng dài, 40°, dài 18 cm
kìm gặm xương cột sống loại mảnh ferris-smith-kerrison, đầu 1 mm, 40°, dài 18 cm
kìm gặm xương cột sống loại mảnh ferris-smith-kerrison, đầu 1 mm, 90°, dài 18 cm
kìm gặm xương cột sống loại mảnh ferris-smith-kerrison, đầu 1 mm, 40°, dài 20 cm
kìm gặm xương cột sống loại mảnh ferris-smith-kerrison, đầu 1 mm, 90°, dài 20 cm
kìm gặm xương cột sống loại mảnh ferris-smith-kerrison, đầu 1 mm, 40°, dài 23 cm
kìm gặm xương cột sống loại mảnh ferris-smith-kerrison, đầu 1 mm, 90°, dài 23 cm
kìm gặm xương cột sống loại mảnh ferris-smith-kerrison, đầu 1 mm, 40°, dài 28 cm
kìm gặm xương cột sống loại mảnh ferris-smith-kerrison, đầu 1 mm, 90°, dài 28 cm
kìm gặm xương cột sống loại mảnh ferris-smith-kerrison, đầu 2 mm, 40°, dài 18 cm
kìm gặm xương cột sống loại mảnh ferris-smith-kerrison, đầu 2 mm, 90°, dài 18 cm
kìm gặm xương cột sống loại mảnh ferris-smith-kerrison, đầu 2 mm, 40°, dài 20 cm
kìm gặm xương cột sống loại mảnh ferris-smith-kerrison, đầu 2 mm, 90°, dài 20 cm
kìm gặm xương cột sống loại mảnh ferris-smith-kerrison, đầu 2 mm, 40°, dài 23 cm
kìm gặm xương cột sống loại mảnh ferris-smith-kerrison, đầu 2 mm, 90°, dài 23 cm
kìm gặm xương cột sống loại mảnh ferris-smith-kerrison, đầu 2 mm, 40°, dài 28 cm
kìm gặm xương cột sống loại mảnh ferris-smith-kerrison, đầu 2 mm, 90°, dài 28 cm
kìm gặm xương cột sống loại mảnh ferris-smith-kerrison, đầu 3 mm, 40°, dài 18 cm
kìm gặm xương cột sống loại mảnh ferris-smith-kerrison, đầu 3 mm, 90°, dài 18 cm
kìm gặm xương cột sống loại mảnh ferris-smith-kerrison, đầu 3 mm, 40°, dài 20 cm
kìm gặm xương cột sống loại mảnh ferris-smith-kerrison, đầu 3 mm, 90°, dài 20 cm
kìm gặm xương cột sống loại mảnh ferris-smith-kerrison, đầu 3 mm, 40°, dài 23 cm
kìm gặm xương cột sống loại mảnh ferris-smith-kerrison, đầu 3 mm, 90°, dài 23 cm
kìm gặm xương cột sống loại mảnh ferris-smith-kerrison, đầu 3 mm, 40°, dài 28 cm
kìm gặm xương cột sống loại mảnh ferris-smith-kerrison, đầu 3 mm, 90°, dài 28 cm
kìm gặm xương cột sống loại mảnh ferris-smith-kerrison, đầu 4 mm, 40°, dài 18 cm
kìm gặm xương cột sống loại mảnh ferris-smith-kerrison, đầu 4 mm, 90°, dài 18 cm
kìm gặm xương cột sống loại mảnh ferris-smith-kerrison, đầu 4 mm, 40°, dài 20 cm
kìm gặm xương cột sống loại mảnh ferris-smith-kerrison, đầu 4 mm, 90°, dài 20 cm
kìm gặm xương cột sống loại mảnh ferris-smith-kerrison, đầu 4 mm, 40°, dài 23 cm
kìm gặm xương cột sống loại mảnh ferris-smith-kerrison, đầu 4 mm, 90°, dài 23 cm
kìm gặm xương cột sống loại mảnh ferris-smith-kerrison, đầu 4 mm, 40°, dài 28 cm
kìm gặm xương cột sống loại mảnh ferris-smith-kerrison, đầu 4 mm, 90°, dài 28 cm
kìm gặm xương cột sống loại mảnh ferris-smith-kerrison, đầu 5 mm, 40°, dài 18 cm
kìm gặm xương cột sống loại mảnh ferris-smith-kerrison, đầu 5 mm, 90°, dài 18 cm
kìm gặm xương cột sống loại mảnh ferris-smith-kerrison, đầu 5 mm, 40°, dài 20 cm
kìm gặm xương cột sống loại mảnh ferris-smith-kerrison, đầu 5 mm, 90°, dài 20 cm
kìm gặm xương cột sống loại mảnh ferris-smith-kerrison, đầu 5 mm, 40°, dài 23 cm
kìm gặm xương cột sống loại mảnh ferris-smith-kerrison, đầu 5 mm, 90°, dài 23 cm
kìm gặm xương cột sống loại mảnh ferris-smith-kerrison, đầu 5 mm, 40°, dài 28 cm
kìm gặm xương cột sống loại mảnh ferris-smith-kerrison, đầu 5 mm, 90°, dài 28 cm
kìm gặm xương cột sống loại mảnh ferris-smith-kerrison, đầu 6 mm, 40°, dài 18 cm
kìm gặm xương cột sống loại mảnh ferris-smith-kerrison, đầu 6 mm, 90°, dài 18 cm
kìm gặm xương cột sống loại mảnh ferris-smith-kerrison, đầu 6 mm, 40°, dài 20 cm
kìm gặm xương cột sống loại mảnh ferris-smith-kerrison, đầu 6 mm, 90°, dài 20 cm
kìm gặm xương cột sống loại mảnh ferris-smith-kerrison, đầu 6 mm, 40°, dài 23 cm
kìm gặm xương cột sống loại mảnh ferris-smith-kerrison, đầu 6 mm, 90°, dài 23 cm
kìm gặm xương cột sống loại mảnh ferris-smith-kerrison, đầu 6 mm, 40°, dài 28 cm
kìm gặm xương cột sống loại mảnh ferris-smith-kerrison, đầu 6 mm, 90°, dài 28 cm
kìm gặm xương cột sống dạng lưỡi nhíp ferris-smith-kerrison, đầu 1 mm, thẳng dài, 40°, dài 18 cm
kìm gặm xương cột sống dạng lưỡi nhíp ferris-smith-kerrison, đầu 2 mm, thẳng dài, 40°, dài 18 cm
kìm gặm xương cột sống dạng lưỡi nhíp ferris-smith-kerrison, đầu 3 mm, thẳng dài, 40°, dài 18 cm
kìm gặm xương cột sống dạng lưỡi nhíp ferris-smith-kerrison, đầu 4 mm, thẳng dài, 40°, dài 18 cm
kìm gặm xương cột sống dạng lưỡi nhíp ferris-smith-kerrison, đầu 5 mm, thẳng dài, 40°, dài 18 cm
kìm gặm xương cột sống ferris-smith-kerrison, đầu 1 mm, cong, 40°, dài 20 cm
kìm gặm xương cột sống ferris-smith-kerrison, đầu 1 mm, cong bên trái, 40°, dài 20 cm
kìm gặm xương cột sống ferris-smith-kerrison, đầu 1 mm, cong bên phải, 40°, dài 20 cm
kìm gặm xương cột sống ferris-smith-kerrison, đầu 2 mm, cong, 40°, dài 20 cm
kìm gặm xương cột sống ferris-smith-kerrison, đầu 2 mm, cong bên trái, 40°, dài 20 cm
kìm gặm xương cột sống ferris-smith-kerrison, đầu 2 mm, cong bên phải, 40°, dài 20 cm
kìm gặm xương cột sống ferris-smith-kerrison, đầu 3 mm, cong, 40°, dài 20 cm
kìm gặm xương cột sống ferris-smith-kerrison, đầu 3 mm, cong bên trái, 40°, dài 20 cm
kìm gặm xương cột sống ferris-smith-kerrison, đầu 3 mm, cong bên phải, 40°, dài 20 cm
kìm gặm xương cột sống ferris-smith-kerrison, đầu 4 mm, cong, 40°, dài 20 cm
kìm gặm xương cột sống ferris-smith-kerrison, đầu 4 mm, cong bên trái, 40°, dài 20 cm
kìm gặm xương cột sống ferris-smith-kerrison, đầu 4 mm, cong bên phải, 40°, dài 20 cm
kìm gặm xương cột sống ferris-smith-kerrison, đầu 5 mm, cong, 40°, dài 20 cm
kìm gặm xương cột sống ferris-smith-kerrison, đầu 5 mm, cong bên trái, 40°, dài 20 cm
kìm gặm xương cột sống ferris-smith-kerrison, đầu 5 mm, cong bên phải, 40°, dài 20 cm
kìm gặm xương cột sống dạng lưỡi nhíp ferris-smith-kerrison, đầu 3 mm, cong, dài 15 cm
dụng cụ cắt xương caspar, đầu 2 mm, thẳng, dài 15 cm
dụng cụ cắt xương caspar, đầu 3 mm, thẳng, dài 15 cm
dụng cụ cắt xương caspar, đầu 4 mm, thẳng, dài 15 cm
dụng cụ cắt xương caspar, đầu 5 mm, thẳng, dài 15 cm
dụng cụ cắt xương caspar, đầu 2 mm, thẳng, dài 18 cm
dụng cụ cắt xương caspar, đầu 3 mm, thẳng, dài 18 cm
dụng cụ cắt xương caspar, đầu 4 mm, thẳng, dài 18 cm
dụng cụ cắt xương caspar, đầu 5 mm, thẳng, dài 18 cm
dụng cụ cắt xương caspar, đầu 2 mm, thẳng, dài 20 cm
dụng cụ cắt xương caspar, đầu 3 mm, thẳng, dài 20 cm
dụng cụ cắt xương caspar, đầu 4 mm, thẳng, dài 20 cm
dụng cụ cắt xương caspar, đầu 5 mm, thẳng, dài 20 cm
dụng cụ cắt xương hướng lên caspar, đầu 2 mm, dài 15 cm
dụng cụ cắt xương hướng lên caspar, đầu 3 mm, dài 15 cm
dụng cụ cắt xương hướng lên caspar, đầu 4 mm, dài 15 cm
dụng cụ cắt xương hướng lên caspar, đầu 5 mm, dài 15 cm
dụng cụ cắt xương hướng lên caspar, đầu 2 mm, dài 18 cm
dụng cụ cắt xương hướng lên caspar, đầu 3 mm, dài 18 cm
dụng cụ cắt xương hướng lên caspar, đầu 4 mm, dài 18 cm
dụng cụ cắt xương hướng lên caspar, đầu 5 mm, dài 18 cm
dụng cụ cắt xương hướng lên caspar, đầu 2 mm, dài 20 cm
dụng cụ cắt xương hướng lên caspar, đầu 3 mm, dài 20 cm
dụng cụ cắt xương hướng lên caspar, đầu 4 mm, dài 20 cm
dụng cụ cắt xương hướng lên caspar, đầu 5 mm, dài 20 cm
dụng cụ cắt xương hướng xuống caspar, đầu 2 mm, dài 15 cm
dụng cụ cắt xương hướng xuống caspar, đầu 3 mm, dài 15 cm
dụng cụ cắt xương hướng xuống caspar, đầu 4 mm, dài 15 cm
dụng cụ cắt xương hướng xuống caspar, đầu 5 mm, dài 15 cm
dụng cụ cắt xương hướng xuống caspar, đầu 2 mm, dài 18 cm
dụng cụ cắt xương hướng xuống caspar, đầu 3 mm, dài 18 cm
dụng cụ cắt xương hướng xuống caspar, đầu 4 mm, dài 18 cm
dụng cụ cắt xương hướng xuống caspar, đầu 5 mm, dài 18 cm
dụng cụ cắt xương hướng xuống caspar, đầu 2 mm, dài 20 cm
dụng cụ cắt xương hướng xuống caspar, đầu 3 mm, dài 20 cm
dụng cụ cắt xương hướng xuống caspar, đầu 4 mm, dài 20 cm
dụng cụ cắt xương hướng xuống caspar, đầu 5 mm, dài 20 cm
dụng cụ cắt xương dạng lưỡi lê caspar, đầu 2 mm, dài 18 cm
dụng cụ cắt xương dạng lưỡi lê caspar, đầu 3 mm, dài 18 cm
dụng cụ cắt xương dạng lưỡi lê caspar, đầu 4 mm, dài 18 cm
dụng cụ cắt xương dạng lưỡi lê caspar, đầu 5 mm, dài 18 cm
dụng cụ cắt xương dạng lưỡi lê hướng lên caspar, đầu 2 mm, dài 18 cm
dụng cụ cắt xương dạng lưỡi lê hướng lên caspar, đầu 3 mm, dài 18 cm
dụng cụ cắt xương dạng lưỡi lê hướng lên caspar, đầu 4 mm, dài 18 cm
dụng cụ cắt xương dạng lưỡi lê hướng lên caspar, đầu 5 mm, dài 18 cm
dụng cụ cắt xương hướng lên caspar, đầu 4 mm, dài 30 cm
dụng cụ cắt xương hướng xuống caspar, đầu 4 mm, dài 30 cm
dụng cụ cắt xương hướng lên wagner, đầu 4 mm, dài 20 cm
dụng cụ cắt xương hướng lên wagner, đầu 4 mm, dài 30 cm
dụng cụ cắt xương hướng xuống wagner, đầu 4 mm, dài 20 cm
dụng cụ cắt xương hướng xuống wagner, đầu 4 mm, dài 30 cm
dụng cụ cắt xương loại mạnh wagner, đầu 3 mm, dài 20 cm
dụng cụ cắt xương loại mạnh wagner, đầu 4 mm, dài 20 cm
dụng cụ cắt xương loại mạnh wagner, đầu 5 mm, dài 20 cm
dụng cụ cắt xương richter, đầu 1 mm, thẳng, dài 18 cm
dụng cụ cắt xương hướng lên richter, đầu 1 mm, dài 18 cm
dụng cụ cắt xương richter, đầu 1.5 mm, thẳng, dài 18 cm
dụng cụ cắt xương hướng lên richter, đầu 1.5 mm, dài 18 cm
kẹp tuyến yên oldberg, đầu 8 mm, dài 25 cm
kẹp giữ khối u landolt, dài 27 cm
kẹp tuyến yên yasargil, dài 25.5 cm
kẹp tuyến yên yasargil, đầu 2.2 mm, dài 25.5 cm
dụng cụ banh tuyến yên papavero-caspar, 80x13 mm
dụng cụ banh tuyến yên papavero-caspar, 90x13 mm
dụng cụ banh tuyến yên papavero-caspar, kích thước 100x13 mm
dụng cụ banh tuyến yên cushing-landolt, 70x16 mm
dụng cụ banh tuyến yên cushing-landolt, 90x16 mm
dụng cụ banh tuyến yên cushing-landolt, kích thước 110x16 mm
bộ dụng cụ tách mô mềm
dụng cụ tách má dạng vòng
dụng cụ tách má dạng lưỡi dao
dụng cụ tách mô mềm
dụng cụ chỉ tách mô mềm
dụng cụ tách má dạng vòng, chuyển động chéo
dụng cụ tách má dạng lưỡi dao, chuyển động chéo
dụng cụ banh khí quản laborde, dài 14 cm
dụng cụ banh khí quản trousseau, dài 14.5 cm
dụng cụ banh khí quản iterson, mũi nhọn, dài 17 cm
dụng cụ banh khí quản iterson, mũi tù, dài 17 cm
dụng cụ banh khí quản 2 đầu rose, dài 15.5 cm
dụng cụ banh khí quản 2 đầu luer, dài 11 cm
dụng cụ banh tuyển ức 2 đầu  lukens, dài 17.5 cm
dụng cụ banh khí quản 2 đầujackson, dài 18 cm
dụng cụ thăm dò bướu cổ không lỗ kocher, dài 16 cm
dụng cụ thăm dò bướu cổ có lỗ kocher, dài 16 cm
kẹp giữ bướu cổ lahey, 3x3, 3x3, dài 15.5 cm
kẹp giữ bướu cổ lahey, 3x3, 3x3, dài 20 cm
dụng cụ tách mô ngực dạng lưỡi lê, dài 34 cm
dụng cụ tách mô ngực dạng lưỡi lê, dài 37 cm
dụng cụ tách mô ngực dạng móc, dài 36 cm
dụng cụ banh ngực, kích thước 125x30 mm, dài 27 cm
dụng cụ banh ngực, 140x30 mm, dài 27 cm
dụng cụ nâng ngực, dùng cho phẫu thuật tạo hình nâng ngực, dài 28 cm
dụng cụ đánh dấu quầng ngực, đầu 36 mm, đầu tù
dụng cụ đánh dấu quầng ngực, đầu 40 mm, đầu tù
dụng cụ đánh dấu quầng ngực, đầu 42 mm, đầu tù
dụng cụ đánh dấu quầng ngực, đầu 45 mm, đầu tù
đầu chuyển đổi, dài 7.5 cm
dụng cụ cạo lupus vidal, dài 13 cm
dụng cụ nạo lupus fox, đầu 3 mm, thẳng, dài 14 cm
dụng cụ nạo lupus fox, đầu 4 mm, thẳng, dài 14 cm
dụng cụ nạo lupus fox, đầu 5 mm, thẳng, dài 14 cm
dụng cụ nạo lupus fox, đầu 6 mm, thẳng, dài 14 cm
dụng cụ nạo lupus wolff, số 1, dài 14 cm
dụng cụ nạo lupus wolff, số 2, dài 14 cm
dụng cụ nạo lupus wolff, số 3, dài 14 cm
dụng cụ nạo lupus wolff, số 4, dài 14 cm
dụng cụ nạo lupus wolff, số 5, dài 14 cm
dụng cụ nạo lupus wolff, số 6, dài 23 cm
móc da loại thanh mảnh kilner, dài 14.5 cm
móc da   gillies, số 1, dài 18 cm
móc da gillies, số 2, dài 18 cm
móc nâng mặt, 4 răng, dài 13 cm
móc nâng mặt, 5 răng, 5 răng, dài 13 cm
dụng cụ bấm da có tay cầm keyes, đầu 2 mm
dụng cụ bấm da có tay cầm keyes, đầu 3 mm
dụng cụ bấm da có tay cầm keyes, đầu 4 mm
dụng cụ bấm da có tay cầm keyes, đầu 5 mm
dụng cụ bấm da có tay cầm keyes, đầu 6 mm
dụng cụ bấm da có tay cầm keyes, đầu 7 mm
dụng cụ bấm da có tay cầm keyes, đầu 8 mm
dụng cụ lấy mụn đầu đen unna, dài 14.5 cm
dụng cụ lấy mụn đầu đen unna, dài 14 cm
dụng cụ lấy mụn đầu đen saalfeld, dài 11 cm
dụng cụ lấy mụn đầu đen saalfeld, dài 14.5 cm
dụng cụ lấy mụn đầu đen schamberg, dài 9.5 cm
dụng cụ lấy mụn đầu đenkatsch, dài 16 cm
kẹp aiach, đầu 5 mm, thẳng, dài 16 cm
kẹp nâng mặt d'assumpcao, dài 16 cm
dụng cụ đánh dấu nâng mặt pitanguy, đầu 5 mm, dài 16 cm
kéo dành cho khâu và mô loại mảnh, thẳng, mũi nhọn, dài 11 cm
kéo dành cho khâu và mô loại mảnh jabaley, thẳng, dài 13 cm
kéo dành cho khâu và mô loại mảnh, cong, mũi nhọn, dài 11 cm
kéo dành cho khâu và mô loại mảnh jabaley, cong, dài 13 cm
kéo dành cho khâu và mô   iris, thẳng, dài 10.5 cm
kéo dành cho khâu và mô   iris, thẳng, dài 11.5 cm
kéo dành cho khâu và mô   micro-iris, cong, dài 9 cm
kéo dành cho khâu và mô   iris, cong, dài 10.5 cm
kéo dành cho khâu và mô   iris, cong, dài 11.5 cm
kéo phẫu tích iris, thẳng, dài 11.5 cm
kéo phẫu tích knapp, thẳng, dài 12.5 cm
kéo phẫu tích iris, cong, dài 11.5 cm
kéo phẫu tích knapp, cong, dài 12.5 cm
kéo phẫu thuật stevens, thẳng, mũi tù, dài 11.5 cm
kéo phẫu thuật stevens, cong, mũi tù, dài 11.5 cm
kéo phẫu tích mayo, thẳng, dài 14.0 cm
kéo phẫu tích mayo, thẳng, dài 17.0 cm
kéo phẫu tích mayo, cong, dài 14.0 cm
kéo phẫu tích mayo, cong, dài 17.0 cm
kéo phẫu tích lexer, thẳng, dài 16 cm
kéo phẫu tích lexer, cong, dài 16 cm
kéo phẫu tích mayo-stille, cong, dài 15 cm
kéo phẫu tích mayo-stille, cong, dài 16.5 cm
kéo phẫu tích mayo-stille, cong, dài 17 cm
kéo phẫu thuật green par, cong, dài 11.5 cm
kéo phẫu thuật ragnell-kilner, cong, dài 13 cm
kéo phẫu thuật ragnell-kilner, cong, dài 15 cm
kéo phẫu thuật ragnell-kilner, cong, dài 18 cm
kéo phẫu thuật peck-joseph, thẳng, mũi nhọn, dài 14 cm
kéo phẫu thuật peck-joseph, cong, mũi nhọn, dài 14 cm
kéo phẫu thuật peck-joseph, thẳng, mũi tù, dài 14 cm
kéo phẫu thuật peck-joseph, cong, mũi tù, dài 14 cm
kéo phẫu tích loại mảnh, thẳng, mũi nhọn, dài 14 cm
kéo phẫu tích loại mảnh, cong, mũi nhọn, dài 14 cm
kéo phẫu tích loại mảnh, cong, mũi nhọn, dài 18 cm
kéo phẫu tích metzenbaum, thẳng, dài 11.5 cm
kéo phẫu tích metzenbaum, thẳng, dài 14 cm
kéo phẫu tích metzenbaum, thẳng, dài 18 cm
kéo phẫu tích metzenbaum, thẳng, dài 20 cm
kéo phẫu tích metzenbaum, cong, dài 11.5 cm
kéo phẫu tích metzenbaum, cong, dài 14 cm
kéo phẫu tích metzenbaum, cong, dài 20 cm
kéo phẫu tích metzenbaum-nelson, thẳng, dài 23 cm
kéo phẫu tích metzenbaum-nelson, thẳng, dài 26 cm
kéo phẫu tích metzenbaum-nelson, thẳng, dài 30 cm
kéo phẫu tích metzenbaum-nelson, cong, dài 23 cm
kéo phẫu tích metzenbaum-nelson, cong, dài 26 cm
kéo phẫu tích metzenbaum-nelson, cong, dài 30 cm
kéo phẫu tích metzenbaum-fino, thẳng, dài 14 cm
kéo phẫu tích metzenbaum-fino, thẳng, dài 18 cm
kéo phẫu tích metzenbaum-fino, thẳng, dài 20 cm
kéo phẫu tích metzenbaum-fino, thẳng, dài 23 cm
kéo phẫu tích metzenbaum-fino, cong, dài 14 cm
kéo phẫu tích metzenbaum-fino, cong, dài 18 cm
kéo phẫu tích metzenbaum-fino, cong, dài 20 cm
kéo phẫu tích metzenbaum-fino, cong, dài 23 cm
kéo phẫu tích metzenbaum-fino, cong, dài 26 cm
kéo phẫu tích metzenbaum-fino, cong, dài 28.5 cm
kéo phẫu tích dáng chữ s metzenbaum, dài 18 cm
kéo phẫu tích dáng chữ s metzenbaum, dài 20 cm
kéo phẫu tích dáng chữ s metzenbaum, dài 23 cm
kéo phẫu thuật joseph, thẳng, mũi nhọn, dài 15 cm
kéo phẫu thuật joseph, cong, mũi nhọn, dài 15 cm
kéo phẫu thuật kelly, thẳng, mũi nhọn, dài 16 cm
kéo phẫu thuật kelly, cong, mũi nhọn, dài 16 cm
kéo phẫu thuật toennis, cong, dài 18 cm
kéo phẫu thuật reynolds-jameson, cong, dài 12 cm
kéo phẫu thuật reynolds-jameson, cong, dài 16 cm
kéo phẫu thuật reynolds-jameson, cong, dài 18 cm
kéo phẫu thuật stevens, cong, dài 13 cm
kéo phẫu thuật gorney, cong, dài 17 cm
kéo phẫu thuật gorney, cong, dài 19 cm
kéo phẫu thuật gorney-freeman, cong, dài 17 cm
kéo phẫu thuật gorney-freeman, gập góc, dài 23 cm
kéo phẫu thuật kaye, cong, dài 17 cm
kéo phẫu thuật kaye, cong, dài 23 cm
kéo phẫu thuật có răng fox, thẳng, dài 13 cm
kéo phẫu thuật có răng fox, cong, dài 13 cm
kéo phẫu thuật heymann, gập góc, dài 18 cm
kéo phẫu thuật aufricht, cong, mũi tù, dài 14 cm
kéo phẫu thuật fomon, cong, mũi tù, dài 12.5 cm
kéo phẫu thuật fomon, gập góc, dài 13 cm
kéo phẫu thuật cottle, gập góc, dài 16 cm
kéo phẫu thuật dean, gập góc, dài 17 cm
kéo phẫu thuật iris, thẳng, mũi nhọn, dài 11.5 cm
kéo phẫu thuật iris, cong, mũi nhọn, dài 11.5 cm
kéo phẫu tích mayo, thẳng, dài 14 cm
kéo phẫu tích mayo, thẳng, dài 17 cm
kéo phẫu tích mayo, cong, dài 14 cm
kéo phẫu tích mayo, cong, dài 17 cm
kéo phẫu thuật mayo-stille, cong, dài 15 cm
kéo phẫu thuật mayo-stille, cong, dài 17 cm
kéo phẫu tíchaquila metzenbaum, thẳng, dài 20 cm
kéo phẫu tíchaquila metzenbaum, thẳng, dài 23 cm
kéo phẫu tích hình chữ saquila metzenbaum, dài 18 cm
kéo phẫu tích hình chữ saquila metzenbaum, dài 20 cm
kéo phẫu tích hình chữ saquila metzenbaum, dài 23 cm
kéo phẫu tích kelly, thẳng, dài 16 cm
kéo phẫu tích kelly, cong, dài 16 cm
kéo phẫu thuật toennis-adson, cong, dài 18 cm
kéo phẫu tích tc gold kaye, cong, , cán vàng, dài 17 cm
kéo phẫu tích tc gold kaye, cong, , cán vàng, dài 19 cm
kéo phẫu tích tc gold kaye, cong, , cán vàng, dài 23 cm
kéo phẫu tích có răng cưa tc gold gregory, cong, cán vàng, dài 14.5 cm
kéo phẫu tích có răng cưa tc gold kaye, cong, cán vàng, dài 15 cm
kéo phẫu tích có răng cưa tc gold kaye, cong, cán vàng, dài 18 cm
kéo phẫu tích có răng cưa tc gold stella-s, cong, cán vàng, dài 18 cm
kéo phẫu tích có răng cưa tc gold gorney, cong, cán vàng, dài 17.5 cm
kéo phẫu tích có răng cưa tc gold freeman-kaye, cong, cán vàng, dài 18 cm
kéo phẫu tích có răng cưa tc gold freeman, cong, cán vàng, dài 23 cm
kẹp ruột allis-baby, 4x5, 4x5, dài 13 cm
kẹp ruột allis , 2x3, 2x3, dài 15.5 cm
kẹp ruột allis , 4x5, 4x5, dài 15.5 cm
kẹp ruột allis , 5x6, 5x6, dài 15.5 cm
kẹp ruột allis , 5x7, 5x7, dài 19 cm
kẹp ruột allis , 5x8, 5x8, dài 25.5 cm
kẹp ruột không chấn thương allis , dài 15.5 cm
kẹp ruột không chấn thương allis , dài 20 cm
kẹp ruột không chấn thương allis , dài 24.5 cm
kẹp ruột không chấn thương allis , dài 30 cm
kẹp ruột allis-adair, 11x12, 11x12, dài 16 cm
kẹp ruột boy-allis, 5x6, 5x6, dài 15.5 cm
kẹp ruột judd-allis, 3x4, 3x4, dài 15.5 cm
kẹp ruột judd-allis, 3x4, 3x4, dài 19 cm
kẹp ruột thoms-allis, 6x7, 6x7, dài 20.5 cm
kẹp ruột allis, 5x6, 5x6, dài 20 cm
kẹp ruột có lỗ lockwood, dài 20 cm
kẹp ruột có lỗ williams, dài 16.5 cm
kẹp ruột babcock, cán vàng, dài 16.5 cm
kẹp ruột babcock, cán vàng, dài 21 cm
kẹp ruột babcock, dài 15.5 cm
kẹp ruột babcock, dài 17.5 cm
kẹp ruột babcock, dài 21 cm
kẹp ruột babcock, dài 24 cm
kẹp ruột không chấn thương babcock, dài 16 cm
kẹp ruột không chấn thương babcock, dài 21 cm
kẹp ruột duval, cán vàng, dài 20.5 cm
kẹp ruột loại mảnh duval, dài 18 cm
kẹp ruột loại mảnh duval, dài 20.5 cm
kẹp ruột bản rộngkẹp ruột bản rộng, dài 20.5 cm
kẹp ruột bản rộngkẹp ruột bản rộng, dài 23 cm
kẹp ruột doyen, thẳng, dài 21.5 cm
kẹp ruột doyen, thẳng, dài 23.5 cm
kẹp ruột doyen, cong, dài 21 cm
kẹp ruột doyen, cong, dài 23 cm
kẹp ruột doyen-baby, thẳng, dài 18 cm
kẹp ruột doyen-baby, cong, dài 17.5 cm
kẹp ruột mayo-robson, thẳng, dài 21.5 cm
kẹp ruột mayo-robson, thẳng, dài 23.5 cm
kẹp ruột mayo-robson, cong, dài 21 cm
kẹp ruột mayo-robson, cong, dài 23 cm
kẹp ruột mayo-robson, thẳng, dài 25.5 cm
kẹp ruột mayo-robson, cong, dài 24.5 cm
kẹp ruột  kocher, thẳng, dài 22.5 cm
kẹp ruột kocher, thẳng, dài 25 cm
kẹp ruột kocher, thẳng, dài 28 cm
kẹp ruột kocher, cong, dài 22 cm
kẹp ruột kocher, cong, dài 24.5 cm
kẹp ruột kocher, cong, dài 27.5 cm
kẹp ruột allen-childe, thẳng,  dài 16 cm
kẹp ruột payr-baby, dài 15 cm
kẹp ruột payyr, dài 21 cm
kẹp ruột payyr, dài 29 cm
kẹp ruột payyr, dài 34 cm
kẹp ruột  de martel-wolfson, dài 65 mm
kẹp ruột  de martel-wolfson, dài 80 mm
kẹp ruột  de martel-wolfson, dài 110 mm
dụng cụ đóng kẹp  de martel-wolfson, dài 27 cm
dụng cụ giữ kẹp  de martel-wolfson, dài 9.5 cm
dụng cụ giữ kẹp  de martel-wolfson, dài 23 cm
banh môn vị benson, dài 15.5 cm
kẹp dạ dày - ruột lane, thẳng, dài 30 cm
kẹp dạ dày - ruột lane, cong, dài 30 cm
kẹp tổ chức không chấn thương scheibe, dài 18 cm
kẹp tổ chức không chấn thương scheibe, dài 20.5 cm
kẹp tổ chức không chấn thương scheibe, dài 23 cm
kẹp ruột không chấn thương doyen-baby, thẳng, dài 14 cm
kẹp ruột không chấn thương doyen-baby, thẳng, dài 17 cm
kẹp ruột không chấn thương doyen-baby, thẳng, dài 18.5 cm
kẹp ruột không chấn thương doyen-baby, thẳng, dài 21.5 cm
kẹp ruột không chấn thương doyen-baby, thẳng, dài 23.5 cm
kẹp ruột không chấn thương doyen-baby, cong, dài 13.5 cm
kẹp ruột không chấn thương doyen-baby, cong, dài 17 cm
kẹp ruột không chấn thương doyen-baby, cong, dài 18 cm
kẹp ruột không chấn thương doyen-baby, cong, dài 21 cm
kẹp ruột không chấn thương doyen-baby, cong, dài 23 cm
kẹp ruột không chấn thương mayo-robson, thẳng, dài 26 cm
kẹp ruột không chấn thương mayo-robson, cong, dài 25 cm
kẹp ruột không chấn thương kocher, dài 22.5 cm
kẹp ruột không chấn thương kocher, dài 25 cm
kẹp ruột không chấn thương kocher, dài 28 cm
kẹp ruột không chấn thương kocher, dài 22 cm
kẹp ruột không chấn thương kocher, dài 24.5 cm
kẹp ruột không chấn thương kocher, dài 27 cm
kẹp ruột không chấn thương scudder, thẳng, dài 33.5 cm
kẹp ruột không chấn thương scudder, cong, dài 32.5 cm
kẹp ruột không chấn thương dạng lưỡi lê brunnrer, dài 27 cm
kẹp trực tràng không chấn thương hayes, gập góc, dài 27 cm
kẹp trực tràng không chấn thương hayes, gập góc, dài 28 cm
kẹp trực tràng không chấn thương veidenheimer, dài 25 cm
kẹp trực tràng không chấn thương fehland, dài 24 cm
kẹp trực tràng không chấn thương resano, dài 28 cm
banh trực tràng sims, lưỡi banh 70x15 mm, dài 15.5 cm
banh trực tràng pratt, lưỡi banh 80x25 mm, dài 20 cm
ống soi hậu môn ives-fansler, đầu 22 mm, chiều dài làm việc 80 mm
banh trực tràng alan-parks, dài 14 cm
cặp lưỡi banh bên của banh trực tràng alan-parks, chiều dài làm việc 75 mm
cặp lưỡi banh bên của banh trực tràng alan-parks, chiều dài làm việc 95 mm
lưỡi banh trung tâm của banh trực tràng alan-parks, chiều dài làm việc 95 mm
ống soi cơ vòng kelly, đầu 21 mm, chiều dài làm việc 50 mm
ống soi cơ vòng kelly, đầu 27 mm, chiều dài làm việc 50 mm
kep búi trĩ mcginvey, dài 19.5 cm
kẹp sinh thiết trực tràng không chấn thương, đầu 15 mm, chiều dài làm việc 38 cm
kẹp gắp sỏi thận randall, số 1, dài 23 cm
kẹp gắp sỏi thận randall, số 2, dài 21 cm
kẹp gắp sỏi thận randall, số 3, dài 19 cm
kẹp gắp sỏi thận randall, số 4, dài 18.5 cm
kẹp gắp sỏi thận heiming, cong mạnh, dài 16 cm
kẹp gắp sỏi thận heiming, cong , dài 17 cm
que thăm ống mật bakes, đầu 1 mm, số 1, dài 32 cm
que thăm ống mật bakes, đầu 2 mm, số 2, dài 32 cm
que thăm ống mật bakes, đầu 3 mm, số 3, dài 32 cm
que thăm ống mật bakes, đầu 4 mm, số 4, dài 32 cm
que thăm ống mật bakes, đầu 5 mm, số 5, dài 32 cm
que thăm ống mật bakes, đầu 6 mm, số 6, dài 32 cm
que thăm ống mật bakes, đầu 7 mm, số 7, dài 32 cm
que thăm ống mật bakes, đầu 8 mm, số 8, dài 32 cm
que thăm ống mật bakes, đầu 9 mm, số 9, dài 32 cm
que thăm ống mật bakes, đầu 10 mm, số 10, dài 32 cm
que thăm ống mật bakes, đầu 11 mm, số 11, dài 32 cm
que thăm ống mật bakes, đầu 12 mm, số 12, dài 32 cm
que thăm ống mật bakes, đầu 13 mm, số 13, dài 32 cm
kẹp gắp sỏi mật blake, thẳng, dài 21 cm
kẹp gắp sỏi mật blake, cong, dài 20.5 cm
kẹp gắp sỏi mật mayo-blake, cong, dài 21 cm
kẹp gắp sỏi mật mixter, cong, dài 22 cm
kẹp gắp sỏi mật desjardins, số 1, dài 23 cm
kẹp gắp sỏi mật desjardins, số 2, dài 23 cm
kẹp gắp sỏi mật desjardins, cong, dài 22.5 cm
thìa nạo sỏi mật luer-körte, đầu 2.7 mm, số 000, dài 32 cm
thìa nạo sỏi mật luer-körte, đầu 3.4 mm, số 00 , dài 32 cm
thìa nạo sỏi mật luer-körte, đầu 4.3 mm, số 0, dài 32 cm
thìa nạo sỏi mật luer-körte, đầu 5.5 mm, số 1, dài 32 cm
thìa nạo sỏi mật luer-körte, đầu 6.6 mm, số 2, dài 32 cm
thìa nạo sỏi mật luer-körte, đầu 8.0 mm, số 3, dài 32 cm
thìa nạo sỏi mật luer-körte, đầu 11 mm, số 4, dài 32 cm
thìa nạo sỏi mật luer-körte, đầu 15 mm, số 5, dài 32 cm
thìa nạo sỏi mật young, dài 22 cm
banh tuyến tiền liệt young, dài 22 cm
banh tuyến tiền liệt young, dài 23 cm
kẹp tiết niệu không chấn thương millin, dài 24.5 cm
kẹp tiết niệu không chấn thương millin, dài 22.5 cm
kẹp tiết niệu millin, dài 24.5 cm
kẹp tiết niệu millin, 9x10 răng, 9x10 răng, dài 22 cm
dụng cụ mở cổ bàng quang millin, dài 29.5 cm
banh bàng quang judd-mason
banh bàng quang millin
cặp lưỡi banh dùng cho lưỡi banh trực tràng, 57x25 mm
cặp lưỡi banh dùng cho lưỡi banh trực tràng, 80x25 mm
lưỡi banh trung tâm dùng cho lưỡi banh trực tràng, 120x45 mm
nong niệu đạo van buren, đầu 8 ch, dài 27 cm
nong niệu đạo van buren, đầu 10 ch, dài 27 cm
nong niệu đạo van buren, đầu 12 ch, dài 27 cm
nong niệu đạo van buren, đầu 14 ch, dài 27 cm
nong niệu đạo van buren, đầu 16 ch, dài 27 cm
nong niệu đạo van buren, đầu 18 ch, dài 27 cm
nong niệu đạo van buren, đầu 20 ch, dài 27 cm
nong niệu đạo van buren, đầu 22 ch, dài 27 cm
nong niệu đạo van buren, đầu 24 ch, dài 27 cm
nong niệu đạo van buren, đầu 26 ch, dài 27 cm
nong niệu đạo van buren, đầu 28 ch, dài 27 cm
nong niệu đạo van buren, đầu 30 ch, dài 27 cm
nong niệu đạo van buren, đầu 32 ch, dài 27 cm
nong niệu đạo van buren, đầu 34 ch, dài 27 cm
nong niệu đạo van buren, đầu 36 ch, dài 27 cm
nong niệu đạo guyon, đầu 10 ch, dài 26.5 cm
nong niệu đạo guyon, đầu 11 ch, dài 26.5 cm
nong niệu đạo guyon, đầu 12 ch, dài 26.5 cm
nong niệu đạo guyon, đầu 13 ch, dài 26.5 cm
nong niệu đạo guyon, đầu 14 ch, dài 26.5 cm
nong niệu đạo guyon, đầu 15 ch, dài 26.5 cm
nong niệu đạo guyon, đầu 16 ch, dài 26.5 cm
nong niệu đạo guyon, đầu 17 ch, dài 26.5 cm
nong niệu đạo guyon, đầu 18 ch, dài 26.5 cm
nong niệu đạo guyon, đầu 19 ch, dài 26.5 cm
nong niệu đạo guyon, đàu 20 ch, dài 26.5 cm
nong niệu đạo guyon, đầu 21 ch, dài 26.5 cm
nong niệu đạo guyon, đầu 22 ch, dài 26.5 cm
nong niệu đạo guyon, đầu 23 ch, dài 26.5 cm
nong niệu đạo guyon, đầu 24 ch, dài 26.5 cm
nong niệu đạo guyon, đầu 25 ch, dài 26.5 cm
nong niệu đạo guyon, đầu 26 ch, dài 26.5 cm
nong niệu đạo guyon, đầu 27 ch, dài 26.5 cm
nong niệu đạo guyon, đầu 28 ch, dài 26.5 cm
nong niệu đạo guyon, đầu 29 ch, dài 26.5 cm
nong niệu đạo guyon, đầu 30 ch, dài 26.5 cm
ống thông dành cho phụ nữ, đầu 12 ch, cong, dài 15 cm
ống thông dành cho phụ nữ, đầu 14 ch, cong, dài 15 cm
dụng cụ chụp niệu đạo, đầu 8 mm
dụng cụ chụp niệu đạo, đầu 11 mm
dụng cụ chụp niệu đạo, đầu 13 mm
dụng cụ chụp niệu đạo, đầu 16 mm
dụng cụ chụp niệu đạo, đầu 21 mm
dụng cụ chụp niệu đạo, đầu 26 mm
dụng cụ chụp niệu đạo, đầu 32 mm
dụng cụ chụp niệu đạo mogen, dài 7.5 cm
kẹp gắp dị vật mathieu, mũi nhọn, dài 20 cm
kẹp gắp dị vật mathieu, mũi nhọn, dài 30 cm
kẹp dương vật stockmann, dài 8 cm
kẹp dương vật strauss, dài 11 cm
banh âm đạo cusco, 75x32 mm
banh âm đạo cusco, 85x37 mm
banh âm đạo cusco, 100x35 mm
banh âm đạo cusco, 75x18 mm
banh âm đạo cusco, 90x22 mm
banh âm đạo cusco, 100x25 mm
banh âm đạo cusco, 105x27 mm
banh âm đạo cusco, 75x34 mm
banh âm đạo cusco, 100x37 mm
banh âm đạo collin, 86x30 mm
banh âm đạo collin, 100x35 mm
banh âm đạo collin, 110x40 mm
banh âm đạo pederson, 75x13 mm
banh âm đạo pederson, 100x24 mm
banh âm đạo pederson, 120x26 mm
banh âm đạo grave, 75x20 mm
banh âm đạo grave, 95x35 mm
banh âm đạo grave, 115x35 mm
banh âm đạo guttmann, 90x35 mm
banh âm đạo sims, lưỡi banh 65x25/70x30 mm
banh âm đạo sims, lưỡi banh 70x30/80x35 mm
banh âm đạo sims, lưỡi banh 85x35/90x40 mm
banh âm đạo jackson, lưỡi banh 75x38 mm
banh âm đạo jackson, lưỡi banh 90x38 mm
banh âm đạo jackson, lưỡi banh 100x38 mm
banh âm đạo kristeller, lưỡi banh 70x27 mm
banh âm đạo kristeller, lưỡi banh 80x30 mm
banh âm đạo kristeller, lưỡi banh 90x36 mm
banh âm đạo kristeller, lưỡi banh 75x23 mm
banh âm đạo kristeller, lưỡi banh 85x26 mm
banh âm đạo kristeller, lưỡi banh 100x32 mm
banh âm đạo kristeller, số 1
banh âm đạo kristeller, số 2
banh âm đạo kristeller, số 3
banh âm đạo kristeller, lưỡi banh 105x18 mm
banh âm đạo kristeller, lưỡi banh 110x21 mm
banh âm đạo kristeller, lưỡi banh 110x14 mm
banh âm đạo kristeller, lưỡi banh 115x17 mm
banh âm đạo kristeller, lưỡi banh 105x26 mm
banh âm đạo kristeller, lưỡi banh 105x28 mm
banh âm đạo kristeller, lưỡi banh 105x33 mm
banh âm đạo kristeller, lưỡi banh 115x22 mm
banh âm đạo kristeller, lưỡi banh 115x24 mm
banh âm đạo kristeller, lưỡi banh 115x29 mm
banh âm đạo kristeller, lưỡi banh 110x28 mm
banh âm đạo kristeller, lưỡi banh 110x30 mm
banh âm đạo kristeller, lưỡi banh 110x36 mm
banh âm đạo kristeller, lưỡi banh 115x23 mm
banh âm đạo kristeller, lưỡi banh 115x26 mm
banh âm đạo kristeller, lưỡi banh 115x32 mm
banh âm đạo kallmorgen, lưỡi banh 70x40 mm
banh âm đạo kallmorgen, lưỡi banh 90x40 mm
banh âm đạo, lưỡi banh 70x37 mm
banh âm đạo, lưỡi banh 90x37 mm
banh âm đạo, số 1
banh âm đạo, số 2
kéo phẫu thuật âm đạo doyen, lưỡi banh 58x35 mm
kéo phẫu thuật âm đạo doyen, lưỡi banh 88x35 mm
kéo phẫu thuật âm đạo doyen, lưỡi banh 118x35 mm
kéo phẫu thuật âm đạo doyen, lưỡi banh 60x47 mm
kéo phẫu thuật âm đạo doyen, lưỡi banh 78x47 mm
kéo phẫu thuật âm đạo doyen, lưỡi banh 120x47 mm
kéo phẫu thuật âm đạo doyen, lưỡi banh 165x47 mm
kéo phẫu thuật âm đạo doyen, lưỡi banh 55x60 mm
kéo phẫu thuật âm đạo doyen, lưỡi banh 85x60 mm
kéo phẫu thuật âm đạo doyen, lưỡi banh 115x60 mm
banh âm đạo doyen, lưỡi banh 160x60 mm
banh âm đạo doyen, lưỡi banh 200x60 mm
bộ banh âm đạo hoàn chỉnh scherbak
lưỡi banh âm đạo scherbak, lưỡi banh 80x30 mm
lưỡi banh âm đạo scherbak, lưỡi banh 85x35 mm
lưỡi banh âm đạo scherbak, lưỡi banh 90x40 mm
quả cân cho banh âm đạo, 400 gram, dài 10.5 cm
quả cân cho banh âm đạo, 800 gram, dài 13 cm
tay cầm cho bộ banh âm đạo, dài 20 cm
banh âm đạo auvard, lưỡi banh 75x43 mm, dài 23.5 cm
banh âm đạo weissbarth, lưỡi banh 80x42 mm, dài 21 cm
lưới lọc
banh âm đạo breisky, lưỡi banh 100x20 mm, dài 29.5 cm
banh âm đạo breisky, lưỡi banh 100x25 mm, dài 29.5 cm
banh âm đạo breisky, lưỡi banh 100x30 mm, dài 29.5 cm
banh âm đạo breisky, lưỡi banh 100x35 mm, dài 29.5 cm
banh âm đạo breisky, lưỡi banh 100x40 mm, dài 29.5 cm
banh âm đạo breisky, lưỡi banh 130x20 mm, dài 32 cm
banh âm đạo breisky, lưỡi banh 130x25 mm, dài 32 cm
banh âm đạo breisky, lưỡi banh 130x30 mm, dài 32 cm
banh âm đạo breisky, lưỡi banh 130x35 mm, dài 32 cm
banh âm đạo breisky, lưỡi banh 130x40 mm, dài 32 cm
banh âm đạo breisky, lưỡi banh 160x40 mm, dài 35 cm
banh âm đạo, lưỡi banh 70x30 mm, dài 25 cm
dụng cụ banh cổ tử cung kogan, dài 24.5 cm
que nong cổ tử cung hegar, đầu 1 mm, dài 18.5 cm
que nong cổ tử cung hegar, đầu 2 mm, dài 18.5 cm
que nong cổ tử cung hegar, đầu 3 mm, dài 18.5 cm
que nong cổ tử cung hegar, đầu 4 mm, dài 18.5 cm
que nong cổ tử cung hegar, đầu 5 mm, dài 18.5 cm
que nong cổ tử cung hegar, đầu 6 mm, dài 18.5 cm
que nong cổ tử cung hegar, đầu 7 mm, dài 18.5 cm
que nong cổ tử cung hegar, đầu 8 mm, dài 18.5 cm
que nong cổ tử cung hegar, đầu 9 mm, dài 18.5 cm
que nong cổ tử cung hegar, đầu 10 mm, dài 18.5 cm
que nong cổ tử cung hegar, đầu 11 mm, dài 18.5 cm
que nong cổ tử cung hegar, đầu 12 mm, dài 18.5 cm
que nong cổ tử cung hegar, đầu 13 mm, dài 18.5 cm
que nong cổ tử cung hegar, đầu 14 mm, dài 18.5 cm
que nong cổ tử cung hegar, đầu 15 mm, dài 18.5 cm
que nong cổ tử cung hegar, đầu 16 mm, dài 18.5 cm
que nong cổ tử cung hegar, đầu 17 mm, dài 18.5 cm
que nong cổ tử cung hegar, đầu 18 mm, dài 18.5 cm
que nong cổ tử cung hegar, đầu 19 mm, dài 18.5 cm
que nong cổ tử cung hegar, đầu 20 mm, dài 18.5 cm
que nong cổ tử cung hegar, đầu 21 mm, dài 18.5 cm
que nong cổ tử cung hegar, đầu 22 mm, dài 18.5 cm
que nong cổ tử cung hegar, đầu 23 mm, dài 18.5 cm
que nong cổ tử cung hegar, đầu 24 mm, dài 18.5 cm
que nong cổ tử cung hegar, đầu 25 mm, dài 18.5 cm
que nong cổ tử cung hegar, đầu 26 mm, dài 18.5 cm
que nong cổ tử cung hegar, đầu 1.5 mm, dài 18.5 cm
que nong cổ tử cung hegar, đầu 2.5 mm, dài 18.5 cm
que nong cổ tử cung hegar, đầu 3.5 mm, dài 18.5 cm
que nong cổ tử cung hegar, đầu 4.5 mm, dài 18.5 cm
que nong cổ tử cung hegar, đầu 5.5 mm, dài 18.5 cm
que nong cổ tử cung hegar, đầu 6.5 mm, dài 18.5 cm
que nong cổ tử cung hegar, đầu 7.5 mm, dài 18.5 cm
que nong cổ tử cung hegar, đầu 8.5 mm, dài 18.5 cm
que nong cổ tử cung hegar, đầu 9.5 mm, dài 18.5 cm
que nong cổ tử cung hegar, đầu 10.5 mm, dài 18.5 cm
que nong cổ tử cung hegar, đầu 11.5 mm, dài 18.5 cm
que nong cổ tử cung hegar, đầu 12.5 mm, dài 18.5 cm
que nong cổ tử cung hegar, đầu 13.5 mm, dài 18.5 cm
que nong cổ tử cung hegar, đầu 14.5 mm, dài 18.5 cm
que nong cổ tử cung hegar, đầu 15.5 mm, dài 18.5 cm
que nong cổ tử cung hegar, đầu 16.5 mm, dài 18.5 cm
que nong cổ tử cung hegar, đầu 17.5 mm, dài 18.5 cm
que nong cổ tử cung 2 đầu hegar, đầu 1/2 mm, dài 20 cm
que nong cổ tử cung 2 đầu hegar, đầu 3/4 mm, dài 20 cm
que nong cổ tử cung 2 đầu hegar, đầu 5/6 mm, dài 20 cm
que nong cổ tử cung 2 đầu hegar, đầu 7/8 mm, dài 20 cm
que nong cổ tử cung 2 đầu hegar, đầu 9/10 mm, dài 20 cm
que nong cổ tử cung 2 đầu hegar, đầu 11/12 mm, dài 20 cm
que nong cổ tử cung 2 đầu hegar, đầu 13/14 mm, dài 20 cm
que nong cổ tử cung 2 đầu hegar, đầu 15/16 mm, dài 20 cm
que nong cổ tử cung 2 đầu hegar, đầu 17/18 mm, dài 20 cm
que nong cổ tử cung 2 đầu hegar, đầu 19/20 mm, dài 20 cm
que nong cổ tử cung 2 đầu hegar, đầu 21/22 mm, dài 20 cm
que nong cổ tử cung 2 đầu hegar, đầu 23/24 mm, dài 20 cm
que nong cổ tử cung 2 đầu hegar, đầu 25/26 mm, dài 20 cm
que nong cổ tử cung 2 đầu hegar
que nong cổ tử cung hank, đầu 4.5/5 mm, dài 26.5 cm
que nong cổ tử cung hank, đầu 5.5/6 mm, dài 26.5 cm
que nong cổ tử cung hank, đầu 6.5/7 mm, dài 26.5 cm
que nong cổ tử cung hank, đầu 7.5/8 mm, dài 26.5 cm
que nong cổ tử cung hank, đầu 8.5/9 mm, dài 26.5 cm
que nong cổ tử cung hank, đầu 9.5/10 mm, dài 26.5 cm
que nong cổ tử cung hank
que nong cổ tử cung sims, dài 33 cm
que nong cổ tử cung, dài 27 cm
dụng cụ đè tử cung braun, dài 27 cm
kẹp phẫu tích tử cung schrorder, 1x1, 1x1, dài 25.5 cm
kẹp phẫu tích tử cung braun, 1x1, 1x1, dài 26 cm
kẹp phẫu tích tử cung hình chữ s duplay, dài 28 cm
dao rạch ối beacham, dài 26 cm
kẹp phẫu tích tử cung skene, 1x1, 1x1, cong, dài 24 cm
kẹp phẫu tích tử cung schröder, 2x2, 2x2, thẳng, dài 25 cm
kẹp phẫu tích tử cung schröder, 2x2, 2x2, cong, dài 25 cm
kẹp phẫu tích tử cung teale, 4x5, 4x5, cong, dài 23 cm
kẹp phẫu tích tử cung iowa, 5x6, 5x6, cong, dài 26 cm
kẹp phẫu tích tử cung museux, 2x2, 2x2, đầu 7 mm, dài 24 cm
kẹp phẫu tích tử cung museux, 2x2, 2x2, đầu 9 mm, dài 24 cm
kẹp phẫu tích tử cung museux, 2x2, 2x2, đầu 10 mm, dài 24 cm
kẹp phẫu tích tử cung jacobs, 2x2, 2x2, thẳng, dài 21 cm
kẹp phẫu tích tử cung, 4x4, 4x4, dài 26.5 cm
kẹp phẫu tích tử cung braun, 4x4, 4x4, dài 16 cm
kẹp phẫu tích tử cung czerny, 4x4, 4x4, dài 21 cm
kẹp gắp tử cung kelly, dài 31.5 cm
kẹp gắp tử cung noto, dài 27 cm
kẹp gắp tử cung heywood-smith, dài 26 cm
dụng cụ xoắn u cơ tử cung doyen, đầu 15 mm, dài 17 cm
dụng cụ xoắn u cơ tử cung doyen, đầu 25 mm, dài 17 cm
dao cắt u xơ tử cung segond, đầu 13 mm, dài 28 cm
kẹp nâng tử cung dartigues, dài 27 cm
kẹp nâng tử cung somer, cong, dài 22.5 cm
kẹp nâng tử cung collin, dài 26 cm
móc rò emmet, số 3, gập góc, dài 23 cm
móc rò simon, 1 răng, dài 21.5 cm
dụng cụ nạo   novak, đầu 4 mm, dài 24.5 cm
dụng cụ nạo sinh thiết tử cung kevorkian, dài 30 cm
dụng cụ nạo sinh thiết tử cung mod. münchen, dài 27 cm
kẹp sinh thiết tử cung gellhorn, dài 24 cm
kẹp sinh thiết tử cung faure, dài 21 cm
kẹp sinh thiết tử cung schubert, dài 21.5 cm
kẹp sinh thiết tử cung schubert, dài 28 cm
kẹp sinh thiết tử cung thoms-gaylor, dài 21 cm
kẹp sinh thiết tử cung thoms-gaylor, dài 24 cm
kẹp sinh thiết tử cung schubert, dài 24 cm
kẹp sinh thiết tử cung van doren, dài 27 cm
kẹp sinh thiết tử cung van doren, dài 25.5 cm
kẹp sinh thiết tử cung alexander, dài 28 cm
kẹp sinh thiết tử cung kevorkian, dài 25 cm
kẹp sinh thiết tử cung schumacher, dài 24 cm
kẹp sinh thiết tử cung schumacher
đầu kẹp sinh thiết tử cung schumacher
kẹp tháo vòng tránh thai, đầu 3.0 mm, dài 27 cm
kẹp tháo vòng tránh thai, đầu 3.0 mm, dài 32 cm
nạo tử cung simon, số 1, dài 23 cm
nạo tử cung simon, số 2, dài 23.5 cm
nạo tử cung simon, số 3, dài 24 cm
nạo tử cung simon, số 4, dài 24 cm
nạo tử cung simon, số 5, dài 24 cm
nạo tử cung simon, số 6, dài 24 cm
nạo tử cung schroeder, số 1, dài 30 cm
nạo tử cung schroeder, số 2, dài 30 cm
nạo tử cung schroeder, số 3, dài 30 cm
nạo tử cung schroeder, số 4, dài 30 cm
nạo tử cung schroeder, số 5, dài 30 cm
nạo tử cung schroeder, số 6, dài 30 cm
nạo tử cung 2 đầu blake, đầu 8/13 mm, mũi nhọn/tù, dài 27.5 cm
nạo tử cung, đầu 5 mm, mũi nhọn, cứng, dài 30 cm
nạo tử cung, đầu 6 mm, mũi nhọn, cứng, dài 30.5 cm
nạo tử cung, đầu 7 mm, mũi nhọn, cứng, dài 30.5 cm
nạo tử cung, đầu 8 mm, mũi nhọn, cứng, dài 30.5 cm
nạo tử cung, đầu 9 mm, mũi nhọn, cứng, dài 31 cm
nạo tử cung, đầu 11 mm, mũi nhọn, cứng, dài 31 cm
nạo tử cung, đầu 12 mm, mũi nhọn, cứng, dài 31.5 cm
nạo tử cung, đầu 14 mm, mũi nhọn, cứng, dài 31.5 cm
nạo tử cung, đầu 15 mm, mũi nhọn, cứng, dài 32 cm
nạo tử cung, đầu 16 mm, mũi nhọn, cứng, dài 32 cm
nạo tử cung, đầu 19 mm, mũi nhọn, cứng, dài 32 cm
nạo tử cung, đầu 20 mm, mũi nhọn, cứng, dài 32 cm
nạo tử cung, đầu 21 mm, mũi nhọn, cứng, dài 32 cm
nạo tử cung, đầu 23 mm, mũi nhọn, cứng, dài 32 cm
nạo tử cung, đầu 25 mm, mũi nhọn, cứng, dài 34 cm
nạo tử cung, đầu 30 mm, mũi nhọn, cứng, dài 34.5 cm
nạo tử cung, đầu 35 mm, mũi nhọn, cứng, dài 34.5 cm
nạo tử cung, đầu 40 mm, mũi nhọn, cứng, dài 35 cm
nạo tử cung recamier, đầu 5 mm, mũi nhọn, dẻo, dài 30 cm
nạo tử cung recamier, đầu 6 mm, mũi nhọn, dẻo, dài 30 cm
nạo tử cung recamier, đầu 7 mm, mũi nhọn, dẻo, dài 30.5 cm
nạo tử cung recamier, đầu 8 mm, mũi nhọn, dẻo, dài 30.5 cm
nạo tử cung recamier, đầu 9 mm, mũi nhọn, dẻo, dài 31 cm
nạo tử cung recamier, đầu 11 mm, mũi nhọn, dẻo, dài 31.5 cm
nạo tử cung recamier, đầu 12 mm, mũi nhọn, dẻo, dài 31.5 cm
nạo tử cung recamier, đầu 14 mm, mũi nhọn, dẻo, dài 31.5 cm
nạo tử cung recamier, đầu 15 mm, mũi nhọn, dẻo, dài 32 cm
nạo tử cung recamier, đầu 16 mm, mũi nhọn, dẻo, dài 32 cm
nạo tử cung recamier, đầu 19 mm, mũi nhọn, dẻo, dài 32 cm
nạo tử cung recamier, đầu 20 mm, mũi nhọn, dẻo, dài 32 cm
nạo tử cung recamier, đầu 21 mm, mũi nhọn, dẻo, dài 32 cm
nạo tử cung recamier, đầu 23 mm, mũi nhọn, dẻo, dài 32 cm
nạo tử cung recamier, đầu 25 mm, mũi nhọn, dẻo, dài 34 cm
nạo tử cung recamier, đầu 30 mm, mũi nhọn, dẻo, dài 34.5 cm
nạo tử cung recamier, đầu 35 mm, mũi nhọn, dẻo, dài 34.5 cm
nạo tử cung recamier, đầu 40 mm, mũi nhọn, dẻo, dài 35 cm
nạo tử cung greene, đầu 10 mm, dài 28 cm
nạo tử cung greene, đầu 12 mm, dài 28 cm
nạo tử cung greene, đầu 14 mm, dài 28 cm
nạo tử cung sims, đầu 5 mm, mũi tù, cứng, dài 30 cm
nạo tử cung sims, đầu 6 mm, mũi tù, cứng, dài 30.5 cm
nạo tử cung sims, đầu 7 mm, mũi tù, cứng, dài 30.5 cm
nạo tử cung sims, đầu 8 mm, mũi tù, cứng, dài 30.5 cm
nạo tử cung sims, đầu 9 mm, mũi tù, cứng, dài 31 cm
nạo tử cung sims, đầu 11 mm, mũi tù, cứng, dài 31 cm
nạo tử cung sims, đầu 12 mm, mũi tù, cứng, dài 31 cm
nạo tử cung sims, đầu 14 mm, mũi tù, cứng, dài 31 cm
nạo tử cung sims, đầu 15 mm, mũi tù, cứng, dài 31 cm
nạo tử cung sims, đầu 16 mm, mũi tù, cứng, dài 31 cm
nạo tử cung sims, đầu 19 mm, mũi tù, cứng, dài 31 cm
nạo tử cung sims, đầu 20 mm, mũi tù, cứng, dài 31 cm
nạo tử cung sims, đầu 21 mm, mũi tù, cứng, dài 31 cm
nạo tử cung sims, đầu 23 mm, mũi tù, cứng, dài 31 cm
nạo tử cung sims, đầu 25 mm, mũi tù, cứng, dài 33.5 cm
nạo tử cung sims, đầu 30 mm, mũi tù, cứng, dài 33.5 cm
nạo tử cung sims, đầu 35 mm, mũi tù, cứng, dài 34.5 cm
nạo tử cung sims, đầu 40 mm, mũi tù, cứng, dài 35.5 cm
nạo tử cung sims, đầu 5 mm, mũi tù, dẻo, dài 30 cm
nạo tử cung sims, đầu 6 mm, mũi tù, dẻo, dài 30.5 cm
nạo tử cung sims, đầu 7 mm, mũi tù, dẻo, dài 30.5 cm
nạo tử cung sims, đầu 8 mm, mũi tù, dẻo, dài 30.5 cm
nạo tử cung sims, đầu 9 mm, mũi tù, dẻo, dài 31 cm
nạo tử cung sims, đầu 11 mm, mũi tù, dẻo, dài 31 cm
nạo tử cung sims, đầu 12 mm, mũi tù, dẻo, dài 31.5 cm
nạo tử cung sims, đầu 14 mm, mũi tù, dẻo, dài 31.5 cm
nạo tử cung sims, đầu 15 mm, mũi tù, dẻo, dài 32 cm
nạo tử cung sims, đầu 16 mm, mũi tù, dẻo, dài 31 cm
nạo tử cung sims, đầu 19 mm, mũi tù, dẻo, dài 31 cm
nạo tử cung sims, đầu 20 mm, mũi tù, dẻo, dài 31 cm
nạo tử cung sims, đầu 21 mm, mũi tù, dẻo, dài 31 cm
nạo tử cung sims, đầu 23 mm, mũi tù, dẻo, dài 33 cm
nạo tử cung sims, đầu 25 mm, mũi tù, dẻo, dài 33.5 cm
nạo tử cung sims, đầu 30 mm, mũi tù, dẻo, dài 34 cm
nạo tử cung sims, đầu 35 mm, mũi tù, dẻo, dài 34.5 cm
nạo tử cung sims, đầu 40 mm, mũi tù, dẻo, dài 35.5 cm
nạo tử cung, đầu 3.0 mm, dài 29 cm
nạo tử cung, đầu 4.5 mm, dài 29 cm
nạo tử cung, đầu 6.0 mm, dài 29 cm
nạo tử cung, đầu 8.0 mm, dài 29 cm
nạo tử cung, đầu 10.0 mm, dài 29 cm
nạo tử cung, đầu 12.0 mm, dài 29 cm
nạo tử cung, đầu 14.0 mm, dài 29 cm
mảnh nối, gập góc, dài 11 cm
thước đo chậu bằng inches và cm, dài 35 cm
kẹp sinh sản naegele, dài 36.5 cm
kẹp sinh sản naegele, dài 40.5 cm
kẹp sinh sản simpson, dài 30.5 cm
kẹp sinh sản wrigley, dài 28 cm
kẹp sinh sản simpson, dài 36.5 cm
kẹp sinh sản kielland, dài 41 cm
kẹp sinh sản piper, dài 44.5 cm
kẹp cầm máu green-armytage, dài 21 cm
cần đỡ sinh sellheim, dài 32 cm
kẹp lấy trứng saenger, thẳng, dài 27.5 cm
kẹp lấy trứng saenger, cong, dài 27 cm
kẹp lấy trứng winter, số 1, thẳng, dài 28 cm
kẹp lấy trứng winter, số 2, thẳng, dài 28 cm
kẹp lấy trứng winter, số 1, cong, dài 28 cm
kẹp lấy trứng winter, số 2, cong, dài 28 cm
dao nạo trứng cuzzi, đầu 17 mm, dài 30 cm
dao nạo trứng cuzzi, đầu 20 mm, dài 30 cm
dao nạo trứng cuzzi, đầu 23 mm, dài 30 cm
dao nạo trứng pestalozza, dài 30.5 cm
kẹp dây rốn collin, dài 8.5 cm
thước đo castroviejp-epker, cong
dụng cụ dò hình trụ bowman, số 00/0
dụng cụ dò hình trụ bowman, số 0/1
dụng cụ dò hình trụ bowman, số 1/2
dụng cụ dò hình trụ bowman, số 2/3
dụng cụ dò hình trụ bowman, số 3/4
dụng cụ dò hình trụ bowman, số 4/5
dụng cụ dò hình trụ bowman, số 5/6
dụng cụ dò hình trụ bowman, số 6/7
dụng cụ dò hình trụ bowman, số 7/8
dụng cụ dò có nút bowman, số 00/0
dụng cụ dò có nút bowman, số 0/1
dụng cụ dò có nút bowman, số 1/2
dụng cụ dò có nút bowman, số 2/3
dụng cụ dò có nút bowman, số 3/4
dụng cụ dò có nút bowman, số 4/5
dụng cụ dò có nút bowman, số 5/6
dụng cụ dò có nút bowman, số 6/7
dụng cụ dò có nút bowman, số 7/8
kẹp castroviejo, đầu 0.9 mm, dài 10.5 cm
kẹp tai vi mô, đầu 4x0.8 mm, thẳng
kẹp tai vi mô, đầu 4x0.8 mm, thẳng, mềm
kẹp tai vi mô, đầu 4x0.8 mm, cong lên
kẹp tai vi mô, đầu 4x0.8 mm, bên phải
kẹp tai vi mô, đầu 4x0.8 mm, bên trái
kẹp dáng mõm cá sấu loại mềm mini-mcgee
kẹp dáng mõm cá sấu có răng cưa mini-mcgee
kẹp tai vi mô, đầu 4x0.6 mm, thẳng
kẹp tai vi mô, đầu 4x0.6 mm, thẳng, mềm
kẹp vi mô hình chén, đầu 4x0.9 mm, thẳng
kẹp vi mô hình chén, đầu 4x0.9 mm, cong
kẹp vi mô hình chén, đầu 4x0.9 mm
kẹp vi mô hình chén mini-mcgee, đầu 3.5x0.5 mm, thẳng
kẹp vi mô hình chén mini-mcgee, đầu 3.5x0.7 mm, thẳng
kẹp vi mô hình chén mini-mcgee, đầu 3.5x0.5 mm, cong
kẹp vi mô hình chén mini-mcgee, đầu 3.5x0.7 mm, cong
kẹp vi mô hình chén mini-mcgee, đầu 3.5x0.5 mm
kẹp vi mô hình chén mini-mcgee, đầu 3.5x0.7 mm
kéo vi mô dành cho tai bellucci, đầu 4 mm, thẳng
kéo vi mô dành cho tai bellucci, đầu 4 mm, cong
kéo vi mô dành cho tai bellucci, đầu 4 mm
kéo vi mô dành cho tai wullstein, đầu 4 mm, thẳng
kéo vi mô dành cho tai wullstein, đầu 4 mm, cong lên
kéo vi mô dành cho tai wullstein, đầu 4 mm
kẹp đóng dây mcgee, đầu 3.5x0.8 mm
kẹp đóng dây mcgee, đầu 6x0.8 mm
kìm nắn xương house-dieter, đầu 1.3 mm
kìm nắn xương house-dieter, đầu 1.5 mm
kẹp giới thiệu fuller
dao lưỡi liềm schuknecht, gập góc, dài 15.5 cm
dao lưỡi liềm wullstein, thẳng, dài 15.5 cm
dao cắt niêm mạc tabb, dài 15.5 cm
dao cắt vạt plester, đầu 2.5 mm, dài 15 cm
dao cắt tròn rosen, đầu 3 mm, dài 15 cm
dao cắt tròn rosen, đầu 2.8 mm, dài 15 cm
dao cắt tròn rosen, đầu 2.6 mm, dài 15 cm
dao cắt tròn rosen, đầu 2.0 mm, dài 15 cm
dao cắt tròn rosen, đầu 1.6 mm, dài 15 cm
dao cắt tròn rosen, đầu 1.4 mm, dài 15 cm
dao cắt tròn rosen, đầu 1.0 mm, dài 15 cm
kim barbara, thẳng, dài 16 cm
kim barbara, cong, mũi tù, dài 16 cm
kim barbara, cong nhẹ, dài 16 cm
kim rosen, cong mạnh, dài 16 cm
móc nhỏ barbara, đầu 0.3 mm, 25°, dài 16 cm
móc nhỏ barbara, đầu 0.6 mm, 25°, dài 16 cm
móc nhỏ barbara, đầu 1.0 mm, 25°, dài 16 cm
móc nhỏ barbara, đầu 0.3 mm, 45°, dài 16 cm
móc nhỏ barbara, đầu 0.6 mm, 45°, dài 16 cm
móc nhỏ barbara, đầu 1.0 mm, 45°, dài 16 cm
móc nhỏ barbara, đầu 1.2 mm, 45°, dài 16 cm
móc nhỏ barbara, đầu 1.5 mm, 45°, dài 16 cm
móc nhỏ barbara, đầu 2.0 mm, 45°, dài 16 cm
móc nhỏ barbara, đầu 2.5 mm, 45°, dài 16 cm
móc nhỏ barbara, đầu 0.3 mm, 90°, dài 16 cm
móc nhỏ barbara, đầu 0.6 mm, 90°, dài 16 cm
móc nhỏ barbara, đầu 1.0 mm, 90°, dài 16 cm
móc nhỏ barbara, đầu 1.2 mm, 90°, dài 16 cm
móc nhỏ barbara, đầu 1.5 mm, 90°, dài 16 cm
móc nhỏ barbara, đầu 2.0 mm, 90°, dài 16 cm
móc nhỏ barbara, đầu 2.5 mm, 90°, dài 16 cm
móc nhỏ barbara, đầu 0.5 mm, cong, dài 16 cm
móc nhỏ barbara, đầu 1.0 mm, cong, dài 16 cm
móc nhỏ, đầu 0.3 mm, 90°, cong lên, dài 15.5 cm
móc nhỏ, đầu 0.6 mm, 90°, cong lên, dài 15.5 cm
móc nhỏ, đầu 1.0 mm, 90°, cong lên, dài 15.5 cm
móc nhỏ, đầu 0.3 mm, 90°, cong xuống, dài 15.5 cm
móc nhỏ, đầu 0.6 mm, 90°, cong xuống, dài 15.5 cm
móc nhỏ, đầu 1.0 mm, 90°, cong xuống, dài 15.5 cm
móc nhỏ mcgee, đầu 0.5 mm, cong lên, dài 15.5 cm
móc nhỏ mcgee, đầu 1.0 mm, cong lên, dài 15.5 cm
móc nhỏ mcgee, đầu 0.5 mm, cong xuống, dài 15.5 cm
móc nhỏ mcgee, đầu 1.0 mm, cong xuống, dài 15.5 cm
kim barbara, gập góc, dài 15.5 cm
kim barbara, gập góc, cong, dài 15.5 cm
móc vi mô dành cho tai, đầu 0.3 mm, 25°, dài 15 cm
móc vi mô dành cho tai, đầu 0.6 mm, 25°, dài 15 cm
móc vi mô dành cho tai shambaugh, đầu 1.0 mm, dài 15 cm
móc vi mô dành cho tai, đầu 0.3 mm, 45°, dài 15 cm
móc vi mô dành cho tai, đầu 0.6 mm, 45°, dài 15 cm
móc thăm dò shea, đầu 2.0 mm, 45°, dài 15 cm
dao tách austin, đầu 3.0 mm, dài 15 cm
dao tách fisch, cong phải, dài 15 cm
dao tách fisch, cong trái, dài 15 cm
dao tách fisch, gập góc phải, dài 15.5 cm
dao tách fisch, gập góc trái, dài 15.5 cm
dụng cụ nạo vi phẫu rosen, đầu 1.2 mm, cong, dài 15 cm
dụng cụ đo thăm dò house, chiều dài làm việc 3.5 mm, dài 15.5 cm
dụng cụ đo thăm dò house, chiều dài làm việc 4 mm, dài 15.5 cm
dụng cụ đo thăm dò house, chiều dài làm việc 4.5 mm, dài 15.5 cm
dụng cụ nạo tai house, đầu 1.0/1.2 mm, dài 14.5 cm
dụng cụ nạo tai house, đầu 1.5/1.8 mm, dài 14.5 cm
bộ dụng cụ soi tai hartmann, số 0 - 2
loa soi tai hartmann, đầu 3 mm, số 0, dài 3.6 cm
loa soi tai hartmann, đầu 4 mm, số 1, dài 3.6 cm
loa soi tai hartmann, đầu 5 mm, số 2, dài 3.6 cm
loa soi tai hartmann, đầu 6 mm, số 3, dài 3.6 cm
loa soi tai hartmann, đầu 7.5 mm, số 4, dài 3.6 cm
bộ loa soi tai hartmann, số 2 - 4
bộ loa soi tai hartmann, số 1 - 4
bộ loa soi tai toynbee, số 2 - 4
loa soi tai toynbee, đầu 4 mm, số 1, dài 3.6 cm
loa soi tai toynbee, đầu 5 mm, số 2, dài 3.6 cm
loa soi tai toynbee, đầu 6 mm, số 3, dài 3.6 cm
loa soi tai toynbee, đầu 7.5 mm, số 4, dài 3.6 cm
bộ loa soi tai toynbee, số 1 - 4
loa soi tai farrior, đầu 5.5 mm, số 1, dài 3.6 cm
loa soi tai farrior, đầu 6.5 mm, số 2, dài 3.6 cm
loa soi tai farrior, đầu 7.5 mm, số 3, dài 3.6 cm
loa soi tai farrior, đầu 8.5 mm, số 4, dài 3.6 cm
loa soi tai farrior, đầu 9.5 mm, số 5, dài 3.6 cm
loa soi tai farrior, đầu 10.5 mm, số 6, dài 3.6 cm
loa soi tai farrior, đầu 11.5 mm, số 7, dài 3.6 cm
khay kim loại đựng 12 loa soi tai
kẹp gắp dị vật mũi henckel-tilley, đầu 6.5 mm, dài 11 cm
ống thông eustach hartmann, số 1, dài 15 cm
ống thông eustach hartmann, số 2, dài 15 cm
ống thông eustach hartmann, số 3, dài 15 cm
dụng cụ bắt polyp tai krause, dài 18.5 cm
dụng cụ bắt polyp tai krause-voss, dài 18.5 cm
dây cắt polyp, đường kính 0.3 mm, dài 10 m
kẹp băng tai troeltsch, dài 10.5 cm
kẹp băng tai troeltsch, dài 11 cm
kẹp tai bulldog troeltsch, dài 12.5 cm
kẹp tai gruenwald, cong lưỡi lê, dài 14.5 cm
kẹp băng tai jansen, cong lưỡi lê, dài 16 cm
kẹp băng tai jansen, cong lưỡi lê, dài 21.5 cm
kẹp polyp tai hartmann, dài 12 cm
kẹp polyp tai hartmann, dài 14 cm
kẹp gắp dị vật buck, dài 11.5 cm
kẹp polyp tai hartmann-wullstein, chiều dài làm việc 8.5 cm
kẹp polyp tai hartmann, chiều dài làm việc 8.5 cm
kẹp polyp tai hartmann, chiều dài làm việc 14 cm
kẹp tai hartmann, đường kính 2 mm, chiều dài làm việc 8.5 cm
kẹp tai hartmann, đường kính 2.5 mm, chiều dài làm việc 8.5 cm
kẹp tai hartmann, đường kính 3 mm, chiều dài làm việc 8.5 cm
kẹp polyp tai hartmann, đường kính 3 mm, chiều dài làm việc 8.5 cm
kẹp polyp tai struempel, chiều dài làm việc 8.5 cm
kẹp polyp tai hartmann-hoffmann, đường kính 2 mm, chiều dài làm việc 8.5 cm
đục xương citelli, mũi 3 mm, chiều dài làm việc 7.5 cm
đục xương beyer, mũi 2 mm, chiều dài làm việc 9.5 cm
đục xương beyer, mũi 1 mm, chiều dài làm việc 9.5 cm
nạo tai shapleigh, số 1, dài 15 cm
nạo tai shapleigh, số 2, dài 15 cm
nạo tai buck, ø 2.1 mm, số 00, thẳng, tù, dài 17 cm
nạo tai buck, ø 2.6 mm, số 0, thẳng, tù, dài 17 cm
nạo tai buck, ø 3.2 mm, số 1, thẳng, tù, dài 17 cm
nạo tai buck, ø 3.7 mm, số 2, thẳng, tù, dài 17 cm
nạo tai buck, ø 1.8 mm, số 000/ cong, tù, dài 15 cm
nạo tai buck, ø 2.1 mm, số 00/ cong, tù, dài 15 cm
nạo tai buck, ø 2.6 mm, số 0/ cong, tù, dài 15 cm
nạo tai buck, ø 3.2 mm, số 1, cong, tù, dài 15 cm
nạo tai buck, ø 3.7 mm, số 2, cong, tù, dài 15 cm
nạo tai buck, ø 4.1 mm, số 3, cong, tù, dài 15 cm
nạo tai buck, ø 4.4 mm, số 4, cong, tù, dài 15 cm
nạo tai buck, ø 1.8 mm, số 000/ cong, nhọn, dài 15 cm
nạo tai buck, ø 2.1 mm, số 00/ cong, nhọn, dài 15 cm
nạo tai buck, ø 2.6 mm, số 0/ cong, nhọn, dài 15 cm
nạo tai buck, ø 3.2 mm, số 1, cong, nhọn, dài 15 cm
nạo tai buck, ø 3.7 mm, số 2, cong, nhọn, dài 15 cm
nạo tai buck, ø 4.1 mm, số 3, cong, nhọn, dài 15 cm
nạo tai buck, ø 4.4 mm, số 4, cong, nhọn, dài 15 cm
nạo tai jansen, nhọn, dài 16 cm
nạo tai gross, tù, dài 12.5 cm
que lấy dị vật weber-loch, dài 16 cm
dụng cụ lấy ráy tai billeau, số 1, dài 16.5 cm
dụng cụ lấy ráy tai billeau, số 2, dài 16.5 cm
dụng cụ lấy ráy tai billeau, số 3, dài 16.5 cm
que lấy dị vật zaufal, dài 16 cm
dụng cụ móc tai hartmann, nhọn, dài 16 cm
móc thăm dò lucae, số 1, dài 14 cm
móc thăm dò lucae, số 2, dài 14 cm
móc thăm dò lucae, số 3, dài 14 cm
móc thăm dò wagener, số 1, dài 14 cm
móc thăm dò wagener, số 2, dài 14 cm
móc thăm dò wagener, số 3, dài 14 cm
móc thăm dò wagener, số 4, dài 14 cm
móc thăm dò wagener, số 5, dài 14 cm
móc thăm dò wagener, số 6/ cong, nhọn, dài 14 cm
móc thăm dò wagener, số 7/ cong, tù, dài 14 cm
dụng cụ móc tai day, dài 17 cm
dụng cụ khoan màng nhĩ politzer, thẳng, dài 17.5 cm
dụng cụ khoan màng nhĩ politzer, dài 15.5 cm
dụng cụ khoan màng nhĩ politzer, dài 16 cm
dụng cụ khoan màng nhĩ lucae, đầu 2.5 mm, dài 18 cm
dụng cụ nạo tai lempert, cong, dài 20.5 cm
dụng cụ nạo tai lempert, thẳng, dài 18 cm
dụng cụ nạo tai lempert, số 1, nhọn, dài 20 cm
dụng cụ nạo tai lempert, số 2, nhọn, dài 20 cm
dụng cụ nạo tai lempert, số 3, nhọn, dài 20 cm
dụng cụ nạo tai lempert, số 4, nhọn, dài 20 cm
dụng cụ nạo tai lempert, số 5, nhọn, dài 20 cm
dụng cụ banh mũi goldsmith, lưỡi banh 18.5 x 9.5 mm, số 1, dài 6.5 cm
dụng cụ banh mũi goldsmith, lưỡi banh 21.0 x 10.5 mm, số 2, dài 6.5 cm
dụng cụ banh mũi goldsmith, lưỡi banh 21.0 x 11.5 mm, số 3, dài 6.5 cm
dụng cụ banh mũi hartmann-halle, số 1, chiều dài lưỡi banh 27 mm, dài 16 cm
dụng cụ banh mũi hartmann-halle, số 2, chiều dài lưỡi banh 31 mm, dài 16 cm
dụng cụ banh mũi hartmann-halle, số 3, chiều dài lưỡi banh 35 mm, dài 16 cm
dụng cụ banh mũi dành cho trẻ em martin, chiều dài lưỡi banh 17 mm, dài 13 cm
dụng cụ banh mũi tieck-halle, chiều dài lưỡi banh 16 mm, dài 13 cm
dụng cụ banh mũi killian, số 1, chiều dài lưỡi banh 35 mm, dài 14 cm
dụng cụ banh mũi killian, số 2, chiều dài lưỡi banh 50 mm, dài 14.5 cm
dụng cụ banh mũi killian, số 3, chiều dài lưỡi banh 75 mm, dài 16 cm
dụng cụ banh mũi killian, số 4, chiều dài lưỡi banh 90 mm, dài 17 cm
dụng cụ banh mũi vienna-type, chiều dài lưỡi banh 30 mm, dài 13.5 cm
dụng cụ banh mũi cottle, số 1, chiều dài lưỡi banh 35 mm, dài 13.5 cm
dụng cụ banh mũi cottle, số 2, chiều dài lưỡi banh 50 mm, dài 14 cm
dụng cụ banh mũi cottle, số 3, chiều dài lưỡi banh 75 mm, dài 16 cm
dụng cụ banh mũi cottle, số 4, chiều dài lưỡi banh 85 mm, dài 16 cm
dụng cụ banh mũi cottle, chiều dài lưỡi banh 45 mm, dài 14 cm
dụng cụ banh mũi cottle, chiều dài lưỡi banh 75 mm, dài 15.5 cm
dụng cụ cắt polyp mũi krause, dài 26 cm
dụng cụ cắt polyp mũi krause-voss, dài 26 cm
dây cắt polyp, ø 0.3 mm, 1 bó 12 dây
kẹp phẫu tích mũi xoang troeltsch, dài 14.5 cm
kẹp phẫu tích mũi xoang troeltsch, dài 15.5 cm
kẹp phẫu tích mũi xoang grünwald (jansen), 1x2 răng, dài 16 cm
kẹp phẫu tích mũi xoang grünwald (jansen), dài 21.5 cm
kẹp phẫu tích mũi xoang westmacott, dài 20 cm
kẹp phẫu tích mũi xoang lubet-barbon, dài 18.5 cm
kẹp phẫu tích mũi xoang hartmann, dài 18.5 cm
kìm cắt mũi xoang knight, dài 17 cm
kìm nắn vách ngăn mũi và xương mũi graig, dài 16 cm
kìm nắn vách ngăn mũi, cong, dài 15.5 cm
kìm nắn vách ngăn mũi bruenings, số 1, dài 16.5 cm
kìm nắn vách ngăn mũi bruenings, số 2, dài 16.5 cm
kìm nắn vách ngăn mũi bruenings, số 3, dài 16.5 cm
kìm nắn vách ngăn mũi bruenings, số 4, dài 16.5 cm
kẹp phẫu tích xoang bướm takahashi, thẳng, chiều dài làm việc 12 cm, dài 19 cm
kẹp phẫu tích xoang bướm takahashi, cong, chiều dài làm việc 12 cm, dài 19 cm
kẹp phẫu tích xoang bướm watson-williams, chiều dài làm việc 12 cm, dài 19 cm
kìm cắt mũi xoang weil-blakesley, đầu 3 mm, chiều dài làm việc 12 cm
kìm cắt mũi xoang weil-blakesley, đầu 3.5 mm, chiều dài làm việc 12 cm
kìm cắt mũi xoang weil-blakesley, đầu 4.5 mm, chiều dài làm việc 12 cm
kìm cắt mũi xoang weil-blakesley, đầu 5.5 mm, chiều dài làm việc 12 cm
kìm cắt mũi xoang weil-blakesley, đầu 6 mm, chiều dài làm việc 12 cm
kẹp phẫu tích xoang bướm weil-blakesley, đầu 3 mm, số 1/ 45º hướng lên, chiều dài làm việc 12 cm
kẹp phẫu tích xoang bướm weil-blakesley, đầu 3.5 mm, số 2/ 45º hướng lên, chiều dài làm việc 12 cm
kẹp phẫu tích xoang bướm weil-blakesley, đầu 4.5 mm, số 3/ 45º hướng lên, chiều dài làm việc 12 cm
kẹp phẫu tích xoang bướm weil-blakesley, đầu 5 mm, số 4/ 45º hướng lên, chiều dài làm việc 12 cm
kẹp phẫu tích xoang bướm weil-blakesley, đầu 3 mm, số 1/ 90º hướng lên, chiều dài làm việc 12 cm
kẹp phẫu tích xoang bướm weil-blakesley, đầu 3.5 mm, số 2/ 90º hướng lên, chiều dài làm việc 12 cm
kẹp phẫu tích xoang bướm weil-blakesley, đầu 4.5 mm, số 3/ 90º hướng lên, chiều dài làm việc 12 cm
kẹp phẫu tích xoang bướm weil-blakesley, đầu 5 mm, số 4/ 90º hướng lên, chiều dài làm việc 12 cm
kìm cắt mũi xoang struycken, đầu 1 mm, chiều dài làm việc 12 cm
kìm bấm ngược mũi xoang, hàm quay ngược lên trên, đầu 2.5 mm, chiều dài làm việc 10 cm
kìm bấm ngược mũi xoang, hàm quay qua phải, đầu 2.5 mm, chiều dài làm việc 10 cm
kìm bấm ngược mũi xoang, hàm quay qua trái, đầu 2.5 mm, chiều dài làm việc 10 cm
kìm cắt mũi xoang hartmann, đầu 5 mm, dài 19 cm
kìm cắt mũi xoang hartmann, đầu 7 mm, dài 19 cm
kìm cắt mũi xoang hartmann, đầu 9 mm, dài 19 cm
kìm cắt mũi xoang hartmann, đầu 11 mm, dài 19 cm
kìm nắn vách ngăn mũi middleton-jansen, dài 20.5 cm
kìm nắn vách ngăn mũi middleton-jansen, dài 20 cm
kéo cắt vách ngăn caplan, dài 20 cm
kẹp nghiền vách ngăn garney, gập góc, cán vàng, dài 20 cm
kẹp nghiền vách ngăn rubin, dài 20 cm
kẹp nghiền vách ngăn rubin, dài 18.5 cm
kẹp nghiền vách ngăn rubin, cán vàng, dài 18.5 cm
kìm cắt xương bướm hajek, đầu 4x4 mm, chiều dài làm việc 14 cm
kìm cắt xương bướm hajek, đầu 3.5x3.5 mm, chiều dài làm việc 14 cm
kìm cắt xương bướm ferris-smith-kerrison, đầu 3x3 mm, chiều dài làm việc 18 cm
kìm cắt xương bướm ferris-smith-kerrison, đầu 5x5 mm, chiều dài làm việc 18 cm
kìm cắt xương bướm ferris-smith-kerrison, đầu 3 mm, chiều dài làm việc 18 cm
kìm cắt xương bướm ferris-smith-kerrison, đầu 5 mm, chiều dài làm việc 18 cm
kìm cắt xoang mũi, hàm hướng lên trên kerrison, đầu 3x3 mm, chiều dài làm việc 9 cm
kìm cắt xoang mũi, hàm hướng lên trên kerrison, đầu 4x4 mm, chiều dài làm việc 9 cm
kìm cắt xoang mũi, hàm hướng lên trên kerrison, đầu 5x5 mm, chiều dài làm việc 9 cm
kìm cắt xoang mũi, hàm hướng lên trên kerrison, đầu 6x6 mm, chiều dài làm việc 9 cm
dao phẫu thuật mũi joseph, số 1, dài 15 cm
dao phẫu thuật mũi joseph, số 2, dài 15 cm
dao phẫu thuật mũi fomon, cong, dài 16.5 cm
dao phẫu thuật mũi converse, cong, dài 16 cm
dao phẫu thuật mũi joseph, thẳng, dài 15.5 cm
dao phẫu thuật mũi cottle, thẳng, dài 14 cm
dao cắt niêm mạc freer, dài 16.5 cm
dao cắt niêm mạc freer, cong, dài 19 cm
dao cắt niêm mạc freer, gập góc, dài 18.5 cm
dao xoay phẫu thuật vách ngăn ballenger, đầu 3 mm, thẳng, dài 21 cm
dao xoay phẫu thuật vách ngăn ballenger, đầu 4 mm, thẳng, dài 21 cm
dao xoay phẫu thuật vách ngăn ballenger, đầu 5 mm, thẳng, dài 21 cm
dao xoay phẫu thuật vách ngăn ballenger, đầu 3 mm, cong lưỡi lê, dài 20.5 cm
dao xoay phẫu thuật vách ngăn ballenger, đầu 4 mm, cong lưỡi lê, dài 20.5 cm
dao xoay phẫu thuật vách ngăn ballenger, đầu 5 mm, cong lưỡi lê, dài 20.5 cm
dụng cụ nâng vách ngăn mckenty, đầu 4 mm, dài 15 cm
dụng cụ nâng vách ngăn mckenty, đầu 5 mm, dài 15 cm
dụng cụ nâng vách ngăn halle, đầu 3.5 mm, dài 16 cm
dụng cụ nâng vách ngăn joseph, đầu 4 mm, dài 16.5 cm
dụng cụ nâng vách ngăn freer, đầu 5 mm, nhọn, dài 19 cm
dụng cụ nâng vách ngăn freer, đầu 5 mm, tù, dài 19 cm
dụng cụ nạo vòm miệng krenkel, cong nhẹ, dài 24.5 cm
dụng cụ nạo vòm miệng krenkel, cong mạnh, dài 24 cm
dụng cụ nâng vách ngăn mũi freer, đầu 5 mm, mũi nhọn/tù, dài 18 cm
dụng cụ nâng vách ngăn mũi freer, đầu 5 mm, dài 21 cm
dụng cụ nâng vách ngăn mũi mckenty, đầu 4 mm, dài 20.5 cm
dụng cụ nâng vách ngăn mũi ballenger-hajek, đầu 6 mm, dài 19 cm
dụng cụ nâng vách ngăn mũi howard, đầu 5.5 mm, dài 21.5 cm
dụng cụ nâng vách ngăn mũi cottle, đầu 5 mm, dài 23.5 cm
dụng cụ nâng vách ngăn mũi killian, đầu 4 mm, dài 18 cm
dụng cụ nâng vách ngăn mũi killian, đầu 4.5 mm, dài 23.5 cm
dụng cụ nâng vách ngăn mũi cottle, đầu 8 mm, cong, dài 18 cm
dụng cụ nâng vách ngăn mũi pennington, đầu 4 mm, dài 21.5 cm
dụng cụ nâng vách ngăn mũi nagata, dài 16 cm
dụng cụ nâng vách ngăn mũi nagata, dài 17 cm
dụng cụ nâng vách ngăn mũi roger, đầu 4 mm, dài 20 cm
dụng cụ nâng vách ngăn mũi joseph-masing, đầu 4 mm, cong lưỡi lê, dài 21.5 cm
dụng cụ nâng vách ngăn mũi boies, đầu 8 mm, thẳng, dài 19 cm
dụng cụ nâng vách ngăn mũi cottle, đầu 3.7 mm, dài 23 cm
dụng cụ nâng vách ngăn mũi, đầu 5 mm, thẳng, dài 17 cm
dụng cụ nâng vách ngăn mũi masing, đầu 2 mm, dài 19.5 cm
dụng cụ nâng vách ngăn mũi cottle, đầu 4.5 mm, dài 22 cm
dụng cụ nâng màng xương joseph, đầu 6.5 mm, dài 18 cm
dụng cụ đục vách ngăn freer, đầu 4 mm, cong, dài 16.5 cm
dụng cụ đục vách ngăn freer, đầu 4 mm, thẳng, dài 16.5 cm
dụng cụ đục vách ngăn freer, đầu 6 mm, dài 16 cm
dụng cụ đục vách ngăn ballenger, đầu 2 mm, thẳng, dài 15 cm
dụng cụ đục vách ngăn ballenger, đầu 4 mm, thẳng, dài 15 cm
dụng cụ đục vách ngăn ballenger, đầu 6 mm, thẳng, dài 15 cm
dụng cụ đục vách ngăn ballenger, đầu 8 mm, thẳng, dài 15 cm
dụng cụ đục vách ngăn killian, đầu 5 mm, dài 16 cm
dụng cụ đục vách ngăn killian-claus, đầu 5 mm, dài 16 cm
dụng cụ đục xương cottle, đầu 4 mm, dài 18.5 cm
dụng cụ đục xương cottle, đầu 7 mm, dài 18.5 cm
dụng cụ đục xương cottle, đầu 9 mm, dài 18.5 cm
dụng cụ đục xương cottle, đầu 12 mm, dài 18.5 cm
dụng cụ đục xương cottle, đầu 6 mm, cong, dài 18.5 cm
dụng cụ đục xương cottle, đầu 2 mm, dài 18.5 cm
dụng cụ đục xương cottle, đầu 6 mm, gập góc, dài 18.5 cm
dụng cụ đục xương cottle, đầu 16 mm, dài 18.5 cm
dụng cụ đục xương rubin, đầu 10 mm, dài 18.5 cm
dụng cụ đục xương rubin, đầu 12 mm, dài 18.5 cm
dụng cụ đục xương rubin, đầu 14 mm, dài 18.5 cm
dụng cụ đục xương walter, đầu 3 mm, dài 19 cm
dụng cụ đục xương walter, đầu 4.5 mm, dài 19 cm
dụng cụ đục xương walter, đầu 4 mm, dài 19 cm
dụng cụ đục xương walter, đầu 7 mm, dài 19 cm
dụng cụ đục xương walter, đầu 9 mm, dài 19 cm
dụng cụ đục xương walter, đầu 12 mm, dài 19 cm
dụng cụ đục xương fomon, đầu 4 mm, dài 16 cm
dụng cụ đục xương fomon, đầu 5 mm, dài 16 cm
dụng cụ đục xương fomon, đầu 6 mm, dài 16 cm
dụng cụ đục xương fomon, đầu 7 mm, dài 16 cm
dụng cụ đục xương cinelli, đầu 10 mm, dài 16 cm
dụng cụ đục xương cinelli, đầu 12 mm, dài 16 cm
dụng cụ đục xương cinelli, đầu 14 mm, dài 16 cm
dụng cụ đục xương cinelli, đầu 16 mm, dài 16 cm
dụng cụ đục xương neivert-anderson, đầu 7 mm, dài 20.5 cm
dụng cụ đục xương, đầu 3 mm, dài 18.5 cm
dụng cụ đục xương gubisch-fanous, thẳng, dài 19.5 cm
dụng cụ đục xương fanous, đầu 4 mm, thẳng, dài 19.5 cm
dụng cụ đục xương walter, đầu 2 mm, thẳng, dài 19 cm
dụng cụ đục xương cottle, đầu 10 mm, thẳng, dài 20 cm
đục xoang mũi silver, đầu 5 mm, thẳng, dài 18 cm
đục xoang mũi silver, đầu 5 mm, dài 18 cm
cưa xoang mũi joseph, gập góc trái, dài 17 cm
cưa xoang mũi joseph, gập góc phải, dài 17 cm
cưa xoang mũi joseph, thẳng, chiều dài làm việc 40 mm, dài 19 cm
cưa xoang mũi joseph, cong lưỡi lê, chiều dài làm việc 40 mm, dài 19 cm
dụng cụ nghiền sụn cottle, 65x30x30 mm
dụng cụ nghiền sụn gubisch, 65x30 mm
khối cắt teflon, 5.5x8.7x1.2 cm
dũa mài xương maltz, lưỡi 34x7 mm, dài 17 cm
dũa mài xương joseph, lưỡi 60x8 mm, dài 16 cm
dũa mài xương mũi fomon coarse, dài 20.5 cm
dũa mài xương mũi parkes, dài 19.5 cm
dụng cụ nạo xương mũi, đầu 5 mm, cong, dài 18 cm
dũa mài xương mũi cottle, lưỡi 34x8 mm, dài 21 cm
dũa mài xương glabellum dạng đẩy aufricht, lưỡi 32x9 mm, dài 21 cm
dũa mài xương glabellum dạng kéo aufricht, lưỡi 32x9 mm, dài 21 cm
dũa mài xương mũi lewis, lưỡi 15x8 mm, dài 19 cm
dũa mài xương mũi diamond, tròn, dài 19 cm
dũa mài xương mũi diamond, cong, dài 19 cm
dũa mài xương mũi maltz, số 1, , cán vàng, dài 21 cm
dũa mài xương mũi maltz, số 2, , cán vàng, dài 21 cm
dũa mài xương mũi maltz, số 3, , cán vàng, dài 21 cm
dũa mài xương mũi maltz, số 4, , cán vàng, dài 21 cm
dũa mài xương mũi maltz, số 5, , cán vàng, dài 21 cm
dũa mài xương mũi maltz, số 6, , cán vàng, dài 21 cm
dũa mài xương mũi maltz, số 7, , cán vàng, dài 21 cm
dũa mài xương mũi maltz, số 8, , cán vàng, dài 21 cm
dũa mài xương mũi maltz, số 9, , cán vàng, dài 21 cm
dũa mài xương mũi maltz, số 10, , cán vàng, dài 21 cm
dũa mài xương mũi fomon, dài 20.5 cm
phụ kiện dũa xương, số 1, cán vàng
phụ kiện dũa xương, số 2, cán vàng
phụ kiện dũa xương, số 3, cán vàng
phụ kiện dũa xương, số 4, cán vàng
phụ kiện dũa xương, số 5, cán vàng
phụ kiện dũa xương, số 6, cán vàng
phụ kiện dũa xương, số 7, cán vàng
phụ kiện dũa xương, số 8, cán vàng
phụ kiện dũa xương, số 9, cán vàng
phụ kiện dũa xương, số 10, cán vàng
tay cầm phụ kiện dũa xương, dài 14 cm
tay cầm phụ kiện dũa xương, dài 15 cm
khoá tay cầm
dũa mài xương mũi fomon, lưỡi 30x8 mm, số 1/2, cán vàng, dài 20.5 cm
dũa mài xương mũi fomon, lưỡi 40x7 mm, số 3/4, cán vàng, dài 20.5 cm
dũa mài xương mũi fomon, lưỡi 40x7 mm, số 5/6, cán vàng, dài 20.5 cm
dũa mài xương mũi fomon, lưỡi 40x7 mm, số 7/8, cán vàng, dài 20.5 cm
dũa mài xương mũi fomon, lưỡi 40x7 mm, số 9/10, cán vàng, dài 20.5 cm
dũa mài xương mũi fomon, lưỡi 40x7 mm, số 2/5, cán vàng, dài 20.5 cm
dụng cụ nạo sụn dingman, số 1, dài 15 cm
dụng cụ nạo sụn dingman, số 2/5, dài 15 cm
móc niêm mạc joseph, mũi nhọn, dài 15.5 cm
móc tenaculum cottle, mũi nhọn, dài 17 cm
móc tenaculum cottle, 180º, mũi nhọn, dài 17 cm
móc niêm mạc cottle, số 1, dài 14.5 cm
móc niêm mạc cottle, số 2, dài 14.5 cm
móc niêm mạc cottle, số 3, dài 14.5 cm
móc alar đầu nút lange, mũi tù, dài 23 cm
móc alar đầu nút fomon, mũi tù, dài 17 cm
dụng cụ móc mũi aufricht, lưỡi 45x11 mm, dài 19 cm
móc alar kilner, mũi nhọn, dài 8 cm
banh mũi converse, lưỡi 44x11 mm, dài 10.5 cm
móc alar converse, mũi nhọn, dài 11.5 cm
móc mucosa freer, 2 răng nhọn, dài 15 cm
móc rút da joseph, 2 răng nhọn, 2 mm, dài 16 cm
móc rút da joseph, 2 răng nhọn, 5 mm, dài 16 cm
móc rút da joseph, 2 răng nhọn, 7 mm, dài 16 cm
móc rút da joseph, 2 răng nhọn, 10 mm, dài 16 cm
móc rút da millard, 5x12 mm, dài 5.5 cm
móc alar fomon, 2 răng tù, dài 16 cm
móc alar cottle-neivert, dài 19.5 cm
móc alar cottle-neivert, 5x10 mm, dài 21 cm
móc alar cottle, 2 răng nhọn, dài 14.5 cm
móc alar cottle, 2 răng tù/nhọn, 2 răng tù/nhọn, dài 14.5 cm
móc alar cottle, 2 răng nhọn/tù, 2 răng nhọn/tù, dài 14.5 cm
móc alar neivert, dài 17 cm
móc alar cottle, dài 14 cm
banh mũi aufricht, lưỡi 60x6.5 mm, dài 12 cm
kẹp vách ngăn kressner, gập góc, dài 22 cm
kẹp thẳng vách ngăn hướng thẳng cottle-walsham, thẳng, dài 23 cm
kẹp thẳng vách ngăn hướng trái cottle-walsham, dài 23 cm
kẹp thẳng vách ngăn hướng phải cottle-walsham, dài 23 cm
kẹp thẳng vách ngăn asch, dài 22.5 cm
kẹp da ogura, đầu 4 mm, dài 11 cm
kẹp da ogura, đầu 1.7 mm, dài 14 cm
kẹp columell cottle, đầu 12 mm, dài 11 cm
nạo xoang faulkner, dài 21 cm
nạo xoang coakley, số 1, dài 17 cm
nạo xoang coakley, số 2, dài 17 cm
nạo xoang coakley, số 3, dài 17 cm
nạo xoang coakley, số 4, dài 17 cm
nạo xoang coakley, số 5, dài 17 cm
nạo xoang coakley, số 6, dài 17 cm
nạo adenoid beckmann, lưỡi 13 mm, dài 22 cm
nạo adenoid beckmann, lưỡi 15 mm, dài 22 cm
nạo adenoid beckmann, lưỡi 17 mm, dài 22 cm
nạo adenoid beckmann, lưỡi 19 mm, dài 22 cm
nạo adenoid beckmann, lưỡi 21 mm, dài 22 cm
nạo adenoid beckmann, lưỡi 23 mm, dài 22 cm
nạo adenoid beckmann, lưỡi 13 mm, cong, dài 21.5 cm
nạo adenoid beckmann, lưỡi 15 mm, cong, dài 21.5 cm
nạo adenoid beckmann, lưỡi 17 mm, cong, dài 21.5 cm
nạo adenoid beckmann, lưỡi 19 mm, cong, dài 21.5 cm
nạo adenoid beckmann, lưỡi 21 mm, cong, dài 21.5 cm
nạo adenoid beckmann, lưỡi 23 mm, cong, dài 21.5 cm
ống thông eicken-killian, đầu 3 mm, dài 14 cm
ống nạo hút guilen, cong lưỡi lê, dài 19 cm
que thăm dò mở rộng ritter halle, đầu 3 mm
que thăm dò mở rộng ritter halle, đầu 4 mm
dụng cụ nâng terry, đầu 5/8 mm, dài 17 cm
dụng cụ nhồi ghép terry, dài 11.5 cm
dụng cụ nâng terry, đầu 3/7 mm, dài 18 cm
dụng cụ nâng xoang, số 1, dài 19 cm
dụng cụ nâng xoang, số 2, dài 20 cm
dụng cụ nâng xoang, số 3, dài 19 cm
dụng cụ nâng xoang, số 4, dài 17 cm
dụng cụ nâng xoang, số 5, dài 18 cm
dụng cụ nghiền xương số lượng nhỏ/vừa
dụng cụ nâng xoang, số 1
dụng cụ nâng xoang, số 2
dụng cụ nâng xoang, số 3
dụng cụ nâng xoang, số 4
nạo xoang horiuchi
dụng cụ nâng xoang dr. iglhaut
dụng cụ nâng màng xương allen, đầu 2 mm
dụng cụ nạo dr. iglhaut
dao nướu allen/iglhaut, số 1
dụng cụ nâng màng xương allen, đầu 3 mm
dụng cụ nạo dr. iglhaut, số 2
dụng cụ nạo dr. iglhaut, số 3
banh miệng nha khoa có xích khoá pitha, 28x30 mm
cố định mở miệng, cho người không răng mckesson, cỡ xxl
cố định mở miệng, dành cho người lớn mckesson, cỡ xl
cố định mở miệng, dành cho người lớn mckesson, cỡ l
cố định mở miệng, dành cho trẻ em mckesson, cỡ s
cố định mở miệng, dành cho trẻ sơ sinh mckesson, cỡ s
banh miệng heister, dài 13 cm
banh miệng dành cho trẻ em molt, dài 11 cm
banh miệng dành cho người lớn molt, dài 13 cm
banh miệng denhart, dài 13 cm
banh miệng roser-koenig, dài 16 cm
banh miệng roser-koenig, dài 19 cm
bộ banh miệng kilner-doughty
bộ banh miệng davis-boyle
banh miệng có khớp nối davis-boyle
bộ banh miệng mcivor
bộ banh miệng dingmann
bộ banh miệng
banh miệng jennings, dài 10.5 cm
banh miệng jennings, dài 12.5 cm
banh miệng jennings, dài 14.5 cm
banh miệng jennings, dài 16.5 cm
banh môi oringer, số 0, dài 9.5 cm
banh môi oringer, số 1, dài 10 cm
banh môi oringer, số 2, dài 10.5 cm
banh môi oringer, số 3, dài 11 cm
banh má martin-simplex, dài 10.5 cm
kéo cung môi, dài 14 cm
banh môi sternberg, dài 14 cm
banh má/môi bishop, dài 13.5 cm
banh má cawood-minnes., dài 15.5 cm
banh má cawood-minnes., dài 14.5 cm
cây đè lưỡi hartmann, dài 15 cm
cây đè lưỡi tobold, dài 15 cm
cây đè lưỡi tobold, dài 16 cm
cây đè lưỡi wieder, đầu 36 mm, dài 14 cm
cây đè lưỡi wieder, đầu 43 mm, dài 15 cm
cây đè lưỡi bằng nhựa, hộp 100 cái, dài 15 cm
cây đè lưỡi doyen, đầu 23x30 mm, dài 13 cm
cây đè lưỡi doyen, đầu 30/33 mm, dài 16 cm
cây đè lưỡi bruenings, dài 19 cm
dụng cụ kéo mô răng khôn henahan, số 1
dụng cụ kéo mô răng khôn henahan, số 2
banh mô mềm, loại ngắn austin
banh mô mềm, loại dài austin
kẹp giữ lưỡi collin, dài 17 cm
kẹp giữ lưỡi young, gập góc, dài 15 cm
banh ngoài miệng, 9.5x16 mm, dài 22 cm
banh ngoài miệng eckelt, dài 21 cm
banh ngoài miệng, 9.5x16 mm, dài 25 cm
banh ngoài miệng eckelt, dài 25 cm
banh trong miệng, 25.5 mm, dài 23 cm
banh trong miệng, 25.5 mm, dài 26 cm
banh trong miệng, bên trái, dài 21 cm
banh trong miệng, bên phải, dài 21 cm
banh trong miệng, bên trái, dài 24.5 cm
banh trong miệng, bên phải, dài 24.5 cm
banh trong miệng l&m, dài 25 cm
banh trong miệng l&m, dài 28 cm
banh miệng ishi, số 1
banh miệng ishi, số 3
banh miệng ishi, số 4
banh miệngshea, đầu 14.5 mm, dài 23.5 cm
banh bên trái lindorf
banh bên phải lindorf
banh hàm có móc bên trái lindorf
banh hàm có móc bên phải lindorf
banh xoang có móc bên trái lindorf
banh xoang có móc bên phải lindorf
banh xương mũi obwegeser, dài 22 cm
banh xương mũi obwegeser, dài 16.5 cm
banh xương mũi obwegeser, lưỡi 8 mm, dài 16 cm
banh xương mũi obwegeser, lưỡi 10 mm, dài 16 cm
banh mô schuchardt, dài 18 cm
banh mô metz, dài 19.5 cm
banh mô koberg, lưỡi 15x7 mm, dài 18 cm
banh mô koberg, lưỡi 20x7 mm, dài 18 cm
banh mô ngoài lauer, dài 15 cm
banh mô trong lauer, dài 15 cm
banh mô ngoài lauer, dài 20 cm
banh mô trong lauer, dài 20.5 cm
nạo xương obwegeser, đầu 6 mm, dài 17.5 cm
nạo xương obwegeser, đầu 9 mm, dài 17.5 cm
nạo xương obwegeser, đầu 11 mm, dài 17.5 cm
nạo xương obwegeser, đầu 5 mm, cong, dài 20 cm
nạo xương obwegeser, đầu 7 mm, cong, dài 20 cm
nạo xương obwegeser, đầu 9 mm, cong, dài 20 cm
nạo xương obwegeser, dài 17.5 cm
nạo xương hình chữ v, dài 17.5 cm
dụng cụ điều chỉnh đĩa khớp-lồi cầu xương hàm, số 11, dài 24.5 cm
dụng cụ điều chỉnh đĩa khớp-lồi cầu xương hàm, số 12, dài 24.5 cm
nâng xương 2 đầu obwegeser, dài 20.5 cm
cây ấn khâu 2 đầu, dài 17 cm
banh hàm mặt rowe, cong phải, dài 19 cm
banh hàm mặt rowe, cong trái, dài 19 cm
banh giữ vùng hốc mắt, dài 20 cm
banh giữ vùng hốc mắt donovan, dài 19.5 cm
kẹp định vị rowe, dài 21.5 cm
kẹp định vị rowe, dài 24 cm
kẹp định vị rowe, dài 24.5 cm
nâng xương gò má rowe, dài 26 cm
dụng cụ điều chỉnh xương hàm trên bên trái tessier
dụng cụ điều chỉnh xương hàm trên bên phải tessier
nâng xương gò má gillies, gập góc, dài 25 cm
nâng xương gò má dingmann, đầu 5 mm
móc dingmann-wilk, mũi nhọn, dài 20 cm
kìm giữ xương jvs, dài 19 cm
kìm giữ xương jvs, dài 18 cm
kìm giữ xương bên trái keen, dài 17.5 cm
kìm giữ xương bên phải keen, dài 17.5 cm
kìm giữ xương steinhaeuser, thẳng, dài 13.5 cm
kìm giữ xương steinhaeuser, cong, dài 12.5 cm
kìm giữ xương wolford, dài 25 cm
kìm giữ xương salyer, dài 16.5 cm
banh mô phía sau dunn-dautrey, dài 6.5x50 mm
banh mô phía trước dunn-dautrey, dài 6.5x60 mm
banh mô phía trên dunn-dautrey, dài 8.0x50 mm
banh mô phía trên dunn-dautrey, dài 6.5x50 mm
kẹp đĩa khớp thái dương hàm dolwick, dài 12.5 cm
kẹp đĩa khớp thái dương hàm dolwick, cong, dài 13.5 cm
nâng khớp thái dương hàm dolwick, cong tiêu chuẩn, dài 17 cm
kéo khớp thái dương hàm - xương chẩm dolwick, dài 14.5 cm
dũa xương khớp thái dương hàm dolwick, đầu 4.5 mm, dài 15 cm
dũa xương khớp thái dương hàm dolwick, cong tiêu chuẩn, dài 17.5 cm
kẹp khớp thái dương hàm dolwick, cỡ nhỏ, dài 16 cm
kẹp khớp thái dương hàm dolwick, cỡ lớn, dài 16.5 cm
banh hàm mặt champy-type, dài 16 cm
banh bên trái wilkes, chiều dài làm việc 26 mm
banh bên phải wilkes, chiều dài làm việc 26 mm
banh thẳng wilkes, chiều dài làm việc 26 mm
đục xương bauer, đầu 6 mm, thẳng, dài 20.5 cm
đục xương bauer, đầu 8 mm, thẳng, dài 20.5 cm
đục xương bauer, đầu 6 mm, cong, dài 20.5 cm
đục xương bauer, đầu 8 mm, cong, dài 20.5 cm
đục xương epker-bauer, đầu 8 mm, cong, dài 17.5 cm
đục xương munro-dautrey, đầu 4 mm, dài 16 cm
đục xương munro-dautrey, đầu 6 mm, dài 16 cm
đục xương munro-dautrey, đầu 8 mm, dài 16 cm
đục xương munro-dautrey, đầu 10 mm, dài 16 cm
đục xương munro-dautrey, đầu 12 mm, dài 16 cm
đục xương munro-dautrey, đầu 14 mm, dài 16 cm
đục xương munro-dautrey, đầu 16 mm, dài 16 cm
đục xương dunn-dautrey, đầu 4 mm, dài 16.5 cm
đục xương dunn-dautrey, đầu 6 mm, dài 17 cm
đục xương dunn-dautrey, đầu 8 mm, dài 17 cm
đục xương dunn-dautrey, đầu 6 mm, cong, dài 17 cm
đục xương dunn-dautrey, đầu 6 mm, cong tiêu chuẩn, dài 17 cm
đục xương dunn-dautrey, đầu 8 mm, cong, dài 18 cm
đục xương dunn-dautrey, dầu 8 mm, cong tiêu chuẩn, dài 16.5 cm
đục xương epker, đầu 4 mm, thẳng, dài 18 cm
đục xương epker, đầu 6 mm, thẳng, dài 18 cm
đục xương epker, đầu 8 mm, thẳng, dài 18 cm
đục xương epker, đầu 4 mm, cong, dài 18 cm
đục xương epker, đầu 6 mm, cong, dài 18 cm
đục xương epker, đầu 6 mm, cong tiêu chuẩn, dài 18 cm
đục xương epker, đầu 8 mm, cong tiêu chuẩn, dài 18 cm
đục xương có vạch đo dr. iglhaut, đầu 5 mm
đục xương ư không có vạch đo dr. iglhaut, đầu 5 mm
đục xương urata, đầu 4 mm, dài 15 cm
đục xương urata, đầu 3.7 mm, dài 15 cm
đục xương martini, đầu 4.5 mm
đục xương martini, đầu 7 mm
banh hàm mặt hargis, dài 16 cm
banh xương hàm bên trái hargis, dài 19.5 cm
banh xương hàm bên phải hargis, dài 19.5 cm
banh xương hàm dưới hargis, cong, dài 17.5 cm
nạo mô xương hàm dưới hargis, dài 18.5 cm
nạo mô vùng bên phải hargis, dài 23.5 cm
nạo mô vùng bên phải hargis, dài 24 cm
nạo mô vùng bên trái hargis, dài 23.5 cm
nạo mô vùng bên trái hargis, dài 23 cm
kéo viền hốc mũi hargis, dài 18.5 cm
dao phẫu thuật xương cánh pterygoid hargis, cong, dài 22 cm
dụng cụ kéo giữ xương gò má có dây xích hargis, dài 19 cm
dụng cụ tách mô bên phải smith, dài 18.5 cm
dụng cụ tách mô bên trái smith, dài 18.5 cm
dụng cụ tách xương hàm smith, dài 23.5 cm
kẹp cơ không chấn thương bên trái terry, dài 17 cm
kẹp cơ không chấn thương bên phải terry, dài 17 cm
banh hàm mặt terry, dài 16.5 cm
đẩy nhánh hàm terry, dài 24 cm
dụng cụ luồn dây terry, dài 17 cm
dao cắt xương vách ngăn mũi terry, dài 19 cm
dụng cụ nới rộng khẩu cái turvey, dài 17 cm
nâng xương steinhaeuser, cong tiêu chuẩn, dài 18.5 cm
banh mũi lòng máng steinhaeuser, dài 27 cm
kẹp ramus steinhaeuser, dài 16 cm
đục xương ramus steinhaeuser, dài 17 cm
đục xương ramus steinhaeuser, dài 19 cm
kẹp chỉnh hình steinhaeuser, dài 18 cm
nâng hốc mắt, đầu 4 mm, dài 17 cm
nâng hốc mắt steinhaeuser, đầu 5 mm, dài 18 cm
nâng hốc mắt steinhaeuser, đầu 8 mm, dài 18 cm
đục xương wolford, đầu 6 mm, gập góc, dài 21.5 cm
đục xương wolford, đầu 8 mm, gập góc, dài 21.5 cm
dụng cụ kéo khe hở vòm miệng loại ngắn salyer, dài 18 cm
dụng cụ kéo khe hở vòm miệng loại dài salyer, dài 18 cm
dụng cụ phẫu tích vòm miệng hở loại ngắn salyer, gập góc, dài 18 cm
dụng cụ phẫu tích vòm miệng hở loại dài salyer, gập góc, dài 18 cm
dụng cụ nâng vòm miệng salyer, cong nhẹ, dài 18 cm
dụng cụ nâng vòm miệng salyer, cong mạnh, dài 18 cm
dụng cụ nâng vòm miệng salyer, gập góc, dài 18 cm
dụng cụ nạo vòm miệng hở jaboma, dài 17 cm
dụng cụ nạo vòm miệng bên trái, đầu 4 mm, cong, dài 14 cm
dụng cụ nạo vòm miệng bên phải, đầu 4 mm, cong, dài 14 cm
móc vòm miệng trái hurd, dài 20.5 cm
dao nạo amidan fisher, dài 22.5 cm
dao nạo amidan bruenings, dài 23 cm
dụng cụ cắt amidan hurd, dài 22.5 cm
nâng thanh quản henken, kích thước 11.5x5 mm, dài 23.5 cm
nâng thanh quản henken, 16.5x5 mm, dài 23.5 cm
dụng cụ đưa gạc luniatschek, đầu 3 mm, dài 17.5 cm
dụng cụ đưa gạc luniatschek, đầu 2 mm, dài 17.5 cm
kìm nắm amidan white, cong, dài 18 cm
kìm nắm amidan blohmke, 1x2 răng, dài 20 cm
kìm nắm amidan schnidt, cong, dài 19 cm
kìm nắm amidan schnidt, cong, dài 18.5 cm
thòng lọng cắt amidan không có chốt eves, ø 6.0 mm, dài 28.5 cm
thòng lọng cắt amidan có chốt eves, ø 6.0 mm, dài 28.5 cm
thòng lọng cắt amidan bruenings
thòng lọng cắt amidan
thòng lọng cắt amidan, ø 0.3 mm, hộp 100 cái
thòng lọng cắt amidan tyding
banh kẹp amidan hartmann, ø 13 mm, chiều dài thân 120 mm
banh kẹp amidan hartmann, ø 15 mm, chiều dài thân 120 mm
tay cầm kẹp thanh quản huber
ống nối, thẳng, dài 22 cm
ống nối, thẳng, dài 32 cm
ống nối, thẳng, dài 41 cm
ống nối bruenings, cong, dài 18 cm
đầu mũi dùng cho kẹp thanh quản fraenkel
đầu mũi dùng cho kẹp thanh quản seiffert
đầu mũi dùng cho kẹp thanh quản bruenings, ø 3 m, số 2
đầu mũi dùng cho kẹp thanh quản bruenings, ø 4 mm, số 3
đầu mũi dùng cho kẹp thanh quản bruenings, số 2
đầu mũi dùng cho kẹp thanh quản bruenings, số 3
đầu mũi dùng cho kẹp thanh quản lange
đầu mũi dùng cho kẹp thanh quản krause
gương nội soi thanh quản có tay cầm, ø 24 mm, dài 18.5 cm
gương nội soi thanh quản mạ rhodium có tay cầm, số 00, dài 18.5 cm
gương nội soi thanh quản mạ rhodium có tay cầm, số 0, dài 18.5 cm
gương nội soi thanh quản mạ rhodium có tay cầm, số 1, dài 18.5 cm
gương nội soi thanh quản mạ rhodium có tay cầm, số 2, dài 18.5 cm
gương nội soi thanh quản mạ rhodium có tay cầm, số 3, dài 18.5 cm
gương nội soi thanh quản mạ rhodium có tay cầm, số 4, dài 18.5 cm
gương nội soi thanh quản mạ rhodium có tay cầm, số 5, dài 18.5 cm
gương nội soi thanh quản mạ rhodium có tay cầm, số 6, dài 18.5 cm
gương nội soi thanh quản mạ rhodium có tay cầm, số 7, dài 18.5 cm
gương nội soi thanh quản mạ rhodium có tay cầm, số 8, dài 18.5 cm
gương nội soi thanh quản mạ rhodium có tay cầm, số 9, dài 18.5 cm
gương nội soi thanh quản mạ rhodium có tay cầm, số 10, dài 18.5 cm
gương nội soi thanh quản không có tay cầm, ø 20 mm, dài 13.5 cm
gương nội soi thanh quản không có tay cầm, dài 13.5 cm
gương nội soi thanh quản michel, ø 12 mm, dài 27 cm
gương nội soi thanh quản michel, ø 14 mm, dài 27 cm
gương nội soi thanh quản michel, ø 16 mm, dài 27 cm
gương nội soi thanh quản michel, ø 18 mm, dài 27 cm
kìm nhổ răng english pattern, số 1
kìm nhổ răng english pattern, số 2
kìm nhổ răng english pattern, số 4
kìm nhổ răng english pattern, số 7
kìm nhổ răng english pattern, số 13
kìm nhổ răng english pattern, số 17
kìm nhổ răng english pattern, số 18
kìm nhổ răng english pattern, số 18a
kìm nhổ răng english pattern, số 22
kìm nhổ răng english pattern, số 23
kìm nhổ răng english pattern, số 24
kìm nhổ răng english pattern, số 29
kìm nhổ răng english pattern, số 33
kìm nhổ răng english pattern, số 33a
kìm nhổ răng english pattern, số 33c
kìm nhổ răng english pattern, số 33m
kìm nhổ răng english pattern, số 34n
kìm nhổ răng english pattern, số 35n
kìm nhổ răng english pattern, số 46l
kìm nhổ răng english pattern, số 46lx
kìm nhổ răng english pattern, số 49
kìm nhổ răng english pattern, số 51
kìm nhổ răng english pattern, số 51a
kìm nhổ răng english pattern, số 51c
kìm nhổ răng english pattern, số 67
kìm nhổ răng english pattern, số 67a
kìm nhổ răng english pattern, số 67n
kìm nhổ răng english pattern, số 73
kìm nhổ răng english pattern, số 74
kìm nhổ răng english pattern, số 74n
kìm nhổ răng english pattern, số 75
kìm nhổ răng lawrence read, số 76n
kìm nhổ răng english pattern, số 79
kìm nhổ răng english pattern, số 79a
kìm nhổ răng english pattern, số 79n
kìm nhổ răng english pattern, số 86a
kìm nhổ răng english pattern, số 86b
kìm nhổ răng english pattern, số 86c
kìm nhổ răng english pattern, số 97
kìm nhổ răng english pattern, số 333s
kìm nhổ răng english pattern, số 146
kìm nhổ răng english pattern, số 351s
kìm nhổ răng english pattern, số 153
kìm nhổ răng martin fino, số 2
kìm nhổ răng martin fino, số 7
kìm nhổ răng martin fino, số 13
kìm nhổ răng martin fino, số 17
kìm nhổ răng martin fino, số 18
kìm nhổ răng martin fino, số 22
kìm nhổ răng martin fino, số 30
kìm nhổ răng martin fino, số 33
kìm nhổ răng martin fino, số 67a
kìm nhổ răng martin fino, số 73
kìm nhổ răng martin fino, số 74
kìm nhổ răng martin fino, số 74n
kìm nhổ răng martin fino, số 79
kìm nhổ răng martin ergo, số 1
kìm nhổ răng martin ergo, số 13
kìm nhổ răng martin ergo, số 22
kìm nhổ răng martin ergo, số 33
kìm nhổ răng martin ergo, số 46l
kìm nhổ răng martin ergo, số 49
kìm nhổ răng martin ergo, số 51
kìm nhổ răng martin ergo, số 51a
kìm nhổ răng martin ergo, số 67a
kìm nhổ răng martin ergo, số 74n
kìm nhổ răng martin ergo, số 79
kìm nhổ răng trẻ em english pattern, số 13s
kìm nhổ răng trẻ em english pattern, số 22 s
kìm nhổ răng trẻ em english pattern, số 30s
kìm nhổ răng trẻ em english pattern, số 33s
kìm nhổ răng trẻ em english pattern, số 37
kìm nhổ răng trẻ em english pattern, số 38
kìm nhổ răng trẻ em english pattern, số 39
kìm nhổ răng trẻ em english pattern, số 39l
kìm nhổ răng trẻ em english pattern, số 39r
kìm nhổ răng trẻ em english pattern, số 40
kìm nhổ răng trẻ em english pattern, số 51s
kìm nhổ răng trẻ em lawrence read, số 76s
kìm nhổ răng trẻ em klein, số 3
kìm nhổ răng trẻ em klein, số 5
kìm nhổ răng trẻ em klein, số 6
kìm nhổ răng trẻ em klein, số 7
kìm nhổ răng trẻ em klein, số 137
kìm nhổ răng trẻ em klein, số 139
kìm nhổ răng trẻ em klein, số 51s
kìm nhổ răng trẻ em american pattern, số 17sk
kìm nhổ răng trẻ em american pattern, số 150sk
kìm nhổ răng trẻ em american pattern, số 151sk
kìm nhổ răng tiêu chuẩn, số 1
kìm nhổ răng american pattern, số 10s
kìm nhổ răng american pattern, số 16
kìm nhổ răng trẻ em american pattern, số 16s
kìm nhổ răng american pattern, số 23
kìm nhổ răng parmly, số 32
kìm nhổ răng american pattern, số 53l
kìm nhổ răng american pattern, số 53r
kìm nhổ răng american pattern, số 62
kìm nhổ răng american pattern, số 65
kìm nhổ răng tomes, số 69
kìm nhổ răng nevius, số 88l
kìm nhổ răng nevius, số 88r
kìm nhổ răng kiểu mỹ cryer, số 150
kìm nhổ răng kiểu mỹ cryer, số 151sk
kìm nhổ răng kiểu mỹ cryer, số 151a
kìm nhổ răng trẻ em cryer, số 151s
kìm nhổ răng american pattern, số 222
kìm nhổ răng tiền hàm
kìm nhổ gốc răng witzel, số 501
kìm nhổ gốc răng
dụng cụ nạy chân răng, số 1l
dụng cụ nạy chân răng, số 1r
dụng cụ nạy chân răng seldin, số 2
dụng cụ nạy chân răng seldin, số 3
dụng cụ nạy chân răng cryer, số 3a
dụng cụ nạy chân răng seldin, số 4l
dụng cụ nạy chân răng seldin, số 4r
dụng cụ nạy chân răng, số 6
dụng cụ nạy chân răng, số 8
dụng cụ nạy chân răng, số 9
dụng cụ nạy chân răng, số 10
dụng cụ nạy chân răng, số 11
dụng cụ nạy chân răng, số 12
dụng cụ nạy chân răng cryer, số 27
dụng cụ nạy chân răng cryer, số 28
dụng cụ nạy chân răng seldin, số 34
dụng cụ nạy chân răng seldin, số 34s
dụng cụ nạy chân răng cryer, số 39
dụng cụ nạy chân răng cryer, số 40
dụng cụ nạy chân răng flohr, số 46
dụng cụ nạy chân răng, số 50
dụng cụ nạy chân răng, số 51
dụng cụ nạy chân răng lindo levian, đầu 3 mm, số 1
dụng cụ nạy chân răng lindo levian, đầu 4 mm, số 3
dụng cụ nạy chân răng, đầu 1.2 mm, số 1.3s
dụng cụ nạy chân răng, đầu 1.7 mm, số 1.8s
dụng cụ nạy chân răng, đầu 2.2 mm, số 2.3s
dụng cụ nạy chân răng, số 1.3c/ cong
dụng cụ nạy chân răng, số 1.3rc/ cong
dụng cụ nạy chân răng bein luxator, đầu 2 mm, số 1
dụng cụ nạy chân răng bein luxator, đầu 3 mm, số 2
dụng cụ nạy chân răng bein luxator, đầu 4 mm, số 3
dụng cụ nạy chân răng bein luxator, đầu 5 mm, số 4
dụng cụ nạy chân răng bein luxator, đầu 2 mm, số 1a
dụng cụ nạy chân răng bein luxator, đầu 3 mm, số 2a
dụng cụ nạy chân răng bein luxator, đầu 4 mm, số 3a
dụng cụ nạy chân răng bein luxator, đầu 5 mm, số 4a
dụng cụ nạy chân răng apical luxator, đầu 2 mm, số 1
dụng cụ nạy chân răng apical luxator, đầu 3 mm, số 2
dụng cụ nạy chân răng apical luxator, đầu 4 mm, số 3
dụng cụ nạy chân răng apical luxator, đầu 5 mm, số 4
dụng cụ nạy chân răng apical luxator, đầu 2 mm, số 1a/ cong
dụng cụ nạy chân răng apical luxator, đầu 3 mm, số 2a/ cong
dụng cụ nạy chân răng apical luxator, đầu 4 mm, số 3a/ cong
dụng cụ nạy chân răng apical luxator, đầu 5 mm, số 4a/ cong
dụng cụ nạy chân răng apical, số 301
dụng cụ nạy chân răng apical-flohr, số 302
dụng cụ nạy chân răng apical-flohr, số 303
dụng cụ nạy chân răng apical, số 304
dụng cụ nạy chân răng apical, số 46r
dụng cụ nạy chân răng coleman, số 1
dụng cụ nạy chân răng coleman, số 2l
dụng cụ nạy chân răng coleman, số 2r
dụng cụ nạy chân răng coupland, đầu 2 mm
dụng cụ nạy chân răng coupland, đầu 2.5 mm
dụng cụ nạy chân răng coupland, đầu 3 mm
dụng cụ nạy chân răng friedman, số 1
dụng cụ nạy chân răng friedman, số 2l
dụng cụ nạy chân răng friedman, số 3r
dụng cụ nạy chân răng friedman, số 31f
dụng cụ nạy chân răng hylin, đầu 3 mm, số 1
dụng cụ nạy chân răng hylin, đầu 4.5 mm, số 2
dụng cụ nạy chân răng hylin, đầu 3 mm, số 3l
dụng cụ nạy chân răng hylin, đầu 3 mm, số 4r
dụng cụ nạy chân răng bein, đầu 2 mm, số 0
dụng cụ nạy chân răng bein, đầu 3 mm, số 1
dụng cụ nạy chân răng bein, đầu 4 mm, số 2
dụng cụ nạy chân răng bein, số 1
dụng cụ nạy chân răng bein, số 2
dụng cụ nạy chân răng bein, đầu 2 mm, số 0a
dụng cụ nạy chân răng bein, đầu 3 mm, số 1a
dụng cụ nạy chân răng bein, đầu 4 mm, số 2a
dụng cụ nạy chân răng w.f. barry, số 320l
dụng cụ nạy chân răng w.f. barry, số 321r
dụng cụ nạy chân răng w.f. barry, số 322
dụng cụ nạy chân răng w.f. barry, số 323
dụng cụ nạy chân răng w.f. barry, số 370l
dụng cụ nạy chân răng w.f. barry, số 371r
dụng cụ nạy chân răng winter, số 11l
dụng cụ nạy chân răng winter, số 11r
dụng cụ nạy chân răng winter, số 13l
dụng cụ nạy chân răng winter, số 13r
dụng cụ nạy chân răng winter, số 14l
dụng cụ nạy chân răng winter, số 14r
dụng cụ nạy chân răng pott, số 1
dụng cụ nạy chân răng pott, số 2
dụng cụ nạy chân răng, số 1k
dụng cụ nạy chân răng, số 2k
dụng cụ nạy chân răng warwick-james, số 1
dụng cụ nạy chân răng warwick-james, số 2l
dụng cụ nạy chân răng warwick-james, số 3r
dụng cụ nạy chân răng chompret, số 1
dụng cụ nạy chân răng chompret, số 2
dụng cụ nạy chân răng chompret, số 3
dụng cụ nạy chân răng heidebrink, số 1
dụng cụ nạy chân răng heidebrink, số 2
dụng cụ nạy chân răng heidebrink, số 3
dụng cụ nạy chân răng west, số 1
dụng cụ nạy chân răng west, số 2
dụng cụ nạy chân răng west, số 3
gương nha khoa mặt phẳng, đường kính 22 mm, số 4
gương nha khoa mặt phẳng, đường kính 22 mm, số 5
gương nha khoa, đường kính 22 mm, số 4
gương nha khoa, đường kính 24 mm, số 5
gương nha khoa phẳng mạ rhodium, đường kính 10 mm, cỡ 00
gương nha khoa phẳng mạ rhodium không có cán, đường kính 18 mm
gương nha khoa phẳng mạ rhodium, đường kính 22 mm, cỡ 4
gương nha khoa phẳng mạ rhodium, đường kính 24 mm, cỡ 5
gương nha khoa mạ rhodium megaduo
gương nha khoa mặt phẳng, đường kính 24 mm, số 5
gương nha khoa vi phẫu, đường kính 2.5 mm, gập góc 45º
gương nha khoa vi phẫu, đường kính 5 mm
gương nha khoa vi phẫu mạ rhodium, 3x6 mm
gương nha khoa vi phẫu mạ rhodium, đường kính 5 mm
cán cầm đơn giản
cán cầm gương khớp côn
cán cầm gương hình lục giác, đầu 8 mm
cán cầm gương hình bát giác, đầu 6 mm
cán cầm gương hình tròn
cán cầm gương martin-ergo
cán cầm gương martin-grip
kẹp gắp nha khoa london college, số 1
kẹp gắp nha khoa london college, số 3
kẹp gắp nha khoa london college, số 5
kẹp gắp nha khoa có khoá london college, số 5
kẹp gắp nha khoa có khoá london college, số 8
kẹp gắp nha khoa meriam, số 1
kẹp gắp nha khoa meriam, số 3
kẹp gắp nha khoa meriam, số 5
kẹp gắp nha khoa flagg, số 1
kẹp gắp nha khoa flagg, số 2
kẹp gắp nha khoa flagg, số 3
kẹp gắp nha khoa flagg, số 4
kẹp kim/ kẹp màng xương, đường kính 1.6 mm
kẹp kim/ kẹp màng xương, đường kính 2.2 mm
dụng cụ cạo vôi răng, cán tròn jaquette, số 33
dụng cụ cạo vôi răng, cán tròn jaquette, số 34
dụng cụ cạo vôi răng, cán tròn jaquette, số 35
dụng cụ cạo vôi răng, cán tròn cumine
dụng cụ cạo vôi răng, cán tròn mitchell
dụng cụ cạo vôi răng, cán tròn, số 33/34
dụng cụ cạo vôi răng columbia, số 13/14
dụng cụ cạo vôi răng columbia, số 2r/2l
dụng cụ cạo vôi răng columbia, số 4r/4l
dụng cụ cạo vôi răng younger-good, số 7/8
dụng cụ cạo vôi răng langer, số 1/2
dụng cụ cạo vôi răng langer, số 3/4
dụng cụ cạo vôi răng langer, số 5/6
cây đo túi nướu dr.iglhaut
cây đo túi nướu siêu nhỏ akiyama, micro
dụng cụ cạo vôi răng towner, số 5/33
dụng cụ cạo vôi răng mccall, số 13s/14
dụng cụ cạo vôi răng mccall, số 13sm/14, tròn
dụng cụ cạo vôi răng, số t2/3
dụng cụ cạo vôi răng towner, số 15/30
dụng cụ cạo vôi răng, số u135
dụng cụ cạo vôi răng, số ci 2/3
dụng cụ cạo vôi răng, số m23
dụng cụ cạo vôi răng hygienist, đường kính 8mm, số 6/7
dụng cụ cạo vôi răng hygienist, đường kính 10mm, số 6/7
dụng cụ cạo vôi răng, số 204
dụng cụ cạo vôi răng, số 204s
dụng cụ cạo vôi răng, số 204sd
dụng cụ giũa  hirschfeld, số 3/7
dụng cụ giũa  hirschfeld, số 5/11
dụng cụ cạo vôi răng mini
dụng cụ cạo vôi, số scc6
dụng cụ cạo vôi, số st 2/3
dụng cụ cạo vôi jaquette, số 31/32
dụng cụ cạo vôijaquette, số 30/33
dụng cụ cạo vôijaquette, số 34/35
dụng cụ cạo vôi  goldmann fox, số 1
dụng cụ cạo vôi  goldmann fox, số 2
dụng cụ cạo vôi  goldmann fox, số 3
dụng cụ cạo vôi  goldmann fox, số 4
dụng cụ cạo vôi  goldmann fox, số 5
dụng cụ cạo vôi  goldmann fox, số 6
dao cắt nướu  goldmann fox, số 7
dao cắt nướu  goldmann fox, số 8
dao cắt nướu  goldmann fox, số 9
dao cắt nướu  goldmann fox, số 10
dao cắt nướu  goldmann fox, số 11
dụng cụ cạo vôi  ward kirkland, số 1
dao cắt nướu  kirkland
dao cắt nướu  orban, số 1
dao cắt nướu  orban, số 2
dao cắt nướu  orban, số 1/2
dụng cụ nạo vôi răng gracey, số 5/6, mini
dụng cụ nạo vôi răng gracey, số 7/8, mini
dụng cụ nạo vôi răng gracey, số 11/12, mini
dụng cụ nạo vôi răng gracey, số 13/14, mini
dụng cụ nạo vôi răng gracey, mini
dao phẫu thuật nướu 5d
dụng cụ nạo vôi răng gracey, số 5/6
dụng cụ nạo vôi răng gracey, số 7/8
dụng cụ nạo vôi răng gracey, số 11/12
dụng cụ nạo vôi răng gracey, số 13/14
dụng cụ nạo vôi răng mini gracey, số 1/2, mini
dụng cụ nạo vôi răng mini gracey, số 3/4, mini
dụng cụ nạo vôi răng mini gracey, số 5/6, mini
dụng cụ nạo vôi răng mini gracey, số 7/8, mini
dụng cụ nạo vôi răng mini gracey, số 9/10, mini
dụng cụ nạo vôi răng mini gracey, số 11/12, mini
dụng cụ nạo vôi răng mini gracey, 13/14, mini
dụng cụ nạo vôi răng mini gracey, 15/16, mini
dụng cụ nạo vôi răng mini gracey, 17/18, mini
dụng cụ nạo nha chu gracey, số 1/2
dụng cụ nạo nha chu gracey, số 3/4
dụng cụ nạo nha chu gracey, số 5/6
dụng cụ nạo nha chu gracey, số 7/8
dụng cụ nạo nha chu gracey, số 9/10
dụng cụ nạo nha chu gracey, số 11/12
dụng cụ nạo nha chu gracey, 13/14
dụng cụ nạo nha chu gracey, 15/16
dụng cụ nạo nha chu gracey, 17/18
dụng cụ nạo cao răng gracey, số 1/2
dụng cụ nạo cao răng gracey, số 3/4
dụng cụ nạo cao răng gracey, số 5/6
dụng cụ nạo cao răng gracey, số 7/8
dụng cụ nạo cao răng gracey, số 9/10
dụng cụ nạo cao răng gracey, số 11/12
dụng cụ nạo cao răng gracey, 13/14
dụng cụ nạo cao răng gracey, 15/16
dụng cụ nạo cao răng gracey, 17/18
dụng cụ nạo nha chu gracey, 10 mm, 1/2
dụng cụ nạo nha chu gracey, 10 mm, 3/4
dụng cụ nạo nha chu gracey, 10 mm, 5/6
dụng cụ nạo nha chu gracey, 10 mm, 7/8
dụng cụ nạo nha chu gracey, 10 mm, 9/10
dụng cụ nạo nha chu gracey, 10 mm
dụng cụ nạo nha chu furkation, 0.9 mm, số 1
dụng cụ nạo nha chu furkation, 1.3 mm, số 2
dụng cụ nạo nha chu furkation, 0.9 mm, số 3
dụng cụ nạo nha chu furkation, 1.3 mm, số 4
dụng cụ nạo nha chu furkation, 0.9 mm, số 5
cây đo túi nướu perio, số w
dụng cụ đục rhodes, số 36/37, mini
dụng cụ nạo nha chu prichard
dụng cụ đục ochsenbein, số 1
dụng cụ đục ochsenbein, số 2
dụng cụ đục fedi, số 1
dụng cụ đục fedi, số 2
đầu dò vi thủ thuật nội nha, micro
dụng cụ thăm dò siêu mỏng, số 3
dụng cụ thăm dò siêu mỏng, số 6
dụng cụ thăm dò siêu mỏng, số 8a
dụng cụ thăm dò siêu mỏng, số 9
dụng cụ thăm dò siêu mỏng, số 12
dụng cụ thăm dò siêu mỏng, số 17
dụng cụ thăm dò siêu mỏng, số 23
dụng cụ thăm dò siêu mỏng, số 3a
dụng cụ thăm dò siêu mỏng, số 6xl
dụng cụ thăm dò, số 12
dụng cụ thăm dò, số 3
dụng cụ thăm dò, số 6
dụng cụ thăm dò, số 8a
dụng cụ thăm dò, số 9
dụng cụ thăm dò briault, exd 11
dụng cụ thăm dò màu trắng, số 17
dụng cụ thăm dò màu trắng, số 23
dụng cụ thăm dò, số 3a
dụng cụ thăm dò, số 54
dụng cụ thăm dò, số 6xl
dụng cụ thăm dò, số ut 1/2
dụng cụ thăm dò, số 2/2
dụng cụ thăm dò, số 3 ch/3 ch
dụng cụ thăm dò, số 23/6
dụng cụ thăm dò, số 16/17
dụng cụ thăm dò, số 17/23
dụng cụ thăm dò, số 23/17a
dụng cụ thăm dò nabers, số 1
dụng cụ thăm dò nabers, số 2
dụng cụ thăm dò, số 5/6
dụng cụ thăm dò, số 16/23
dụng cụ nạo, số gm 1a
dụng cụ nạo, số gm 2a
dụng cụ nạo, số gm 0
dụng cụ nạo, số gm 1
dụng cụ nạo, số gm 2
dụng cụ nạo, số gm 3
dụng cụ nạo, số gm 4
dụng cụ nạo, đường kính 1.9 mm
dụng cụ nạo, số gm 125/126
dụng cụ nạo, số gm 127/128
dụng cụ nạo, số gm 129/130
dụng cụ nạo, số gm 133/134
dụng cụ nạo, số gm 153/154
dụng cụ nạo, số gm 14
dụng cụ nạo, số gm 38/39
dụng cụ nạo, số gm e1
dụng cụ nạo, số gm e2
dụng cụ nạo, số gm e3
dụng cụ nạo, số gm 6
dụng cụ nạo, số gm 17s
dụng cụ nạo, số gm 17
dụng cụ nạo, số gm 18
dụng cụ nạo, số gm 19
dụng cụ nạo, số gm 17w
dụng cụ nạo, số gm 18w
dụng cụ nạo, số gm 19w
dụng cụ nạo, số gm 61/62
dụng cụ nạo, số gm 63/64
dụng cụ nạo, số gm 65/66
dụng cụ nạo, số gm 31l
dụng cụ nạo, số gm 32l
dụng cụ nạo, số gm 33l
dụng cụ đục men răng wedelstaedt, số 1/2
dụng cụ đục men răng wedelstaedt, số 3/4
dụng cụ đục men răng wedelstaedt, số 5/6
dụng cụ trám bít, iso 30/40
dụng cụ trám bít, iso 50/90
dò nội nha stewart
dụng cụ trám bít, số 1
dụng cụ trám bít, số 2
dụng cụ trám bít, số 3
dụng cụ nong tuỷ, iso 20
dụng cụ nong tuỷ, iso 30
dụng cụ nong tuỷ, iso 40
dụng cụ nong tuỷ, iso 50
dụng cụ nong tuỷ, iso 60
dụng cụ đục xương dr.iglhaut, 2.2 < 2.7 mm, thẳng
dụng cụ đục xương dr.iglhaut, 2.7 < 3.2 mm, thẳng
dụng cụ đục xương dr.iglhaut, 3.2 < 3.7 mm, thẳng
dụng cụ đục xương dr.iglhaut, 3.7 < 4.2 mm, thẳng
dụng cụ đục xương dr.iglhaut, 4.2 < 4.7 mm, thẳng
dụng cụ đục xương dr.iglhaut, 4.7 < 5.4 mm, thẳng
dụng cụ đục xương dr.iglhaut, 2.2 < 2.7 mm, cong
dụng cụ đục xương dr.iglhaut, 2.7 < 3.2 mm, cong
dụng cụ đục xương dr.iglhaut, 3.2 < 3.7 mm, cong
dụng cụ đục xương dr.iglhaut, 3.7 < 4.2 mm, cong
dụng cụ đục xương dr.iglhaut, 4.2 < 4.7 mm, cong
dụng cụ đục xương dr.iglhaut, 4.7 < 5.4 mm, cong
dụng cụ mở rộng đường dẫn  dr.iglhaut, 4.0 x 11 mm
dụng cụ đục xương dr.iglhaut, số 1
dụng cụ đục xương dr.iglhaut, số 2
dụng cụ đục xương dr.iglhaut, số 3
dụng cụ đục xương dr.iglhaut, số 4
cây đo túi lợi  interch, số cpg 11.5 who
cây đo túi lợi  interch, số cpg 12
cây đo túi lợi  interch, số cp 15 unc
cây đo túi lợi  interch, số cpng 22
cây đo túi lợi  williams/ g - fox
cây thăm dò nha chu, cp11/23
cây thăm dò nha chu, cp12/23
cây thăm dò nha chu, gf/23
cây thăm dò nha chu, um/23
cây thăm dò nha chu, w/23
dụng cụ nạo nha chu mccall, số 17s/18s
dụng cụ cạo vôi  mccall, 17/18
dụng cụ cạo vôi  roncati, h6/h7
dụng cụ nạo nha chu roncati
dụng cụ tách dr.iglhaut, 1.6 mm
dụng cụ tách dr.iglhaut, 1.6 < 2.2 mm
dụng cụ tách dr.iglhaut, 2.2 mm
cây dũa phủ carbon roncati, thẳng
cây dũa phủ carbon roncati, cong
đá mài arkansas
dụng cụ nạo mạ titan roncati, micro
dụng cụ nâng màng xương mảnh, slim
dụng cụ bóc tách màng xương, 5d
dụng cụ giũa nha chu
dụng cụ đục xương
dụng cụ đục xương lưỡi cắt lõm, số 0, 17.5 cm
dụng cụ đục xương lưỡi cắt lõm, số 1, 17.5 cm
dụng cụ đục xương lưỡi cắt lõm, số 2, 17.5 cm
dụng cụ đục xương lưỡi cắt lõm, số 3, 17.5 cm
dụng cụ kéo xương, 1.6/2.2 mm, số 1b
dụng cụ kéo xương, 2.2/2.8 mm, số 2b
dụng cụ kéo xương, 2.8/3.4 mm, số 3b
dụng cụ kéo xương, 3.4/4.0 mm, số 4b
đá mài dạng cốc
đá mài dạng cốc dùng trong trám răng
dụng cụ nén, 1.5 mm/1.7 mm, mũi tròn
dụng cụ nén, 90°
dụng cụ nén, góc ngược 90°
que hàn composite phủ titanium, số 1, phủ titan
que hàn composite phủ titanium, số 2, phủ titan
que hàn composite phủ titanium, số 3, phủ titan
que hàn composite phủ titanium, số 4, phủ titan
que hàn composite phủ titanium, số 5, phủ titan
que hàn composite phủ titanium, số 10, phủ titan
que hàn composite phủ titanium, số 1, mũi tù, titan
que hàn composite phủ titanium, số 2, mũi tù, titan
que hàn composite phủ titanium, số 3, mũi tù, titan
que hàn composite phủ titanium, số 4, mũi tù, titan
que hàn composite phủ titanium, số 5, mũi tù, titan
que hàn composite phủ titanium, số 6, mũi tù, titan
que hàn composite phủ titanium, số 1, mũi tù
que hàn composite phủ titanium, số 2, mũi tù
que hàn composite phủ titanium, số 3, mũi tù
que hàn composite phủ titanium, số 4, mũi tù
que hàn composite hình chân voi, số 0
que hàn composite hình chân voi, số 1
que hàn composite hình chân voi, số 2
que hàn composite, số 1, mũi tròn
que hàn composite, số 2, mũi tròn
que hàn composite, số 3, mũi tròn
que hàn composite, số 4, mũi tròn
que hàn composite, số 5, mũi tròn
que hàn composite, số 18, mũi tròn
que hàn composite, số 26/27s, mũi tròn
que hàn composite, số 27/28
que hàn composite, số 1
que hàn composite, số 2
que hàn composite, số 3
que hàn composite, số 1s
que hàn composite, số 2s
que hàn composite, số 3s
que nhồi chất hàn hai đầu, số 1s
que nhồi chất hàn hai đầu, số 2s
que nhồi chất hàn hai đầu, số 3s
que nhồi chất hàn hai đầu, số 4s
que nhồi chất hàn hai đầu, số 1p
que nhồi chất hàn hai đầu, số 2p
que nhồi chất hàn hai đầu, số 3p
que nhồi chất hàn hai đầu, số 4p
que nhồi chất hàn hai đầu, số 2d
que nhồi chất hàn hai đầu hollenback, số h1
que nhồi chất hàn hai đầu hollenback, số h2
que nhồi chất hàn hai đầu hollenback, số h3
que nhồi chất hàn hai đầu, số mq 1s
que nhồi chất hàn hai đầu, số 1
que nhồi chất hàn hai đầu, số 3
que nhồi chất hàn, số wo1
que nhồi chất hàn, số wo2
que nhồi chất hàn, số wo3
que nhồi chất hàn, số l2
que nhồi chất hàn, số l3
que nhồi chất hàn, số 1, mũi tròn/ mũi dẹt
que nhồi chất hàn, số 2, mũi tròn/ mũi dẹt
que nhồi chất hàn, số 3, mũi tròn/ mũi dẹt
que nhồi chất hàn, số 1a, mũi tròn/ mũi dẹt
que nhồi chất hàn, số 2a, mũi tròn/ mũi dẹt
que nhồi chất hàn, số 3a, mũi tròn/ mũi dẹt
que nhồi chất hàn, số 1b, mũi tròn/ mũi dẹt
que nhồi chất hàn, số 2b, mũi tròn/ mũi dẹt
que nhồi chất hàn, số 1c, mũi tròn/ mũi dẹt
que nhồi chất hàn, số 2c, mũi tròn/ mũi dẹt
que nhồi chất hàn, số 1, mũi dẹt
que nhồi chất hàn, số 2, mũi dẹt
que nhồi chất hàn, số 3, mũi dẹt
que nhồi chất hàn, số 10, mũi dẹt
que nhồi chất hàn, số 11a, mũi dẹt
que nhồi chất hàn, số 12, mũi dẹt
que nhồi chất hàn, số 13, mũi dẹt
que nhồi chất hàn, số 7a
que nhồi chất hàn, số 19
que nhồi chất hàn, số 7b
que nhồi chất hàn, số 6, mũi dẹt
que nhồi chất hàn, số 179, mũi dẹt
que hàn heidemann, số 1 - 2.0 mm, mũi dẹt
que hàn heidemann, số 2 - 2.5 mm, mũi dẹt
que hàn heidemann, số 3 - 3.0 mm, mũi dẹt
que hàn heidemann, số 11 - 2.0 mm, mũi dẹt, s
que hàn heidemann, số 12 - 2.5 mm, mũi dẹt, s
que hàn heidemann, số 13 - 3.0 mm, mũi dẹt, s
que trộn cement zuerich, mũi dẹt
que trộn cement, số 1a, mũi dẹt
que trộn cement, số 2a, mũi dẹt
que trộn cement, số 3a, mũi dẹt
que trộn cement, số 4, mũi dẹt
que trộn cement, số 00, mũi dẹt
que trộn cement, số 0, mũi dẹt
que trộn cement martin, số 1
que trộn cement martin, số 2
que trộn cement martin, số 3
thìa, plexiglass
dụng cụ giữ khuôn ivory
tấm matrix f molars, fg1
tấm matrix f molars, fg2
tấm matrix f molars, fg3
tấm matrix bicuspid, fg4
tấm matrix bicuspid, fg5
tấm matrix bicuspid, fg6
dụng cụ giữ khuôn ivory, 5 mm
dụng cụ giữ khuôn ivory, 6 mm
dụng cụ giữ khuôn ivory, 7 mm
dụng cụ giữ khuôn tofflemire
tấm matrix  tofflemire, fg1, 1 hộp 12 cái
tấm matrix  tofflemire, fig13, 1 hộp 12 cái
tấm matrix dành cho răng hàm, fg7
tấm matrix dành cho răng hàm, fg8
tấm matrix dành cho răng hàm, fg9
tấm matrix dành cho răng hàm, fg10
tấm matrix dành cho răng hàm, fg11
tấm matrix dành cho răng hàm, fg12
cuộn matrix, 5 mm, 100 cm
cuộn matrix, 6 mm, 1000 mm
kìm tạo lỗ ainsworth
kìm tạo lỗ amer.patt
kìm kẹp clamp ivory
kìm kẹp clamp brewer
clamp ivory, fg 26
clamp ivory, fg 27
clamp ivory, fg 28
clamp ivory, fg 29
clamp ivory, fg 30
clamp ivory, fg 31
clamp ivory, fg 51
clamp ivory, fg 60
kẹp giữ đê cao su wizard
khay lấy dấu elite, fg 0, sup-b
khay lấy dấu elite, fg 1, sup-b
khay lấy dấu elite, fg 2, sup-b
khay lấy dấu elite, fg 3, sup-b
khay lấy dấu elite, fg 4, sop-b
khay lấy dấu elite, fg 1, sup-p
khay lấy dấu elite, fg2, sup-p
khay lấy dấu elite, fg 3, sup-p
khay lấy dấu elite, fg 1, sup-f
khay lấy dấu elite, fg 2, sup-f
khay lấy dấu elite, fg3, sup-f
khay lấy dấu elite, fg1, sup-u
khay lấy dấu elite, fg 2, sup-u
khay lấy dấu elite, fg3, sup-u
khay lấy dấu elite, fg 0, inf-b
khay lấy dấu elite, fg1, inf-b
khay lấy dấu elite, fg2, inf-b
khay lấy dấu elite, 3, inf-b
khay lấy dấu elite, 4, inf-b
khay lấy dấu elite, 1, inf-p
khay lấy dấu elite, f 2, inf-p
khay lấy dấu elite, 3, inf-p
khay lấy dấu elite, fg 1, inf.u
khay lấy dấu elite, fg 2, inf-u
khay lấy dấu elite, f 3, inf-u
khay lấy dấu elite, fg 0, unp.sup-b
khay lấy dấu elite, fg1, unp.sup-b
khay lấy dấu elite, fg 2, unp.sup-b
khay lấy dấu elite, f 3, unp.sup-b
khay lấy dấu elite, fg 4, unp.sup-b
khay lấy dấu elite, f0, unp.unf-b
khay lấy dấu elite, fg1, unp.inf-b
khay lấy dấu elite, f2, unp.inf-b
khay lấy dấu elite, f3, unp.inf-b
khay lấy dấu elite, f4, unp.inf-b
khay lấy dấu elite, fg1, unp.inf-p
khay lấy dấu elite, f2, unp.inf-p
khay lấy dấu elite, f3, unp.inf-p
khay lấy dấu elite, f2, unp.inf-u
khay lấy dấu bán phần phải, f 1, perf.c1/2
khay lấy dấu bán phần phải, fg 2, perf.c 1/2
khay lấy dấu bán phần phải, fg 3, perf.c 1/2
khay lấy dấu bán phần phải, fg 2, unp.c1/2
khay lấy dấu bán phần trái, fg 1, perf.c1/2
khay lấy dấu bán phần trái, fg 2, perf.c1/2
khay lấy dấu bán phần trái, fg 3, perf.c1/2
khay lấy dấu  universal
khay lấy dấu universal
khay lấy dấu
khay lấy dấu stolley
dụng cụ nén, số 1
dụng cụ nén, số 2
dụng cụ đặt chỉ co nưới minami
dao trộn thạch cao schwarz, plexiglass
bát trộn thạch cao
dụng cụ sáp  thomas, số 1
dụng cụ sáp  thomas, số 2
dụng cụ sáp  thomas, số 3
dụng cụ sáp  thomas, số 4
dụng cụ sáp  thomas, số 5
dụng cụ tạo hình  hollenback, số 1/2
dụng cụ tạo hình  hollenback, số 3
dụng cụ tạo hình  hollenback, số 3s
dụng cụ tạo hình  frahm, số 0/1
dụng cụ tạo hình  frahm, số 2/3
dụng cụ tạo hình  ward, số 1
dụng cụ tạo hình  ward, số 1s
dụng cụ tạo hình  ward, số 2
dụng cụ tạo hình  nyström, số 1
dụng cụ tạo hình  nyström, số 2
dụng cụ tạo hình  nyström, số 3
dụng cụ tạo hình, mspr-18
dụng cụ tạo hình, số 0, c/d
dụng cụ tạo hình, số 4/5, c/d
dụng cụ tạo hình, số 3/6, c/d
dụng cụ tạo hình, số 4/7, c/d
dụng cụ tạo hình, số 89/92, c/d
dụng cụ tạo hình  hylin
dụng cụ tạo hình  zahle
dụng cụ tạo hình  le cron
dụng cụ tạo hình  beale
dụng cụ tạo hình  greenstein, 1 hộp 3 cái
dao cắt sáp gisy - wild
kẹp giấy chấm khớp miller
dụng cụ đẩy mão răng sachs
dụng cụ tháo mão răng treyemann
dụng cụ mão răng, số 1
dụng cụ mão răng, số 2
đầu chèn cho dụng cụ mão răng, số 1a
đầu chèn cho dụng cụ mão răng, số 2a
đầu chèn cho dụng cụ mão răng, số 3a
dụng cụ nới mão răng martin
kìm mũi phẳng, răng cưa, răng cưa, 5 mm
kìm mũi phẳng langbeck
kìm mũi phẳng, răng cưa, răng cưa
kìm mũi phẳng goslee
kìm mũi phẳng
kìm mũi phẳng dumont fine
kìm cắt, cán vàng
kìm cắt, cán vàng, 11.5 cm
kìm cắt, cán vàng, 13 cm
kìm  weingart, 14 cm
kìm tháo băng
kìm uốn dây góc, 12 cm
kìm uốn dây góc, đầu kìm dạng ngang
kìm uốn dây cung tweed
kìm uốn mắc cài
kìm uốn mắc cài schwarz, mẫu số 1
kìm uốn mắc cài schwarz, mẫu số 2
kìm uốn mắc cài schwarz, mẫu số 3
kìm uốn dây cung adams
kìm uốn dây cung young
kìm uốn dây cung aderer
kìm đa năng waldsachs
kìm cắt uốn đa năng
kìm tháo vòng đồng furrer
kìm luồn dây cung how, thẳng
kìm luồn dây cung how, cong
kìm chỉnh khí cụ johnson
kìm chỉnh khí cụ abell
banh má và mô mềm, lưỡi cong lên obwegeser, lưỡi 16x5 mm, dài 21.5 cm
banh má và mô mềm, lưỡi cong lên obwegeser, lưỡi 25x7 mm, dài 21 cm
banh má và mô mềm, lưỡi cong lên obwegeser, lưỡi 35x10 mm, dài 23 cm
banh má và mô mềm, lưỡi cong lên obwegeser, lưỡi 42x10 mm, dài 23 cm
banh má và mô mềm, lưỡi cong lên obwegeser, lưỡi 57x12.5 mm, dài 23.5 cm
banh má và mô mềm, lưỡi cong lên obwegeser, lưỡi 72x15 mm, dài 23.5 cm
banh má và mô mềm, lưỡi cong lên obwegeser, lưỡi 87x16 mm, dài 23.5 cm
banh má và mô mềm, lưỡi cong xuống obwegeser, lưỡi 16x5 mm, dài 21 cm
banh má và mô mềm, lưỡi cong xuống obwegeser, lưỡi 25x7 mm, dài 21 cm
banh má và mô mềm, lưỡi cong xuống obwegeser, lưỡi 35x10 mm, dài 23 cm
banh má và mô mềm, lưỡi cong xuống obwegeser, lưỡi 42x10 mm, dài 23 cm
banh má và mô mềm, lưỡi cong xuống obwegeser, lưỡi 55x12 mm, dài 23.5 cm
banh má và mô mềm, lưỡi cong xuống obwegeser, lưỡi 72x15 mm, dài 23.5 cm
banh má và mô mềm, lưỡi cong xuống obwegeser, lưỡi 86x17 mm, dài 23.5 cm
banh ramus obwegeser, lưỡi 75x11/15 mm, dài 24 cm
banh ramus obwegeser, lưỡi 75x12/22 mm, dài 24 cm
banh xương ổ răng obwegeser, dài 24 cm
mở vách ngăn mũi obwegeser, dài 24 cm
banh ramus obwegeser, loại nhỏ, dài 16.5 cm
banh ramus obwegeser, loại lớn, dài 17 cm
banh mũi lòng máng obwegeser, lưỡi rộng 9 mm, dài 16.5 cm
banh mũi lòng máng obwegeser, lưỡi rộng 10 mm, dài 16.5 cm
banh mũi lòng máng rasse, dài 165 mm
banh hàm mặt obwegeser, lưỡi rộng 16.5 mm, dài 16 cm
mài xương obwegeser, lưỡi rộng 6 mm, dài 18 cm
mài xương obwegeser, lưỡi rộng 7 mm, dài 18 cm
mài xương obwegeser, lưỡi rộng 9 mm, dài 18 cm
mài xương obwegeser, lưỡi rộng 11 mm, dài 18 cm
nâng màng xương obwegeser, lưỡi rộng 6 mm, dài 21 cm
mài xương obwegeser, lưỡi rộng 6 mm, dài 21 cm
dụng cụ bóc tách, bên trái obwegeser, lưỡi rộng 10 mm, dài 18 cm
dụng cụ bóc tách, bên phải obwegeser, lưỡi rộng 10 mm, dài 18 cm
bóc tách dây thần kinh obwegeser, lưỡi rộng 7.5 mm, dài 17.5 cm
bóc tách dây thần kinh obwegeser, lưỡi rộng 11 mm, dài 17.5 cm
bóc tách dây thần kinh obwegeser, lưỡi rộng 5 mm, dài 21 cm
bóc tách dây thần kinh obwegeser, lưỡi rộng 7 mm, dài 21 cm
bóc tách dây thần kinh obwegeser, lưỡi rộng 9 mm, dài 21 cm
đục xương vách ngăn obwegeser, lưỡi rộng 4 mm, dài 19 cm
đục xương vách ngăn obwegeser, lưỡi rộng 6 mm, dài 19 cm
đục xương vách ngăn obwegeser, lưỡi rộng 8 mm, dài 19 cm
đục chêm mũi nhọn obwegeser, lưỡi rộng 8 mm, dài 22.5 cm
đục chêm mũi nhọn obwegeser, lưỡi rộng 12 mm, dài 22.5 cm
đục chêm mũi nhọn obwegeser, lưỡi rộng 16 mm, dài 22.5 cm
đục xương dạng lưỡi dao obwegeser, lưỡi rộng 8 mm, dài 22.5 cm
đục xương dạng lưỡi dao obwegeser, lưỡi rộng 12 mm, dài 22.5 cm
đục xương dạng lưỡi dao obwegeser, lưỡi rộng 16 mm, dài 22.5 cm
đục xương dạng lưỡi dao obwegeser, lưỡi rộng 20 mm, dài 22.5 cm
kẹp mảnh xương, bên trái obwegeser, dài 21 cm
kẹp mảnh xương, bên phải obwegeser, dài 21 cm
tách xương obwegeser, lưỡi rộng 15 mm
tách xương obwegeser, lưỡi rộng 20 mm
đục xương dạng lưỡi dao obwegeser, lưỡi rộng 8 mm
đục xương dạng lưỡi dao obwegeser, lưỡi rộng 12 mm
đục xương dạng lưỡi dao obwegeser, lưỡi rộng 16 mm
đục xương dạng lưỡi dao obwegeser, lưỡi rộng 20 mm
đục xương obwegeser, lưỡi rộng 8 mm, 23 cm
đục xương obwegeser, lưỡi rộng 11 mm, 23 cm
đục xương obwegeser, lưỡi rộng 8 mm, 21 cm
đục xương obwegeser, lưỡi rộng 11 mm, 21 cm
đục xương obwegeser, lưỡi rộng 3 mm, 15.5 cm
đục xương obwegeser, lưỡi rộng 4 mm, 15.5 cm
đục xương obwegeser, lưỡi rộng 6.5 mm, 15.5 cm
dụng cụ điều chỉnh hàm trên maxillary, lưỡi rộng 12 mm, 23 cm
châm hàm dưới obwegeser, 15 cm
châm hàm dưới obwegeser, 17.5 cm
đục xương gò má obwegeser, 24 cm
kìm bẻ dây cung obwegeser, mũi phẳng, 12.5 cm
kìm bẻ dây cung obwegeser, mũi phẳng, 13.0 cm
kìm bẻ dây cung obwegeser, mũi phẳng, 15.0 cm
kìm bẻ dây cung obwegeser, mũi phẳng, 13 cm
kìm xoắn dây obwegeser, cán vàng, 14 cm
kìm định hình, convex/concave, 20 cm
kìm định hình, concave/convex, 20 cm
kìm định hình xương, 20 cm
dụng cụ móc da tessier, mũi sắc, 19 cm
kìm da đầu tessier, 13.5 cm
dụng cụ banh mũi mỏ vịt tessier, 35 mm
dụng cụ banh mũi mỏ vịt tessier, 45 mm
dụng cụ banh mũi mỏ vịt tessier, 70 mm
dao cắt xương tessier, lưỡi dao rộng 2 mm, thẳng, 16 cm
dao cắt xương tessier, lưỡi dao rộng 3 mm, thẳng, 16 cm
dao cắt xương tessier, lưỡi dao rộng 5 mm, thẳng, 16 cm
dao cắt xương tessier, lưỡi dao rộng 7 mm, thẳng, 16 cm
dao cắt xương tessier, lưỡi dao rộng 10 mm, thẳng, 16 cm
dao cắt xương tessier, lưỡi dao rộng 14 mm, thẳng, 16 cm
dao cắt xương tessier, lưỡi dao rộng 16 mm, thẳng, 16 cm
dao cắt xương tessier, lưỡi dao rộng 5 mm, cong, 16 cm
dao cắt xương tessier, lưỡi dao rộng 7 mm, cong, 16 cm
dao cắt xương tessier, lưỡi dao rộng 10 mm, cong, 16 cm
dao cắt xương tessier, lưỡi dao rộng 18 mm, thẳng, 16 cm
dao cắt xương tessier, lưỡi dao rộng 10 mm, cong, 18 cm
dao cắt xương tessier, lưỡi dao rộng 10 mm, thẳng, 20 cm
dao cắt xương tessier, lưỡi dao rộng 15 mm, thẳng, 20 cm
dao cắt xương tessier, lưỡi dao rộng 20 mm, thẳng, 20 cm
dao cắt xương tessier, lưỡi dao rộng 30 mm, thẳng, 20 cm
dao cắt xương tessier, lưỡi dao rộng 10 mm, cong, 20 cm
dao cắt xương tessier, lưỡi dao rộng 15mm, cong, 20 cm
dao cắt xương tessier, lưỡi dao rộng 15 mm, thẳng, 16 cm
dao cắt xương tessier, lưỡi rộng 10 mm, cong, 16 cm
dao cắt xương tessier, lưỡi rộng 15 mm, cong, 16 cm
kẹp mở rộng khoang ngực tessier, lưỡi kẹp 90x22 mm, 21 cm
kẹp mở rộng khoang ngực tessier, lưỡi kẹp 120x28mm, 26.5 cm
kẹp giữ xương tessier, lưỡi kẹp rộng 5 mm, 16.5 cm
kẹp giữ xương tessier, lưỡi kẹp rộng 5 mm, 18 cm
kìm cắt xương tessier
kìm cắt xương tessier, 18.5 cm
kìm cắt xương tessier, 22 cm
kìm tạo hình xương, lưỡi kìm 11 mm, góc, 22 cm
dụng cụ mài xương tessier, lưỡi mài 6 mm, góc 30°, 18 cm
dụng cụ mài xương tessier, lưỡi mài 6 mm, góc 60°, 18 cm
dụng cụ mài xương tessier, lưỡi mài 12 mm, 20.5 cm
dụng cụ mài xương tessier, lưỡi mài 14 mm, 20.5 cm
đục mũi tessier, đường kính 2.5 mm, 21 cm
dụng cụ khoan lỗ  tessier, đường kính 4.5 mm, 16.5 cm
dụng cụ khoan   tessier, đường kính 2 mm, 14 cm
que trộn có thể uốn dẻo tessier, 10/12 mm, m, 22 cm
que trộn có thể uốn dẻo tessier, 15/17 mm, m, 22 cm
que trộn có thể uốn dẻo tessier, 20/22 mm, m, 22 cm
kẹp kéo mô mềm tessier, lưỡi kẹp 19x7/29x10 mm
kẹp kéo mô mềm tessier, lưỡi kẹp 20x13/30x15 mm
kẹp kéo mô mềm tessier, lưỡi kẹp 28x13/36x15 mm
kẹp kéo mô mềm tessier, lưỡi kẹp 33x12/43x15 mm
kẹp kéo mô mềm tessier, lưỡi kẹp 50x12/68x16 mm
kẹp kéo mô mềm tessier, lưỡi kẹp 30x12/38x16 mm
kẹp kéo mô mềm tessier, lưỡi kẹp 35x12/45x16 mm
kẹp kéo mô mềm tessier, lưỡi kẹp 50x12/70x16 mm
dao cắt xương vách ngăn tessier, thẳng, 19 cm
dao cắt xương tessier, lưỡi rộng 10 mm, cong, 18 cm
dao cắt xương tessier - kawamoto, lưỡi rộng 9 mm, 18 cm
dao cắt xương khẩu cái, 22 cm
kéo tách lớp tessier, cong, 13 cm
kéo   tessier, thẳng, sh/sh, cán vàng
kéo   tessier, thẳng, bl/bl, cán vàng
kìm chỉnh sửa, 23 cm
thước đo tessier, 200 mm, 26 cm
dụng cụ đo  perkins, 14.5 cm
kìm tách  tessier, 7 mm
đòn bẩy di động  tessier, 9 mm
thước đo  marchac, 80 mm
đòn bẩy nâng streinberg, 18 cm
đòn bẩy nâng streinberg, 19.5 cm
bẩy xương streinberg, đầu sắc, 22.5 cm
đòn bẩy nâng streinberg, 4 mm, 18.5 cm
kẹp kéo  streinberg, lưỡi kẹp 60x9/13 mm, 22 cm
kẹp kéo xương hàm, lưỡi kẹp 8.5x80 mm
kìm giữ tấm xương, 16 cm
kìm chỉnh sửa
kẹp giữ cố định xương, 15 cm
kẹp cố định khớp thái dương hàm
dụng cụ tách mô và hút dịch, thẳng, 19 cm
dao cắt xương marchac, 4 mm, thẳng, 18.5 cm
dao cắt xương marchac, 6 mm, thẳng, 18.5 cm
dao cắt xương marchac, 8 mm, thẳng, 18.5 cm
dao cắt xương marchac, 6 mm, cong, 18.5 cm
dụng cụ móc xương marchac, mũi nhọn, 20 cm
dụng cụ mở rộng xương marchac, 17.5 cm
dụng cụ vén má
ống thông, một đầu nhọn
ống thông, hai đầu nhọn
ống thông, đầu trơn
thước đo độ sâu
bàn chải tay  martin - aseptic
máy phân phối bàn chải, 10 bàn chải
máy phân phối bàn chải, 20 bàn chải
kéo cắt móng tay, cong, 10.5 cm
kìm cắt móng tay, lưỡi cắt xiên, 14 cm
kìm cắt móng tay, 14 cm
kẹp tách móng tay, thẳng, 13 cm
dụng cụ cắt biểu bì, cong, 11 cm
kéo cắt biểu bì, thẳng, 10.5 cm
kéo cắt biểu bì, cong, 10.5 cm
dũa móng tay, 9 cm
dũa móng tay, 16 cm
kính bảo hộ  zeller
nhãn dán miniset, 1 hộp 1000 cái
tấm silicone
kẹp tiệt trùng, 27 cm
kẹp tiệt trùng, 30 cm
hộp đựng kim, 210x125x17 mm
đáy hộp đựng và bảo quản dụng cụ marsafe, màu xám, màu xám, 30x30x11cm
đáy hộp đựng và bảo quản dụng cụ marsafe, màu xám, màu xám, 30x30x14cm
đáy hộp đựng và bảo quản dụng cụ marsafe, màu xám, màu xám, 30x30x16cm
đáy hộp đựng và bảo quản dụng cụ marsafe, màu xám, màu xám, 30x30x21cm
đáy hộp đựng và bảo quản dụng cụ marsafe, màu xám, màu xám, 30x30x27cm
hộp đựng và bảo quản dụng cụ marsafe, phần cài màu xám, phần cài màu xám, 30x30x11cm
hộp đựng và bảo quản dụng cụ marsafe, phần cài màu xám, phần cài màu xám, 30x30x14cm
hộp đựng và bảo quản dụng cụ marsafe, phần cài màu xám, phần cài màu xám, 30x30x16cm
hộp đựng và bảo quản dụng cụ marsafe, phần cài màu xám, phần cài màu xám, 30x30x21cm
hộp đựng và bảo quản dụng cụ marsafe, phần cài màu xám, phần cài màu xám, 30x30x27cm
đáy hộp đựng và bảo quản dụng cụ marsafe, màu xám, màu xám, có lỗ, 30x30x11cm
đáy hộp đựng và bảo quản dụng cụ marsafe, màu xám, màu xám, có lỗ, 30x30x14cm
đáy hộp đựng và bảo quản dụng cụ marsafe, màu xám, màu xám, có lỗ, 30x30x16cm
đáy hộp đựng và bảo quản dụng cụ marsafe, màu xám, màu xám, có lỗ, 30x30x21cm
đáy hộp đựng và bảo quản dụng cụ marsafe, màu xám, màu xám, có lỗ, 30x30x27cm
hộp đựng và bảo quản dụng cụ marsafe, phần cài màu xám, phần cài màu xám, đáy có lỗ, 30x30x11cm
hộp đựng và bảo quản dụng cụ marsafe, phần cài màu xám, phần cài màu xám, đáy có lỗ, 30x30x14cm
hộp đựng và bảo quản dụng cụ marsafe, phần cài màu xám, phần cài màu xám, đáy có lỗ, 30x30x16cm
hộp đựng và bảo quản dụng cụ marsafe, phần cài màu xám, phần cài màu xám, đáy có lỗ, 30x30x21cm
hộp đựng và bảo quản dụng cụ marsafe, phần cài màu xám, phần cài màu xám, đáy có lỗ, 30x30x27cm
đáy hộp đựng và bảo quản dụng cụ marsafe, màu xám, màu xám, 47x30x11cm
đáy hộp đựng và bảo quản dụng cụ marsafe, màu xám, màu xám, 47x30x14cm
đáy hộp đựng và bảo quản dụng cụ marsafe, màu xám, màu xám, 47x30x16cm
hộp đựng và bảo quản dụng cụ marsafe, phần cài màu xám, phần cài màu xám, đáy kín, 47x30x11cm
hộp đựng và bảo quản dụng cụ marsafe, phần cài màu xám, phần cài màu xám, đáy kín, 47x30x14cm
hộp đựng và bảo quản dụng cụ marsafe, phần cài màu xám, phần cài màu xám, đáy kín, 47x30x16cm
đáy hộp đựng và bảo quản dụng cụ marsafe, màu xám, màu xám, có lỗ, 47x30x11cm
đáy hộp đựng và bảo quản dụng cụ marsafe, màu xám, màu xám, có lỗ, 47x30x14cm
đáy hộp đựng và bảo quản dụng cụ marsafe, màu xám, màu xám, có lỗ, 47x30x16cm
hộp đựng và bảo quản dụng cụ marsafe, phần cài màu xám, phần cài màu xám, đáy có lỗ, 47x30x11cm
hộp đựng và bảo quản dụng cụ marsafe, phần cài màu xám, phần cài màu xám, đáy có lỗ, 47x30x14cm
hộp đựng và bảo quản dụng cụ marsafe, phần cài màu xám, phần cài màu xám, đáy có lỗ, 47x30x16cm
đáy hộp đựng và bảo quản dụng cụ marsafe, màu xám, màu xám, 60x30x11cm
đáy hộp đựng và bảo quản dụng cụ marsafe, màu xám, màu xám, 60x30x14cm
đáy hộp đựng và bảo quản dụng cụ marsafe, màu xám, màu xám, 60x30x16cm
đáy hộp đựng và bảo quản dụng cụ marsafe, màu xám, màu xám, 60x30x21cm
đáy hộp đựng và bảo quản dụng cụ marsafe, màu xám, màu xám, 60x30x27cm
hộp đựng và bảo quản dụng cụ marsafe, phần cài màu xám, phần cài màu xám, đáy kín, 60x30x11cm
hộp đựng và bảo quản dụng cụ marsafe, phần cài màu xám, phần cài màu xám, đáy kín, 60x30x14cm
hộp đựng và bảo quản dụng cụ marsafe, phần cài màu xám, phần cài màu xám, đáy kín, 60x30x16cm
hộp đựng và bảo quản dụng cụ marsafe, phần cài màu xám, phần cài màu xám, đáy kín, 60x30x21cm
hộp đựng và bảo quản dụng cụ marsafe, phần cài màu xám, phần cài màu xám, đáy kín, 60x30x27cm
đáy hộp đựng và bảo quản dụng cụ marsafe, màu xám, màu xám, có lỗ, 60x30x11cm
đáy hộp đựng và bảo quản dụng cụ marsafe, màu xám, màu xám, có lỗ, 60x30x14cm
đáy hộp đựng và bảo quản dụng cụ marsafe, màu xám, màu xám, có lỗ, 60x30x16cm
đáy hộp đựng và bảo quản dụng cụ marsafe, màu xám, màu xám, có lỗ, 60x30x21cm
đáy hộp đựng và bảo quản dụng cụ marsafe, màu xám, màu xám, có lỗ, 60x30x27cm
hộp đựng và bảo quản dụng cụ marsafe, phần cài màu xám, phần cài màu xám, đáy có lỗ, 60x30x11cm
hộp đựng và bảo quản dụng cụ marsafe, phần cài màu xám, phần cài màu xám, đáy có lỗ, 60x30x14cm
hộp đựng và bảo quản dụng cụ marsafe, phần cài màu xám, phần cài màu xám, đáy có lỗ, 60x30x16cm
hộp đựng và bảo quản dụng cụ marsafe, phần cài màu xám, phần cài màu xám, đáy có lỗ, 60x30x21cm
hộp đựng và bảo quản dụng cụ marsafe, phần cài màu xám, phần cài màu xám, đáy có lỗ, 60x30x27cm
hộp đựng và bảo quản dụng cụ marsafe+, phần cài màu xám, phần cài màu xám, 30x30x11cm
hộp đựng và bảo quản dụng cụ marsafe+, phần cài màu xám, phần cài màu xám, 30x30x14cm
hộp đựng và bảo quản dụng cụ marsafe+, phần cài màu xám, phần cài màu xám, 30x30x16cm
hộp đựng và bảo quản dụng cụ marsafe+, phần cài màu xám, phần cài màu xám, 30x30x21cm
hộp đựng và bảo quản dụng cụ marsafe+, phần cài màu xám, phần cài màu xám, 30x30x27cm
hộp đựng và bảo quản dụng cụ marsafe+, phần cài màu xám, phần cài màu xám, 47x30x11cm
hộp đựng và bảo quản dụng cụ marsafe+, phần cài màu xám, phần cài màu xám, 47x30x14cm
hộp đựng và bảo quản dụng cụ marsafe+, phần cài màu xám, phần cài màu xám, 47x30x16cm
hộp đựng và bảo quản dụng cụ marsafe+, phần cài màu xám, phần cài màu xám, 60x30x11cm
hộp đựng và bảo quản dụng cụ marsafe+, phần cài màu xám, phần cài màu xám, 60x30x14cm
hộp đựng và bảo quản dụng cụ marsafe+, phần cài màu xám, phần cài màu xám, 60x30x16cm
hộp đựng và bảo quản dụng cụ marsafe+, phần cài màu xám, phần cài màu xám, 60x30x21cm
hộp đựng và bảo quản dụng cụ marsafe+, phần cài màu xám, phần cài màu xám, 60x30x27cm
đáy hộp đựng và bảo quản dụng cụ marsafe, màu đỏ, màu đỏ, 30x30x11cm
đáy hộp đựng và bảo quản dụng cụ marsafe, màu đỏ, màu đỏ, 30x30x14cm
đáy hộp đựng và bảo quản dụng cụ marsafe, màu đỏ, màu đỏ, 30x30x16cm
đáy hộp đựng và bảo quản dụng cụ marsafe, màu đỏ, màu đỏ, 30x30x21cm
đáy hộp đựng và bảo quản dụng cụ marsafe, màu đỏ, màu đỏ, 30x30x27cm
hộp đựng và bảo quản dụng cụ marsafe, phần cài màu đỏ, phần cài màu đỏ, 30x30x11cm
hộp đựng và bảo quản dụng cụ marsafe, phần cài màu đỏ, phần cài màu đỏ, 30x30x14cm
hộp đựng và bảo quản dụng cụ marsafe, phần cài màu đỏ, phần cài màu đỏ, 30x30x16cm
hộp đựng và bảo quản dụng cụ marsafe, phần cài màu đỏ, phần cài màu đỏ, 30x30x21cm
hộp đựng và bảo quản dụng cụ marsafe, phần cài màu đỏ, phần cài màu đỏ, 30x30x27cm
đáy hộp đựng và bảo quản dụng cụ marsafe, màu đỏ, màu đỏ, có lỗ, 30x30x11cm
đáy hộp đựng và bảo quản dụng cụ marsafe, màu đỏ, màu đỏ, có lỗ, 30x30x14cm
đáy hộp đựng và bảo quản dụng cụ marsafe, màu đỏ, màu đỏ, có lỗ, 30x30x16cm
đáy hộp đựng và bảo quản dụng cụ marsafe, màu đỏ, màu đỏ, có lỗ, 30x30x21cm
đáy hộp đựng và bảo quản dụng cụ marsafe, màu đỏ, màu đỏ, có lỗ, 30x30x27cm
hộp đựng và bảo quản dụng cụ marsafe, phần cài màu đỏ, phần cài màu đỏ, đáy có lỗ, 30x30x11cm
hộp đựng và bảo quản dụng cụ marsafe, phần cài màu đỏ, phần cài màu đỏ, đáy có lỗ, 30x30x14cm
hộp đựng và bảo quản dụng cụ marsafe, phần cài màu đỏ, phần cài màu đỏ, đáy có lỗ, 30x30x16cm
hộp đựng và bảo quản dụng cụ marsafe, phần cài màu đỏ, phần cài màu đỏ, đáy có lỗ, 30x30x21cm
hộp đựng và bảo quản dụng cụ marsafe, phần cài màu đỏ, phần cài màu đỏ, đáy có lỗ, 30x30x27cm
đáy hộp đựng và bảo quản dụng cụ marsafe, màu đỏ, màu đỏ, 47x30x11cm
đáy hộp đựng và bảo quản dụng cụ marsafe, màu đỏ, màu đỏ, 47x30x14cm
đáy hộp đựng và bảo quản dụng cụ marsafe, màu đỏ, màu đỏ, 47x30x16cm
hộp đựng và bảo quản dụng cụ marsafe, phần cài màu đỏ, phần cài màu đỏ, 47x30x11cm
hộp đựng và bảo quản dụng cụ marsafe, phần cài màu đỏ, phần cài màu đỏ, 47x30x14cm
hộp đựng và bảo quản dụng cụ marsafe, phần cài màu đỏ, phần cài màu đỏ, 47x30x16cm
đáy hộp đựng và bảo quản dụng cụ marsafe, màu đỏ, màu đỏ, có lỗ, 47x30x11cm
đáy hộp đựng và bảo quản dụng cụ marsafe, màu đỏ, màu đỏ, có lỗ, 47x30x14cm
đáy hộp đựng và bảo quản dụng cụ marsafe, màu đỏ, màu đỏ, có lỗ, 47x30x16cm
hộp đựng và bảo quản dụng cụ marsafe, phần cài màu đỏ, phần cài màu đỏ, đáy có lỗ, 47x30x11cm
hộp đựng và bảo quản dụng cụ marsafe, phần cài màu đỏ, phần cài màu đỏ, đáy có lỗ, 47x30x14cm
hộp đựng và bảo quản dụng cụ marsafe, phần cài màu đỏ, phần cài màu đỏ, đáy có lỗ, 47x30x16cm
đáy hộp đựng và bảo quản dụng cụ marsafe, màu đỏ, màu đỏ, 60x30x11cm
đáy hộp đựng và bảo quản dụng cụ marsafe, màu đỏ, màu đỏ, 60x30x14cm
đáy hộp đựng và bảo quản dụng cụ marsafe, màu đỏ, màu đỏ, 60x30x16cm
đáy hộp đựng và bảo quản dụng cụ marsafe, màu đỏ, màu đỏ, 60x30x21cm
đáy hộp đựng và bảo quản dụng cụ marsafe, màu đỏ, màu đỏ, 60x30x27cm
hộp đựng và bảo quản dụng cụ marsafe, phần cài màu đỏ, phần cài màu đỏ, 60x30x11cm
hộp đựng và bảo quản dụng cụ marsafe, phần cài màu đỏ, phần cài màu đỏ, 60x30x14cm
hộp đựng và bảo quản dụng cụ marsafe, phần cài màu đỏ, phần cài màu đỏ, 60x30x16cm
hộp đựng và bảo quản dụng cụ marsafe, phần cài màu đỏ, phần cài màu đỏ, 60x30x21cm
hộp đựng và bảo quản dụng cụ marsafe, phần cài màu đỏ, phần cài màu đỏ, 60x30x27cm
đáy hộp đựng và bảo quản dụng cụ marsafe, màu đỏ, màu đỏ, có lỗ, 60x30x11cm
đáy hộp đựng và bảo quản dụng cụ marsafe, màu đỏ, màu đỏ, có lỗ, 60x30x14cm
đáy hộp đựng và bảo quản dụng cụ marsafe, màu đỏ, màu đỏ, có lỗ, 60x30x16cm
đáy hộp đựng và bảo quản dụng cụ marsafe, màu đỏ, màu đỏ, có lỗ, 60x30x21cm
đáy hộp đựng và bảo quản dụng cụ marsafe, màu đỏ, màu đỏ, có lỗ, 60x30x27cm
hộp đựng và bảo quản dụng cụ marsafe, phần cài màu đỏ, phần cài màu đỏ, đáy có lỗ, 60x30x11cm
hộp đựng và bảo quản dụng cụ marsafe, phần cài màu đỏ, phần cài màu đỏ, đáy có lỗ, 60x30x14cm
hộp đựng và bảo quản dụng cụ marsafe, phần cài màu đỏ, phần cài màu đỏ, đáy có lỗ, 60x30x16cm
hộp đựng và bảo quản dụng cụ marsafe, phần cài màu đỏ, phần cài màu đỏ, đáy có lỗ, 60x30x21cm
hộp đựng và bảo quản dụng cụ marsafe, phần cài màu đỏ, phần cài màu đỏ, đáy có lỗ, 60x30x27cm
hộp đựng và bảo quản dụng cụ marsafe +, phần cài màu đỏ, phần cài màu đỏ, 30x30x11cm
hộp đựng và bảo quản dụng cụ marsafe +, phần cài màu đỏ, phần cài màu đỏ, 30x30x14cm
hộp đựng và bảo quản dụng cụ marsafe +, phần cài màu đỏ, phần cài màu đỏ, 30x30x16cm
hộp đựng và bảo quản dụng cụ marsafe +, phần cài màu đỏ, phần cài màu đỏ, 30x30x21cm
hộp đựng và bảo quản dụng cụ marsafe +, phần cài màu đỏ, phần cài màu đỏ, 30x30x27cm
hộp đựng và bảo quản dụng cụ marsafe +, phần cài màu đỏ, phần cài màu đỏ, 47x30x11cm
hộp đựng và bảo quản dụng cụ marsafe +, phần cài màu đỏ, phần cài màu đỏ, 47x30x14cm
hộp đựng và bảo quản dụng cụ marsafe +, phần cài màu đỏ, phần cài màu đỏ, 47x30x16cm
hộp đựng và bảo quản dụng cụ marsafe +, phần cài màu đỏ, phần cài màu đỏ, 60x30x11cm
hộp đựng và bảo quản dụng cụ marsafe +, phần cài màu đỏ, phần cài màu đỏ, 60x30x14cm
hộp đựng và bảo quản dụng cụ marsafe +, phần cài màu đỏ, phần cài màu đỏ, 60x30x16cm
hộp đựng và bảo quản dụng cụ marsafe +, phần cài màu đỏ, phần cài màu đỏ, 60x30x21cm
hộp đựng và bảo quản dụng cụ marsafe +, phần cài màu đỏ, phần cài màu đỏ, 60x30x27cm
đáy hộp đựng và bảo quản dụng cụ marsafe, màu xanh dương, màu xanh dương, 30x30x11cm
đáy hộp đựng và bảo quản dụng cụ marsafe, màu xanh dương, màu xanh dương, 30x30x14cm
đáy hộp đựng và bảo quản dụng cụ marsafe, màu xanh dương, màu xanh dương, 30x30x16cm
đáy hộp đựng và bảo quản dụng cụ marsafe, màu xanh dương, màu xanh dương, 30x30x21cm
đáy hộp đựng và bảo quản dụng cụ marsafe, màu xanh dương, màu xanh dương, 30x30x27cm
hộp đựng và bảo quản dụng cụ marsafe, phần cài màu xanh dương, phần cài màu xanh dương, 30x30x11cm
hộp đựng và bảo quản dụng cụ marsafe, phần cài màu xanh dương, phần cài màu xanh dương, 30x30x14cm
hộp đựng và bảo quản dụng cụ marsafe, phần cài màu xanh dương, phần cài màu xanh dương, 30x30x16cm
hộp đựng và bảo quản dụng cụ marsafe, phần cài màu xanh dương, phần cài màu xanh dương, 30x30x21cm
hộp đựng và bảo quản dụng cụ marsafe, phần cài màu xanh dương, phần cài màu xanh dương, 30x30x27cm
đáy hộp đựng và bảo quản dụng cụ marsafe, màu xanh dương, màu xanh dương, có lỗ, 30x30x11cm
đáy hộp đựng và bảo quản dụng cụ marsafe, màu xanh dương, màu xanh dương, có lỗ, 30x30x14cm
đáy hộp đựng và bảo quản dụng cụ marsafe, màu xanh dương, màu xanh dương, có lỗ, 30x30x16cm
đáy hộp đựng và bảo quản dụng cụ marsafe, màu xanh dương, màu xanh dương, có lỗ, 30x30x21cm
đáy hộp đựng và bảo quản dụng cụ marsafe, màu xanh dương, màu xanh dương, có lỗ, 30x30x27cm
hộp đựng và bảo quản dụng cụ marsafe, phần cài màu xanh dương, phần cài màu xanh dương, đáy có lỗ, 30x30x11cm
hộp đựng và bảo quản dụng cụ marsafe, phần cài màu xanh dương, phần cài màu xanh dương, đáy có lỗ, 30x30x14cm
hộp đựng và bảo quản dụng cụ marsafe, phần cài màu xanh dương, phần cài màu xanh dương, đáy có lỗ, 30x30x16cm
hộp đựng và bảo quản dụng cụ marsafe, phần cài màu xanh dương, phần cài màu xanh dương, đáy có lỗ, 30x30x21cm
hộp đựng và bảo quản dụng cụ marsafe, phần cài màu xanh dương, phần cài màu xanh dương, đáy có lỗ, 30x30x27cm
đáy hộp đựng và bảo quản dụng cụ marsafe, màu xanh dương, màu xanh dương, 47x30x11cm
đáy hộp đựng và bảo quản dụng cụ marsafe, màu xanh dương, màu xanh dương, 47x30x14cm
đáy hộp đựng và bảo quản dụng cụ marsafe, màu xanh dương, màu xanh dương, 47x30x16cm
hộp đựng và bảo quản dụng cụ marsafe, phần cài màu xanh dương, phần cài màu xanh dương, 47x30x11cm
hộp đựng và bảo quản dụng cụ marsafe, phần cài màu xanh dương, phần cài màu xanh dương, 47x30x14cm
hộp đựng và bảo quản dụng cụ marsafe, phần cài màu xanh dương, phần cài màu xanh dương, 47x30x16cm
đáy hộp đựng và bảo quản dụng cụ marsafe, màu xanh dương, màu xanh dương, có lỗ, 47x30x11cm
đáy hộp đựng và bảo quản dụng cụ marsafe, màu xanh dương, màu xanh dương, có lỗ, 47x30x14cm
đáy hộp đựng và bảo quản dụng cụ marsafe, màu xanh dương, màu xanh dương, có lỗ, 47x30x16cm
hộp đựng và bảo quản dụng cụ marsafe, phần cài màu xanh dương, phần cài màu xanh dương, đáy có lỗ, 47x30x11cm
hộp đựng và bảo quản dụng cụ marsafe, phần cài màu xanh dương, phần cài màu xanh dương, đáy có lỗ, 47x30x14cm
hộp đựng và bảo quản dụng cụ marsafe, phần cài màu xanh dương, phần cài màu xanh dương, đáy có lỗ, 47x30x16cm
đáy hộp đựng và bảo quản dụng cụ marsafe, màu xanh dương, màu xanh dương, 60x30x11cm
đáy hộp đựng và bảo quản dụng cụ marsafe, màu xanh dương, màu xanh dương, 60x30x14cm
đáy hộp đựng và bảo quản dụng cụ marsafe, màu xanh dương, màu xanh dương, 60x30x16cm
đáy hộp đựng và bảo quản dụng cụ marsafe, màu xanh dương, màu xanh dương, 60x30x21cm
đáy hộp đựng và bảo quản dụng cụ marsafe, màu xanh dương, màu xanh dương, 60x30x27cm
hộp đựng và bảo quản dụng cụ marsafe, phần cài màu xanh dương, phần cài màu xanh dương, 60x30x11cm
hộp đựng và bảo quản dụng cụ marsafe, phần cài màu xanh dương, phần cài màu xanh dương, 60x30x14cm
hộp đựng và bảo quản dụng cụ marsafe, phần cài màu xanh dương, phần cài màu xanh dương, 60x30x16cm
hộp đựng và bảo quản dụng cụ marsafe, phần cài màu xanh dương, phần cài màu xanh dương, 60x30x21cm
hộp đựng và bảo quản dụng cụ marsafe, phần cài màu xanh dương, phần cài màu xanh dương, 60x30x27cm
đáy hộp đựng và bảo quản dụng cụ marsafe, màu xanh dương, màu xanh dương, có lỗ, 60x30x11cm
đáy hộp đựng và bảo quản dụng cụ marsafe, màu xanh dương, màu xanh dương, có lỗ, 60x30x14cm
đáy hộp đựng và bảo quản dụng cụ marsafe, màu xanh dương, màu xanh dương, có lỗ, 60x30x16cm
đáy hộp đựng và bảo quản dụng cụ marsafe, màu xanh dương, màu xanh dương, có lỗ, 60x30x21cm
đáy hộp đựng và bảo quản dụng cụ marsafe, màu xanh dương, màu xanh dương, có lỗ, 60x30x27cm
hộp đựng và bảo quản dụng cụ marsafe, phần cài màu xanh dương, phần cài màu xanh dương, đáy có lỗ, 60x30x11cm
hộp đựng và bảo quản dụng cụ marsafe, phần cài màu xanh dương, phần cài màu xanh dương, đáy có lỗ, 60x30x14cm
hộp đựng và bảo quản dụng cụ marsafe, phần cài màu xanh dương, phần cài màu xanh dương, đáy có lỗ, 60x30x16cm
hộp đựng và bảo quản dụng cụ marsafe, phần cài màu xanh dương, phần cài màu xanh dương, đáy có lỗ, 60x30x21cm
hộp đựng và bảo quản dụng cụ marsafe, phần cài màu xanh dương, phần cài màu xanh dương, đáy có lỗ, 60x30x27cm
hộp đựng và bảo quản dụng cụ marsafe +, phần cài màu xanh dương, phần cài màu xanh dương, 30x30x11cm
hộp đựng và bảo quản dụng cụ marsafe +, phần cài màu xanh dương, phần cài màu xanh dương, 30x30x14cm
hộp đựng và bảo quản dụng cụ marsafe +, phần cài màu xanh dương, phần cài màu xanh dương, 30x30x16cm
hộp đựng và bảo quản dụng cụ marsafe +, phần cài màu xanh dương, phần cài màu xanh dương, 30x30x21cm
hộp đựng và bảo quản dụng cụ marsafe +, phần cài màu xanh dương, phần cài màu xanh dương, 30x30x27cm
hộp đựng và bảo quản dụng cụ marsafe +, phần cài màu xanh dương, phần cài màu xanh dương, 47x30x11cm
hộp đựng và bảo quản dụng cụ marsafe +, phần cài màu xanh dương, phần cài màu xanh dương, 47x30x14cm
hộp đựng và bảo quản dụng cụ marsafe +, phần cài màu xanh dương, phần cài màu xanh dương, 47x30x16cm
hộp đựng và bảo quản dụng cụ marsafe +, phần cài màu xanh dương, phần cài màu xanh dương, 60x30x11cm
hộp đựng và bảo quản dụng cụ marsafe +, phần cài màu xanh dương, phần cài màu xanh dương, 60x30x14cm
hộp đựng và bảo quản dụng cụ marsafe +, phần cài màu xanh dương, phần cài màu xanh dương, 60x30x16cm
hộp đựng và bảo quản dụng cụ marsafe +, phần cài màu xanh dương, phần cài màu xanh dương, 60x30x21cm
hộp đựng và bảo quản dụng cụ marsafe +, phần cài màu xanh dương, phần cài màu xanh dương, 60x30x27cm
đáy hộp đựng và bảo quản dụng cụ marsafe, màu cam, màu cam, 30x30x11cm
đáy hộp đựng và bảo quản dụng cụ marsafe, màu cam, màu cam, 30x30x14cm
đáy hộp đựng và bảo quản dụng cụ marsafe, màu cam, màu cam, 30x30x16cm
đáy hộp đựng và bảo quản dụng cụ marsafe, màu cam, màu cam, 30x30x21cm
đáy hộp đựng và bảo quản dụng cụ marsafe, màu cam, màu cam, 30x30x27cm
hộp đựng và bảo quản dụng cụ marsafe, phần cài màu cam, phần cài màu cam, 30x30x11cm
hộp đựng và bảo quản dụng cụ marsafe, phần cài màu cam, phần cài màu cam, 30x30x14cm
hộp đựng và bảo quản dụng cụ marsafe, phần cài màu cam, phần cài màu cam, 30x30x16cm
hộp đựng và bảo quản dụng cụ marsafe, phần cài màu cam, phần cài màu cam, 30x30x21cm
hộp đựng và bảo quản dụng cụ marsafe, phần cài màu cam, phần cài màu cam, 30x30x27cm
đáy hộp đựng và bảo quản dụng cụ marsafe, màu cam, màu cam, có lỗ, 30x30x11cm
đáy hộp đựng và bảo quản dụng cụ marsafe, màu cam, màu cam, có lỗ, 30x30x14cm
đáy hộp đựng và bảo quản dụng cụ marsafe, màu cam, màu cam, có lỗ, 30x30x16cm
đáy hộp đựng và bảo quản dụng cụ marsafe, màu cam, màu cam, có lỗ, 30x30x21cm
đáy hộp đựng và bảo quản dụng cụ marsafe, màu cam, màu cam, có lỗ, 30x30x27cm
hộp đựng và bảo quản dụng cụ marsafe, phần cài màu cam, phần cài màu cam, đáy có lỗ, 30x30x11cm
hộp đựng và bảo quản dụng cụ marsafe, phần cài màu cam, phần cài màu cam, đáy có lỗ, 30x30x14cm
hộp đựng và bảo quản dụng cụ marsafe, phần cài màu cam, phần cài màu cam, đáy có lỗ, 30x30x16cm
hộp đựng và bảo quản dụng cụ marsafe, phần cài màu cam, phần cài màu cam, đáy có lỗ, 30x30x21cm
hộp đựng và bảo quản dụng cụ marsafe, phần cài màu cam, phần cài màu cam, đáy có lỗ, 30x30x27cm
đáy hộp đựng và bảo quản dụng cụ marsafe, màu cam, màu cam, 47x30x11cm
đáy hộp đựng và bảo quản dụng cụ marsafe, màu cam, màu cam, 47x30x14cm
đáy hộp đựng và bảo quản dụng cụ marsafe, màu cam, màu cam, 47x30x16cm
hộp đựng và bảo quản dụng cụ marsafe, phần cài màu cam, phần cài màu cam, 47x30x11cm
hộp đựng và bảo quản dụng cụ marsafe, phần cài màu cam, phần cài màu cam, 47x30x14cm
hộp đựng và bảo quản dụng cụ marsafe, phần cài màu cam, phần cài màu cam, 47x30x16cm
đáy hộp đựng và bảo quản dụng cụ marsafe, màu cam, màu cam, có lỗ, 47x30x11cm
đáy hộp đựng và bảo quản dụng cụ marsafe, màu cam, màu cam, có lỗ, 47x30x14cm
đáy hộp đựng và bảo quản dụng cụ marsafe, màu cam, màu cam, có lỗ, 47x30x16cm
hộp đựng và bảo quản dụng cụ marsafe, phần cài màu cam, phần cài màu cam, đáy có lỗ, 47x30x11cm
hộp đựng và bảo quản dụng cụ marsafe, phần cài màu cam, phần cài màu cam, đáy có lỗ, 47x30x14cm
hộp đựng và bảo quản dụng cụ marsafe, phần cài màu cam, phần cài màu cam, đáy có lỗ, 47x30x16cm
đáy hộp đựng và bảo quản dụng cụ marsafe, màu cam, màu cam, 60x30x11cm
đáy hộp đựng và bảo quản dụng cụ marsafe, màu cam, màu cam, 60x30x14cm
đáy hộp đựng và bảo quản dụng cụ marsafe, màu cam, màu cam, 60x30x16cm
đáy hộp đựng và bảo quản dụng cụ marsafe, màu cam, màu cam, 60x30x21cm
đáy hộp đựng và bảo quản dụng cụ marsafe, màu cam, màu cam, 60x30x27cm
hộp đựng và bảo quản dụng cụ marsafe, phần cài màu cam, phần cài màu cam, 60x30x11cm
hộp đựng và bảo quản dụng cụ marsafe, phần cài màu cam, phần cài màu cam, 60x30x14cm
hộp đựng và bảo quản dụng cụ marsafe, phần cài màu cam, phần cài màu cam, 60x30x16cm
hộp đựng và bảo quản dụng cụ marsafe, phần cài màu cam, phần cài màu cam, 60x30x21cm
hộp đựng và bảo quản dụng cụ marsafe, phần cài màu cam, phần cài màu cam, 60x30x27cm
đáy hộp đựng và bảo quản dụng cụ marsafe, màu cam, màu cam, có lỗ, 60x30x11cm
đáy hộp đựng và bảo quản dụng cụ marsafe, màu cam, màu cam, có lỗ, 60x30x14cm
đáy hộp đựng và bảo quản dụng cụ marsafe, màu cam, màu cam, có lỗ, 60x30x16cm
đáy hộp đựng và bảo quản dụng cụ marsafe, màu cam, màu cam, có lỗ, 60x30x21cm
đáy hộp đựng và bảo quản dụng cụ marsafe, màu cam, màu cam, có lỗ, 60x30x27cm
hộp đựng và bảo quản dụng cụ marsafe, phần cài màu cam, phần cài màu cam, đáy có lỗ, 60x30x11cm
hộp đựng và bảo quản dụng cụ marsafe, phần cài màu cam, phần cài màu cam, đáy có lỗ, 60x30x14cm
hộp đựng và bảo quản dụng cụ marsafe, phần cài màu cam, phần cài màu cam, đáy có lỗ, 60x30x16cm
hộp đựng và bảo quản dụng cụ marsafe, phần cài màu cam, phần cài màu cam, đáy có lỗ, 60x30x21cm
hộp đựng và bảo quản dụng cụ marsafe, phần cài màu cam, phần cài màu cam, đáy có lỗ, 60x30x27cm
hộp đựng và bảo quản dụng cụ marsafe +, phần cài màu cam, phần cài màu cam, 30x30x11cm
hộp đựng và bảo quản dụng cụ marsafe +, phần cài màu cam, phần cài màu cam, 30x30x14cm
hộp đựng và bảo quản dụng cụ marsafe +, phần cài màu cam, phần cài màu cam, 30x30x16cm
hộp đựng và bảo quản dụng cụ marsafe +, phần cài màu cam, phần cài màu cam, 30x30x21cm
hộp đựng và bảo quản dụng cụ marsafe +, phần cài màu cam, phần cài màu cam, 30x30x27cm
hộp đựng và bảo quản dụng cụ marsafe +, phần cài màu cam, phần cài màu cam, 47x30x11cm
hộp đựng và bảo quản dụng cụ marsafe +, phần cài màu cam, phần cài màu cam, 47x30x14cm
hộp đựng và bảo quản dụng cụ marsafe +, phần cài màu cam, phần cài màu cam, 47x30x16cm
hộp đựng và bảo quản dụng cụ marsafe +, phần cài màu cam, phần cài màu cam, 60x30x11cm
hộp đựng và bảo quản dụng cụ marsafe +, phần cài màu cam, phần cài màu cam, 60x30x14cm
hộp đựng và bảo quản dụng cụ marsafe +, phần cài màu cam, phần cài màu cam, 60x30x16cm
hộp đựng và bảo quản dụng cụ marsafe +, phần cài màu cam, phần cài màu cam, 60x30x21cm
hộp đựng và bảo quản dụng cụ marsafe +, phần cài màu cam, phần cài màu cam, 60x30x27cm
đáy hộp đựng và bảo quản dụng cụ marsafe, màu xanh lá, màu xanh lá, 30x30x11cm
đáy hộp đựng và bảo quản dụng cụ marsafe, màu xanh lá, màu xanh lá, 30x30x14cm
đáy hộp đựng và bảo quản dụng cụ marsafe, màu xanh lá, màu xanh lá, 30x30x16cm
đáy hộp đựng và bảo quản dụng cụ marsafe, màu xanh lá, màu xanh lá, 30x30x21cm
đáy hộp đựng và bảo quản dụng cụ marsafe, màu xanh lá, màu xanh lá, 30x30x27cm
hộp đựng và bảo quản dụng cụ marsafe, phần cài màu xanh lá, phần cài màu xanh lá, 30x30x11cm
hộp đựng và bảo quản dụng cụ marsafe, phần cài màu xanh lá, phần cài màu xanh lá, 30x30x14cm
hộp đựng và bảo quản dụng cụ marsafe, phần cài màu xanh lá, phần cài màu xanh lá, 30x30x16cm
hộp đựng và bảo quản dụng cụ marsafe, phần cài màu xanh lá, phần cài màu xanh lá, 30x30x21cm
hộp đựng và bảo quản dụng cụ marsafe, phần cài màu xanh lá, phần cài màu xanh lá, 30x30x27cm
đáy hộp đựng và bảo quản dụng cụ marsafe, màu xanh lá, màu xanh lá, có lỗ, 30x30x11cm
đáy hộp đựng và bảo quản dụng cụ marsafe, màu xanh lá, màu xanh lá, có lỗ, 30x30x14cm
đáy hộp đựng và bảo quản dụng cụ marsafe, màu xanh lá, màu xanh lá, có lỗ, 30x30x16cm
đáy hộp đựng và bảo quản dụng cụ marsafe, màu xanh lá, màu xanh lá, có lỗ, 30x30x21cm
đáy hộp đựng và bảo quản dụng cụ marsafe, màu xanh lá, màu xanh lá, có lỗ, 30x30x27cm
hộp đựng và bảo quản dụng cụ marsafe, phần cài màu xanh lá, phần cài màu xanh lá, đáy có lỗ, 30x30x11cm
hộp đựng và bảo quản dụng cụ marsafe, phần cài màu xanh lá, phần cài màu xanh lá, đáy có lỗ, 30x30x14cm
hộp đựng và bảo quản dụng cụ marsafe, phần cài màu xanh lá, phần cài màu xanh lá, đáy có lỗ, 30x30x16cm
hộp đựng và bảo quản dụng cụ marsafe, phần cài màu xanh lá, phần cài màu xanh lá, đáy có lỗ, 30x30x21cm
hộp đựng và bảo quản dụng cụ marsafe, phần cài màu xanh lá, phần cài màu xanh lá, đáy có lỗ, 30x30x27cm
đáy hộp đựng và bảo quản dụng cụ marsafe, màu xanh lá, màu xanh lá, 47x30x11cm
đáy hộp đựng và bảo quản dụng cụ marsafe, màu xanh lá, màu xanh lá, 47x30x14cm
đáy hộp đựng và bảo quản dụng cụ marsafe, màu xanh lá, màu xanh lá, 47x30x16cm
hộp đựng và bảo quản dụng cụ marsafe, phần cài màu xanh lá, phần cài màu xanh lá, 47x30x11cm
hộp đựng và bảo quản dụng cụ marsafe, phần cài màu xanh lá, phần cài màu xanh lá, 47x30x14cm
hộp đựng và bảo quản dụng cụ marsafe, phần cài màu xanh lá, phần cài màu xanh lá, 47x30x16cm
đáy hộp đựng và bảo quản dụng cụ marsafe, màu xanh lá, màu xanh lá, có lỗ, 47x30x11 cm
đáy hộp đựng và bảo quản dụng cụ marsafe, màu xanh lá, màu xanh lá, có lỗ, 47x30x14 cm
đáy hộp đựng và bảo quản dụng cụ marsafe, màu xanh lá, màu xanh lá, có lỗ, 47x30x16 cm
hộp đựng và bảo quản dụng cụ marsafe, phần cài màu xanh lá, phần cài màu xanh lá, đáy có lỗ, 47x30x11 cm
hộp đựng và bảo quản dụng cụ marsafe, phần cài màu xanh lá, phần cài màu xanh lá, đáy có lỗ, 47x30x14 cm
hộp đựng và bảo quản dụng cụ marsafe, phần cài màu xanh lá, phần cài màu xanh lá, đáy có lỗ, 47x30x16 cm
đáy hộp đựng và bảo quản dụng cụ marsafe, màu xanh lá, màu xanh lá, 60x30x11 cm
đáy hộp đựng và bảo quản dụng cụ marsafe, màu xanh lá, màu xanh lá, 60x30x14 cm
đáy hộp đựng và bảo quản dụng cụ marsafe, màu xanh lá, màu xanh lá, 60x30x16 cm
đáy hộp đựng và bảo quản dụng cụ marsafe, màu xanh lá, màu xanh lá, 60x30x21 cm
đáy hộp đựng và bảo quản dụng cụ marsafe, màu xanh lá, màu xanh lá, 60x30x27 cm
hộp đựng và bảo quản dụng cụ marsafe, phần cài màu xanh lá, phần cài màu xanh lá, 60x30x11 cm
hộp đựng và bảo quản dụng cụ marsafe, phần cài màu xanh lá, phần cài màu xanh lá, 60x30x14 cm
hộp đựng và bảo quản dụng cụ marsafe, phần cài màu xanh lá, phần cài màu xanh lá, 60x30x16 cm
hộp đựng và bảo quản dụng cụ marsafe, phần cài màu xanh lá, phần cài màu xanh lá, 60x30x21 cm
hộp đựng và bảo quản dụng cụ marsafe, phần cài màu xanh lá, phần cài màu xanh lá, 60x30x27 cm
đáy hộp đựng và bảo quản dụng cụ marsafe, màu xanh lá, màu xanh lá, có lỗ, 60x30x11 cm
đáy hộp đựng và bảo quản dụng cụ marsafe, màu xanh lá, màu xanh lá, có lỗ, 60x30x14 cm
đáy hộp đựng và bảo quản dụng cụ marsafe, màu xanh lá, màu xanh lá, có lỗ, 60x30x16 cm
đáy hộp đựng và bảo quản dụng cụ marsafe, màu xanh lá, màu xanh lá, có lỗ, 60x30x21 cm
đáy hộp đựng và bảo quản dụng cụ marsafe, màu xanh lá, màu xanh lá, có lỗ, 60x30x27 cm
hộp đựng và bảo quản dụng cụ marsafe, phần cài màu xanh lá, phần cài màu xanh lá, đáy có lỗ, 60x30x11 cm
hộp đựng và bảo quản dụng cụ marsafe, phần cài màu xanh lá, phần cài màu xanh lá, đáy có lỗ, 60x30x14 cm
hộp đựng và bảo quản dụng cụ marsafe, phần cài màu xanh lá, phần cài màu xanh lá, đáy có lỗ, 60x30x16 cm
hộp đựng và bảo quản dụng cụ marsafe, phần cài màu xanh lá, phần cài màu xanh lá, đáy có lỗ, 60x30x21 cm
hộp đựng và bảo quản dụng cụ marsafe, phần cài màu xanh lá, phần cài màu xanh lá, đáy có lỗ, 60x30x27 cm
hộp đựng và bảo quản dụng cụ marsafe +, phần cài màu xanh lá, phần cài màu xanh lá, 30x30x11 cm
hộp đựng và bảo quản dụng cụ marsafe +, phần cài màu xanh lá, phần cài màu xanh lá, 30x30x14 cm
hộp đựng và bảo quản dụng cụ marsafe +, phần cài màu xanh lá, phần cài màu xanh lá, 30x30x16 cm
hộp đựng và bảo quản dụng cụ marsafe +, phần cài màu xanh lá, phần cài màu xanh lá, 30x30x21 cm
hộp đựng và bảo quản dụng cụ marsafe +, phần cài màu xanh lá, phần cài màu xanh lá, 30x30x27 cm
hộp đựng và bảo quản dụng cụ marsafe +, phần cài màu xanh lá, phần cài màu xanh lá, 47x30x11 cm
hộp đựng và bảo quản dụng cụ marsafe +, phần cài màu xanh lá, phần cài màu xanh lá, 47x30x14 cm
hộp đựng và bảo quản dụng cụ marsafe +, phần cài màu xanh lá, phần cài màu xanh lá, 47x30x16 cm
hộp đựng và bảo quản dụng cụ marsafe +, phần cài màu xanh lá, phần cài màu xanh lá, 60x30x11 cm
hộp đựng và bảo quản dụng cụ marsafe +, phần cài màu xanh lá, phần cài màu xanh lá, 60x30x14 cm
hộp đựng và bảo quản dụng cụ marsafe +, phần cài màu xanh lá, phần cài màu xanh lá, 60x30x16 cm
hộp đựng và bảo quản dụng cụ marsafe +, phần cài màu xanh lá, phần cài màu xanh lá, 60x30x21 cm
hộp đựng và bảo quản dụng cụ marsafe +, phần cài màu xanh lá, phần cài màu xanh lá, 60x30x27 cm
đáy hộp đựng và bảo quản dụng cụ marsafe, màu xám nhạt, màu xám nhạt, 30x30x11 cm
đáy hộp đựng và bảo quản dụng cụ marsafe, màu xám nhạt, màu xám nhạt, 30x30x14 cm
đáy hộp đựng và bảo quản dụng cụ marsafe, màu xám nhạt, màu xám nhạt, 30x30x16 cm
đáy hộp đựng và bảo quản dụng cụ marsafe, màu xám nhạt, màu xám nhạt, 30x30x21 cm
đáy hộp đựng và bảo quản dụng cụ marsafe, màu xám nhạt, màu xám nhạt, 30x30x27 cm
hộp đựng và bảo quản dụng cụ marsafe, phần cài màu xám nhạt, phần cài màu xám nhạt, 30x30x11 cm
hộp đựng và bảo quản dụng cụ marsafe, phần cài màu xám nhạt, phần cài màu xám nhạt, 30x30x14 cm
hộp đựng và bảo quản dụng cụ marsafe, phần cài màu xám nhạt, phần cài màu xám nhạt, 30x30x16 cm
hộp đựng và bảo quản dụng cụ marsafe, phần cài màu xám nhạt, phần cài màu xám nhạt, 30x30x21 cm
hộp đựng và bảo quản dụng cụ marsafe, phần cài màu xám nhạt, phần cài màu xám nhạt, 30x30x27 cm
đáy hộp đựng và bảo quản dụng cụ marsafe, màu xám nhạt, màu xám nhạt, có lỗ, 30x30x11 cm
đáy hộp đựng và bảo quản dụng cụ marsafe, màu xám nhạt, màu xám nhạt, có lỗ, 30x30x14 cm
đáy hộp đựng và bảo quản dụng cụ marsafe, màu xám nhạt, màu xám nhạt, có lỗ, 30x30x16 cm
đáy hộp đựng và bảo quản dụng cụ marsafe, màu xám nhạt, màu xám nhạt, có lỗ, 30x30x21 cm
đáy hộp đựng và bảo quản dụng cụ marsafe, màu xám nhạt, màu xám nhạt, có lỗ, 30x30x27 cm
hộp đựng và bảo quản dụng cụ marsafe, phần cài màu xám nhạt, phần cài màu xám nhạt, đáy có lỗ, 30x30x11 cm
hộp đựng và bảo quản dụng cụ marsafe, phần cài màu xám nhạt, phần cài màu xám nhạt, đáy có lỗ, 30x30x14 cm
hộp đựng và bảo quản dụng cụ marsafe, phần cài màu xám nhạt, phần cài màu xám nhạt, đáy có lỗ, 30x30x16 cm
hộp đựng và bảo quản dụng cụ marsafe, phần cài màu xám nhạt, phần cài màu xám nhạt, đáy có lỗ, 30x30x21 cm
hộp đựng và bảo quản dụng cụ marsafe, phần cài màu xám nhạt, phần cài màu xám nhạt, đáy có lỗ, 30x30x27 cm
đáy hộp đựng và bảo quản dụng cụ marsafe, màu xám nhạt, màu xám nhạt, 47x30x11 cm
đáy hộp đựng và bảo quản dụng cụ marsafe, màu xám nhạt, màu xám nhạt, 47x30x14 cm
đáy hộp đựng và bảo quản dụng cụ marsafe, màu xám nhạt, màu xám nhạt, 47x30x16 cm
hộp đựng và bảo quản dụng cụ marsafe, phần cài màu xám nhạt, phần cài màu xám nhạt, 47x30x11 cm
hộp đựng và bảo quản dụng cụ marsafe, phần cài màu xám nhạt, phần cài màu xám nhạt, 47x30x14 cm
hộp đựng và bảo quản dụng cụ marsafe, phần cài màu xám nhạt, phần cài màu xám nhạt, 47x30x16 cm
đáy hộp đựng và bảo quản dụng cụ marsafe, màu xám nhạt, màu xám nhạt, có lỗ, 47x30x11 cm
đáy hộp đựng và bảo quản dụng cụ marsafe, màu xám nhạt, màu xám nhạt, có lỗ, 47x30x14 cm
đáy hộp đựng và bảo quản dụng cụ marsafe, màu xám nhạt, màu xám nhạt, có lỗ, 47x30x16 cm
hộp đựng và bảo quản dụng cụ marsafe, phần cài màu xám nhạt, phần cài màu xám nhạt, đáy có lỗ, 47x30x11 cm
hộp đựng và bảo quản dụng cụ marsafe, phần cài màu xám nhạt, phần cài màu xám nhạt, đáy có lỗ, 47x30x14 cm
hộp đựng và bảo quản dụng cụ marsafe, phần cài màu xám nhạt, phần cài màu xám nhạt, đáy có lỗ, 47x30x16 cm
đáy hộp đựng và bảo quản dụng cụ marsafe, màu xám nhạt, màu xám nhạt, 60x30x11 cm
đáy hộp đựng và bảo quản dụng cụ marsafe, màu xám nhạt, màu xám nhạt, 60x30x14 cm
đáy hộp đựng và bảo quản dụng cụ marsafe, màu xám nhạt, màu xám nhạt, 60x30x16 cm
đáy hộp đựng và bảo quản dụng cụ marsafe, màu xám nhạt, màu xám nhạt, 60x30x21 cm
đáy hộp đựng và bảo quản dụng cụ marsafe, màu xám nhạt, màu xám nhạt, 60x30x27 cm
hộp đựng và bảo quản dụng cụ marsafe, phần cài màu xám nhạt, phần cài màu xám nhạt, 60x30x11 cm
hộp đựng và bảo quản dụng cụ marsafe, phần cài màu xám nhạt, phần cài màu xám nhạt, 60x30x14 cm
hộp đựng và bảo quản dụng cụ marsafe, phần cài màu xám nhạt, phần cài màu xám nhạt, 60x30x16 cm
hộp đựng và bảo quản dụng cụ marsafe, phần cài màu xám nhạt, phần cài màu xám nhạt, 60x30x21 cm
hộp đựng và bảo quản dụng cụ marsafe, phần cài màu xám nhạt, phần cài màu xám nhạt, 60x30x27 cm
đáy hộp đựng và bảo quản dụng cụ marsafe, màu xám nhạt, màu xám nhạt, có lỗ, 60x30x11 cm
đáy hộp đựng và bảo quản dụng cụ marsafe, màu xám nhạt, màu xám nhạt, có lỗ, 60x30x14 cm
đáy hộp đựng và bảo quản dụng cụ marsafe, màu xám nhạt, màu xám nhạt, có lỗ, 60x30x16 cm
đáy hộp đựng và bảo quản dụng cụ marsafe, màu xám nhạt, màu xám nhạt, có lỗ, 60x30x21 cm
đáy hộp đựng và bảo quản dụng cụ marsafe, màu xám nhạt, màu xám nhạt, có lỗ, 60x30x27 cm
hộp đựng và bảo quản dụng cụ marsafe, phần cài màu xám nhạt, phần cài màu xám nhạt, đáy có lỗ, 60x30x11 cm
hộp đựng và bảo quản dụng cụ marsafe, phần cài màu xám nhạt, phần cài màu xám nhạt, đáy có lỗ, 60x30x14 cm
hộp đựng và bảo quản dụng cụ marsafe, phần cài màu xám nhạt, phần cài màu xám nhạt, đáy có lỗ, 60x30x16 cm
hộp đựng và bảo quản dụng cụ marsafe, phần cài màu xám nhạt, phần cài màu xám nhạt, đáy có lỗ, 60x30x21 cm
hộp đựng và bảo quản dụng cụ marsafe, phần cài màu xám nhạt, phần cài màu xám nhạt, đáy có lỗ, 60x30x27 cm
hộp đựng và bảo quản dụng cụ marsafe +, phần cài màu xám nhạt, phần cài màu xám nhạt, 30x30x11 cm
hộp đựng và bảo quản dụng cụ marsafe +, phần cài màu xám nhạt, phần cài màu xám nhạt, 30x30x14 cm
hộp đựng và bảo quản dụng cụ marsafe +, phần cài màu xám nhạt, phần cài màu xám nhạt, 30x30x16 cm
hộp đựng và bảo quản dụng cụ marsafe +, phần cài màu xám nhạt, phần cài màu xám nhạt, 30x30x21 cm
hộp đựng và bảo quản dụng cụ marsafe +, phần cài màu xám nhạt, phần cài màu xám nhạt, 30x30x27 cm
hộp đựng và bảo quản dụng cụ marsafe +, phần cài màu xám nhạt, phần cài màu xám nhạt, 47x30x11 cm
hộp đựng và bảo quản dụng cụ marsafe +, phần cài màu xám nhạt, phần cài màu xám nhạt, 47x30x14 cm
hộp đựng và bảo quản dụng cụ marsafe +, phần cài màu xám nhạt, phần cài màu xám nhạt, 47x30x16 cm
hộp đựng và bảo quản dụng cụ marsafe +, phần cài màu xám nhạt, phần cài màu xám nhạt, 60x30x11 cm
hộp đựng và bảo quản dụng cụ marsafe +, phần cài màu xám nhạt, phần cài màu xám nhạt, 60x30x14 cm
hộp đựng và bảo quản dụng cụ marsafe +, phần cài màu xám nhạt, phần cài màu xám nhạt, 60x30x16 cm
hộp đựng và bảo quản dụng cụ marsafe +, phần cài màu xám nhạt, phần cài màu xám nhạt, 60x30x21 cm
hộp đựng và bảo quản dụng cụ marsafe +, phần cài màu xám nhạt, phần cài màu xám nhạt, 60x30x27 cm
nắp hộp đựng và bảo quản dụng cụ marsafe, 30x30 cm
nắp hộp đựng và bảo quản dụng cụ marsafe, 47x30 cm
nắp hộp đựng và bảo quản dụng cụ marsafe, 60x30 cm
nắp hộp an toàn marsafe
giấy lọc marsafe, đầu 190/6 mm, , 500 cái/hộp
nhãn chỉ thị, 35x70 mm, , 1000 cái
nhãn mã hóa có chữ marsafe
nhãn mã hóa không chữ marsafe
hệ thống rào chắn marsafe +
nắp hộp đựng và bảo quản dụng cụ marsafe +, 30x30 cm
nắp hộp đựng và bảo quản dụng cụ marsafe +, 47x30 cm
nắp hộp đựng và bảo quản dụng cụ marsafe +, 60x30 cm
hộp đựng kim có lỗ, 50x25x4.5 mm
hộp đựng kim có lỗ, 65x42x10 mm
hộp đựng kim có lỗ, 75x25x4.5 mm
hộp đựng kim hình tròn đóng kín, 67x18 mm
hộp đựng kim có lỗ, 150x95x13 mm
ống chứa có tay cầm màu xám, màu xám, màu xám, 30x30x11 cm
ống chứa có tay cầm màu xám, màu xám, màu xám, 10x30x14 cm
ống chứa có tay cầm màu xám, màu xám, màu xám, 30x30x16 cm
ống chứa có tay cầm màu xám, màu xám, màu xám, 30x30x21 cm
ống chứa có tay cầm màu xám, màu xám, màu xám, 30x30x27 cm
hộp đựng và bảo quản dụng cụmicrostop, tay cầm màu xám, tay cầm màu xám, 30x30x11 cm
hộp đựng và bảo quản dụng cụmicrostop, tay cầm màu xám, tay cầm màu xám, 10x30x14 cm
hộp đựng và bảo quản dụng cụmicrostop, tay cầm màu xám, tay cầm màu xám, 30x30x16 cm
hộp đựng và bảo quản dụng cụmicrostop, tay cầm màu xám, tay cầm màu xám, 30x30x21 cm
hộp đựng và bảo quản dụng cụmicrostop, tay cầm màu xám, tay cầm màu xám, 30x30x27 cm
nắp hộp, 30x30 cm
ống chứa có tay cầm màu xám, màu xám, màu xám, 47x30x11 cm
ống chứa có tay cầm màu xám, màu xám, màu xám, 47x30x14 cm
ống chứa có tay cầm màu xám, màu xám, màu xám, 47x30x16 cm
hộp đựng và bảo quản dụng cụmicrostop, tay cầm màu xám, tay cầm màu xám, 47x30x11 cm
hộp đựng và bảo quản dụng cụmicrostop, tay cầm màu xám, tay cầm màu xám, 47x30x14 cm
hộp đựng và bảo quản dụng cụmicrostop, tay cầm màu xám, tay cầm màu xám, 47x30x16 cm
nắp hộp, 47x30 cm
ống chứa có tay cầm màu xám, màu xám, màu xám, 60x30x14 cm
ống chứa có tay cầm màu xám, màu xám, màu xám, 60x30x16 cm
ống chứa có tay cầm màu xám, màu xám, màu xám, 60x30x21 cm
ống chứa có tay cầm màu xám, màu xám, màu xám, 60x30x27 cm
hộp đựng và bảo quản dụng cụmicrostop, tay cầm màu xám, tay cầm màu xám, 60x30x11 cm
hộp đựng và bảo quản dụng cụmicrostop, tay cầm màu xám, tay cầm màu xám, 60x30x14 cm
hộp đựng và bảo quản dụng cụmicrostop, tay cầm màu xám, tay cầm màu xám, 60x30x16 cm
hộp đựng và bảo quản dụng cụmicrostop, tay cầm màu xám, tay cầm màu xám, 60x30x21 cm
hộp đựng và bảo quản dụng cụmicrostop, tay cầm màu xám, tay cầm màu xám, 60x30x27 cm
nắp hộp, 60x30 cm
bộ rửa cho 6 đĩa microstop
hỗ trợ mở ms-scheibe
nhãn màu đen
nhãn màu trắng
nhãn màu đỏ
nhãn màu xanh dương
nhãn màu xanh lá
nhãn màu vàng
nhãn màu tím nhạt
nhãn màu cam
nhãn màu xám
nhãn màu xanh dương nhạt
nhãn mã hóa không chữ, không lỗ ms2
nhãn mã hóa không chữ có lỗ ms2
nhãn mã hóa có chữ, không lỗ ms2
nhãn mã hóa có chữ, có lỗ ms2
hộp đựng và bảo quản dụng cụ  microstop, tay cầm màu đỏ, tay cầm màu đỏ, 30x30x11 cm
hộp đựng và bảo quản dụng cụ  microstop, tay cầm màu đỏ, tay cầm màu đỏ, 30x30x14 cm
hộp đựng và bảo quản dụng cụ  microstop, tay cầm màu đỏ, tay cầm màu đỏ, 30x30x16 cm
hộp đựng và bảo quản dụng cụ  microstop, tay cầm màu đỏ, tay cầm màu đỏ, 30x30x21 cm
hộp đựng và bảo quản dụng cụ  microstop, tay cầm màu đỏ, tay cầm màu đỏ, 30x30x27 cm
hộp đựng và bảo quản dụng cụ  microstop, tay cầm màu đỏ, tay cầm màu đỏ, 47x30x11 cm
hộp đựng và bảo quản dụng cụ  microstop, tay cầm màu đỏ, tay cầm màu đỏ, 47x30x14 cm
hộp đựng và bảo quản dụng cụ  microstop, tay cầm màu đỏ, tay cầm màu đỏ, 47x30x16 cm
hộp đựng và bảo quản dụng cụ  microstop, tay cầm màu đỏ, tay cầm màu đỏ, 60x30x11 cm
hộp đựng và bảo quản dụng cụ  microstop, tay cầm màu đỏ, tay cầm màu đỏ, 60x30x14 cm
hộp đựng và bảo quản dụng cụ  microstop, tay cầm màu đỏ, tay cầm màu đỏ, 60x30x16 cm
hộp đựng và bảo quản dụng cụ  microstop, tay cầm màu đỏ, tay cầm màu đỏ, 60x30x21 cm
hộp đựng và bảo quản dụng cụ  microstop, tay cầm màu đỏ, tay cầm màu đỏ, 60x30x27 cm
hộp đựng và bảo quản dụng cụ  microstop, tay cầm màu xanh dương, tay cầm màu xanh dương, 30x30x11 cm
hộp đựng và bảo quản dụng cụ  microstop, tay cầm màu xanh dương, tay cầm màu xanh dương, 30x30x14 cm
hộp đựng và bảo quản dụng cụ  microstop, tay cầm màu xanh dương, tay cầm màu xanh dương, 30x30x16 cm
hộp đựng và bảo quản dụng cụ  microstop, tay cầm màu xanh dương, tay cầm màu xanh dương, 30x30x21 cm
hộp đựng và bảo quản dụng cụ  microstop, tay cầm màu xanh dương, tay cầm màu xanh dương, 30x30x27 cm
hộp đựng và bảo quản dụng cụ  microstop, tay cầm màu xanh dương, tay cầm màu xanh dương, 47x30x11 cm
hộp đựng và bảo quản dụng cụ  microstop, tay cầm màu xanh dương, tay cầm màu xanh dương, 47x30x14 cm
hộp đựng và bảo quản dụng cụ  microstop, tay cầm màu xanh dương, tay cầm màu xanh dương, 47x30x16 cm
hộp đựng và bảo quản dụng cụ  microstop, tay cầm màu xanh dương, tay cầm màu xanh dương, 60x30x11 cm
hộp đựng và bảo quản dụng cụ  microstop, tay cầm màu xanh dương, tay cầm màu xanh dương, 60x30x14 cm
hộp đựng và bảo quản dụng cụ  microstop, tay cầm màu xanh dương, tay cầm màu xanh dương, 60x30x16 cm
hộp đựng và bảo quản dụng cụ  microstop, tay cầm màu xanh dương, tay cầm màu xanh dương, 60x30x21 cm
hộp đựng và bảo quản dụng cụ  microstop, tay cầm màu xanh dương, tay cầm màu xanh dương, 60x30x27 cm
hộp đựng và bảo quản dụng cụ  microstop, tay cầm màu cam, tay cầm màu cam, 30x30x11 cm
hộp đựng và bảo quản dụng cụ  microstop, tay cầm màu cam, tay cầm màu cam, 30x30x14 cm
hộp đựng và bảo quản dụng cụ  microstop, tay cầm màu cam, tay cầm màu cam, 30x30x16 cm
hộp đựng và bảo quản dụng cụ  microstop, tay cầm màu cam, tay cầm màu cam, 30x30x21 cm
hộp đựng và bảo quản dụng cụ  microstop, tay cầm màu cam, tay cầm màu cam, 30x30x27 cm
hộp đựng và bảo quản dụng cụ  microstop, tay cầm màu cam, tay cầm màu cam, 47x30x11 cm
hộp đựng và bảo quản dụng cụ  microstop, tay cầm màu cam, tay cầm màu cam, 47x30x14 cm
hộp đựng và bảo quản dụng cụ  microstop, tay cầm màu cam, tay cầm màu cam, 47x30x16 cm
hộp đựng và bảo quản dụng cụ  microstop, tay cầm màu cam, tay cầm màu cam, 60x30x11 cm
hộp đựng và bảo quản dụng cụ  microstop, tay cầm màu cam, tay cầm màu cam, 60x30x14 cm
hộp đựng và bảo quản dụng cụ  microstop, tay cầm màu cam, tay cầm màu cam, 60x30x16 cm
hộp đựng và bảo quản dụng cụ  microstop, tay cầm màu cam, tay cầm màu cam, 60x30x21 cm
hộp đựng và bảo quản dụng cụ  microstop, tay cầm màu cam, tay cầm màu cam, 60x30x27 cm
hộp đựng và bảo quản dụng cụ  microstop, tay cầm màu xanh lá, tay cầm màu xanh lá, 30x30x11 cm
hộp đựng và bảo quản dụng cụ  microstop, tay cầm màu xanh lá, tay cầm màu xanh lá, 30x30x14 cm
hộp đựng và bảo quản dụng cụ  microstop, tay cầm màu xanh lá, tay cầm màu xanh lá, 30x30x16 cm
hộp đựng và bảo quản dụng cụ  microstop, tay cầm màu xanh lá, tay cầm màu xanh lá, 30x30x21 cm
hộp đựng và bảo quản dụng cụ  microstop, tay cầm màu xanh lá, tay cầm màu xanh lá, 30x30x27 cm
hộp đựng và bảo quản dụng cụ  microstop, tay cầm màu xanh lá, tay cầm màu xanh lá, 47x30x11 cm
hộp đựng và bảo quản dụng cụ  microstop, tay cầm màu xanh lá, tay cầm màu xanh lá, 47x30x14 cm
hộp đựng và bảo quản dụng cụ  microstop, tay cầm màu xanh lá, tay cầm màu xanh lá, 47x30x16 cm
hộp đựng và bảo quản dụng cụ  microstop, tay cầm màu xanh lá, tay cầm màu xanh lá, 60x30x11 cm
hộp đựng và bảo quản dụng cụ  microstop, tay cầm màu xanh lá, tay cầm màu xanh lá, 60x30x14 cm
hộp đựng và bảo quản dụng cụ  microstop, tay cầm màu xanh lá, tay cầm màu xanh lá, 60x30x16 cm
hộp đựng và bảo quản dụng cụ  microstop, tay cầm màu xanh lá, tay cầm màu xanh lá, 60x30x21 cm
hộp đựng và bảo quản dụng cụ  microstop, tay cầm màu xanh lá, tay cầm màu xanh lá, 60x30x27 cm
khay lưới đựng khung banh tiêu chuẩn martract
khay lưới đựng phần banh ổ bung martract
khay lưới đựng phần banh phụ martract
khay lưới đựng phần banh tiết niệu martract
khay lưới đựng phần banh trực tràng martract
khay lưới đựng phần banh thận martract
khay lưới đựng phần banh gan và ổ bụng martract
khay lưới đựng phần khung banh phẫu thuật bệnh nhân béo phì martract
khay lưới đựng phần banh phẫu thuật bệnh nhân béo phì martract
khay lưới đựng phần banh phẫu thuật phần phụ cho bệnh nhân béo phì martract
khay lưới đựng khung banh martract
khay lưới đựng phần banh hậu môn trực tràng martract
khay lưới đựng phần banh nhi martract
khay lưới đựng phần banh tiền liệt tuyến martract
khay lưới đựng phần banh nách/ ngực martract
khay lưới, kích thước theo tiêu chuẩn din, 47x25x4 cm, số 1
khay lưới, kích thước theo tiêu chuẩn din, 47x25x6 cm, số 2
khay lưới, kích thước theo tiêu chuẩn din, 41x25x4cm, số 3
khay lưới cho dụng cụ đục lỗ
khay lưới cho 4 dụng cụ đục lỗ
khay lưới đựng rongeur cột sống caspar
khay làm sạch dụng cụ vi phẫu tim mạch marcore, và dụng cụ phẫu thuật tim ít xâm lấn
khay lưới cho điện cực đơn cực
khay lưới cho dụng cụ marseal 5 plus
khay lưới cho dụng cụ limax foc.hp, 24x25x4 cm
khay lưới cho dụng cụ marseal 5  , 53x25x6 cm
khay lưới cho dụng cụ marseal 10 , 53x25x6 cm
khay lưới cho dụng cụ marclamp cut, 28x17x4 cm
khay lưới cho bộ chuẩn bị dây cáp quang, 24x15x6 cm
chân đế cho khay martray
khay loại nhỏ martray mini, 277x172x29 mm
khay loại nhỏ martray mini, 277x172x38 mm
khay loại nhỏ martray mini, 277x172x51 mm
khay loại nhỏ martray mini, 135x172x36 mm
khay loại nhỏ martray mini, cho dụng cụ khớp, cho dụng cụ khớp, 277x84x36 mm
khay lưới đựng dụng cụ martray, cỡ 1/2, 240x251x25 mm
khay lưới đựng dụng cụ martray, cỡ 1/2, 240x251x44 mm
khay lưới đựng dụng cụ martray, cỡ 1/2, 240x251x64 mm
khay lưới đựng dụng cụ martray, cỡ 1/2, 240x251x94 mm
khay lưới đựng dụng cụ martray, cỡ 3/4, 410x251x25 mm
khay lưới đựng dụng cụ martray, cỡ 3/4, 410x251x44 mm
khay lưới đựng dụng cụ martray, cỡ 3/4, 410x251x64 mm
khay lưới đựng dụng cụ martray, cỡ 3/4, 410x251x94 mm
khay lưới đựng dụng cụ martray, cỡ din, 477x251x25 mm
khay lưới đựng dụng cụ martray, cỡ din, 477x251x44 mm
khay lưới đựng dụng cụ martray, cỡ din, 477x251x64 mm
khay lưới đựng dụng cụ martray, cỡ din, 477x251x94 mm
khay lưới đựng dụng cụ martray, cỡ 1/1, 532x251x25 mm
khay lưới đựng dụng cụ martray, cỡ 1/1, 532x251x44 mm
khay lưới đựng dụng cụ martray, cỡ 1/1, 532x251x64 mm
khay lưới đựng dụng cụ martray, cỡ 1/1, 532x251x94 mm
khay treo dành cho khay có chiều cao 94 mm, 17x24x5 cm
khay treo dành cho khay có chiều cao 94 mm, 26x24x5 cm
khay treo dành cho khay có chiều cao 94 mm, 34x24x5 cm
khay  martray, dùng cho ống soi loại nhỏ, dùng cho ống soi loại nhỏ, 479x87x45 mm
khay  martray, dùng cho ống soi loại nhỏ, dùng cho ống soi loại nhỏ, 479x136x45 mm
kim tiệt trùng có đầu nút mayo, dài 14 cm
nắp khay lưới, cỡ 1/2, 243x255 mm
nắp khay lưới, cỡ 3/4, 410x255 mm
nắp khay lưới, cỡ din, 480x255 mm
nắp khay lưới, cỡ 1/1, 535x255 mm
kẹp cố định, 10 cái
gá cố định dụng cụ trên khay kiểu cao, 3 vị trí, 3 vị trí, đầu 15 mm, , 3 cái
gá cố định dụng cụ trên khay kiểu cao, 3 vị trí, 3 vị trí, đầu 20 mm, , 3 cái
gá cố định dụng cụ trên khay kiểu lượn sóng, 3 vị trí, 3 vị trí, , 3 cái
gá cố định dụng cụ trên khay kiểu lượn sóng cao, 3 vị trí, 3 vị trí, , 3 cái
gá cố định dụng cụ trên khay cho dụng cụ vi phẫu
gá cố định dụng cụ trên khay loại đa năng, đầu 3mm
gá cố định dụng cụ trên khay, 6 vị trí, 6 vị trí, , 6 cái
gá cố định dụng cụ trên khay kiểu cao, 6 vị trí, 6 vị trí, , 6 cái
gá cố định dụng cụ trên khay cho ống soi cứng, đầu 15 mm
gá cố định cho dụng cụ có tay cầm tròn
vách ngăn khay, 123x9x22 mm
vách ngăn khay, 123x9x40 mm
gá cố định dành cho van và hộp kéo có bánh răng
gá cố định dành cho van và hộp kéo có bánh răng, thẳng
giá đỡ dành cho khay treo, 4 cái
bộ chuyển đổi khay tiêu chuẩn/nước ngoài
tấm silicon dành cho khay 1/2, 234x244 mm
lưới silicon dành cho khay 1/2, 23x25 cm
tấm silicon dành cho khay 3/4, 394x244 mm
lưới silicon dành cho khay 3/4, 40x25  cm
tấm silicon, 462x244 mm
lưới silicon, 48x25 cm
tấm silicon, 524x244 mm
lưới silicon, 52x25 cm
kim băng cài giữ dụng cụ mayo, dài 14 cm
khay lưới kiểu đan, 260x165x28 mm
khay lưới kiểu đan, 260x165x47 mm
khay lưới kiểu đan, 240x240x50 mm
khay lưới kiểu đan, 480x240x50 mm
khay lưới kiểu đan, 410x240x50 mm
khay lưới kiểu đan, 410x240x70 mm
khay lưới kiểu đan, 500x245x75 mm
khay lưới kiểu đan, 500x245x100 mm
khay lưới kim loại có lỗ, 240x250x60 mm
khay lưới kim loại có lỗ, 240x250x75 mm
khay lưới kim loại có lỗ, 240x250x100 mm
khay lưới kim loại có lỗ, 410x250x60 mm
khay lưới kim loại có lỗ, 410x250x75 mm
khay lưới kim loại có lỗ, 410x250x100 mm
khay lưới kim loại có lỗ, 480x250x60 mm
khay lưới kim loại có lỗ, 480x250x75 mm
khay lưới kim loại có lỗ, 480x250x100 mm
khay lưới kim loại có lỗ, 510x250x60 mm
khay lưới kim loại có lỗ, 510x250x75 mm
khay lưới kim loại có lỗ, 510x250x100 mm
khay đựng spineworxx 1, 41x25x4 cm
khay đựng spineworxx 2, 41x25x9 cm
hộp đựng và bảo quản dụng cụ microstop, cỡ mini, cỡ mini, 310x189x70 mm
bộ thùng nhỏ microstop, cỡ mini, cỡ mini, 310x189x90 mm
nhãn mã hóa có chữ, không lỗ microstop
nhãn mã hóa không chữ, không lỗ microstop
nhãn mã hóa có chữ, có lỗ microstop
nhãn mã hóa không chữ, có lỗ microstop
nhãn mã hóa  miniset
nhãn mã hóa miniset
khung đen dành cho hộp đựng và bảo quản dụng cụ
khung trắng dành cho hộp đựng và bảo quản dụng cụ
khung đỏ dành cho hộp đựng và bảo quản dụng cụ
khung xanh dương dành cho hộp đựng và bảo quản dụng cụ
khung xanh lá dành cho hộp đựng và bảo quản dụng cụ
khung vàng dành cho hộp đựng và bảo quản dụng cụ
khung tím nhạt dành cho hộp đựng và bảo quản dụng cụ
khung cam dành cho hộp đựng và bảo quản dụng cụ
khung xám dành cho hộp đựng và bảo quản dụng cụ
khung xanh sáng dành cho hộp đựng và bảo quản dụng cụ
hộp giữ cho nhãn định danh khay
nhãn định danh khay có chữ
nhãn định danh khay không chữ
nhãn định danh khay, 75x35 mm
khay tiệt trùng, 60x30x13 cm
khay tiệt trùng, 60x30x26 cm
khay đựng các bộ phận nhỏ, 200x100x50 mm
móc an toàn dạng lò xo
nhãn có chỉ thị nhiệt microstop, 1000 cái
niêm phong không có chỉ thị nhiệt miniset
niêm phong có chỉ báo miniset
niêm phong không có chỉ báo microstop, marsafe
niêm phong có chỉ báo microstop, marsafe
niêm phong không có chỉ báo marsafe, 1000 cái
niêm phong có chỉ báo marsafe, 1000 cái
dầu dụng cụ
bàn dụng cụ, 665x665x900 mm
tủ  mở di động , 1070x670x1370 mm
tù di động, cửa đóng
chén tròn, đường kính 150 mm, dung tích 0.75 l, cao 74 mm
chén tròn, đường kính 160 mm, dung tích 1.0 l, cao 65 mm
chén tròn, đường kính 220 mm, dung tích 2.0 l, cao 70 mm
chén tròn, đường kính 240 mm, dung tích 3.0 l, cao 95 mm
chén tròn, đường kính 260 mm, dung tích 4.5 l, cao 130 mm
chén tròn, đường kính 300 mm, dung tích 6.0 l, cao 105 mm
chén tròn, đường kính 320 mm, dung tích 8.0 l, cao 140 mm
chén tròn, đường kính 380 mm, dung tích 11.0 l, cao 125 mm
chén tròn, đường kính 400 mm, dung tích 14.0 l, cao 150 mm
chén làm sạch, đường kính 330 mm, dung tích 6.0 l, cao 90 mm
chén làm sạch, đường kính 330 mm, dung tích 8.0 l, cao 115 mm
chén kim loại, đường kính 40 mm, dung tích 0.02 l, cao 19 mm
chén kim loại, đường kính 61 mm, dung tích 0.07 l, cao 61 mm
chén kim loại, đường kính 80 mm, dung tích 0.14 l, cao 40 mm
chén kim loại, đường kính 116 mm, dung tích 0.25 l, cao 50 mm
chén kim loại, đường kính 128 mm, dung tích 0.35 l, cao 55 mm
chén kim loại, đường kính 147 mm, dung tích 0.50 l, cao 65 mm
chén kim loại, đường kính 167 mm, dung tích 0.9 l, cao 75 mm
chén kim loại, đường kính 187 mm, dung tích 1.3 l, cao 85 mm
chén phẳng, đường kính 116 mm, dung tích 0.2 l, cao 35 mm
chén phẳng, đường kính 128 mm, dung tích 0.3 l, cao 38 mm
chén phẳng, đường kính 147 mm, dung tích 0.4 l, cao 38 mm
chén phẳng, đường kính 167 mm, dung tích 0.5 l, cao 45 mm
chén phẳng, đường kính 187 mm, dung tích 0.6 l, cao 45 mm
cốc đo có chia vạch, 100 ccm
cốc đo có chia vạch, 250 ccm
cốc đo có chia vạch, 500 ccm
cốc đo có chia vạch, 1000 ccm
cốc đo có chia vạch, 2000 ccm
đĩa vuông, 230x155x30 mm
đĩa vuông, 300x175x30 nn
đĩa vuông, 300x175x40 mm
đĩa vuông, 350x240x40 mm
đĩa vuông, 470x320x50 mm
khay đựng dụng cụ, 210x160x11 mm
khay đựng dụng cụ, 240x180x9 mm
khay đựng dụng cụ, 300x160x11 mm
khay đựng dụng cụ, 310x205x11 mm
khay đựng dụng cụ, 335x235x10 mm
khay đựng dụng cụ, 425x290x19 mm
khay đựng dụng cụ, 400x300x12 mm
chén vuông, 235x190x40 mm
chén tròn, đầu 220 mm
hũ kim loại, đầu 30 mm
hũ kim loại, đầu 50 mm
hũ kim loại, đâì 50 mm
hũ kim loại, đầu 75 mm
hũ kim loại, đầu 100 mm
hộp dụng cụ có nắp và nút bấm, 165x85x35 mm
hộp dụng cụ có nắp và nút bấm, 200x100x35 mm
hộp dụng cụ có nắp và nút bấm, 200x100x50 mm
hộp dụng cụ có nắp và nút bấm, 230x130x50 mm
hộp dụng cụ có nắp và nút bấm, 260x150x50 mm
hộp dụng cụ có nắp và nút bấm, 270x235x50 mm
hộp dụng cụ có nắp và nút bấm, 300x200x50
hộp dụng cụ có nắp và nút bấm, 325x275x50 mm
hộp dụng cụ  , 205x105x40 mm
hộp tròn bằng thép có nắp, 100x60 mm
hộp tròn bằng thép có nắp, 100x100 mm
hộp tròn bằng thép có nắp, 125x80 mm
hộp tròn bằng thép có nắp, 125x125 mm
hộp tròn bằng thép có nắp, 150x150 mm
đĩa thận, 170x100x35 mm
đĩa thận, 250x140x40 mm
đĩa thận, 275x150x45 mm
súng phun nước đầy đủ martin aquajet
đầu phun martin aquajet, số 1
đầu phun martin aquajet, số 2
đầu phun martin aquajet, số 3
đầu phun martin aquajet, số 4
đầu phun martin aquajet, số 5
đầu phun martin aquajet, số 6
đầu phun martin aquajet, số 7
đầu phun martin aquajet, số 8
đầu phun martin aquajet, số 9
chỉ súng phun nước martin aquajet
chổi làm sạch, 250x70x3 mm
chổi làm sạch, 425x70x3 mm
chổi làm sạch, 285x75x7 mm
chổi làm sạch, 270x65x8 mm
chổi làm sạch, 270x65x12 mm
chổi làm sạch, 230x60x13 mm
chổi làm sạch, 205x60x15 mm
chổi làm sạch, 215x65x20 mm
chổi làm sạch, 215x65x25 mm
chổi làm sạch, 215x65x30 mm
chổi làm sạch, 5 cái
chổi làm sạch, 210x60x13 mm
chổi làm sạch, 275x75x12 mm
chổi làm sạch, 275x90x15 mm
chổi làm sạch, 320x150x30 mm
chổi làm sạch, 320x130x50 mm
chổi làm sạch, 360x140x35 mm
chổi làm sạch, 440x180x40 mm
chổi làm sạch, 510x135x60 mm
chổi làm sạch, 490x150x80 mm
chổi làm sạch, 490x160x60 mm
chổi làm sạch, 420x130x75 mm
chổi làm sạch, 330x130x50 m
bàn chải hình nón, 400x190x8/20 mm
bàn chải hình nón, 290x110x18/33 mm
bàn chải hình nón, 315x85x15/25 mm
bàn chải làm sạch kính, 415x70x8x15 mm
bàn chải, 1000x180x16 mm
bàn chải làm sạch kính, 210x95 mm
xô đựng rác, đầu 325 mm
kẹp rác  martin, dài 63 cm
kẹp rác  sauerbruch, dài 55 cm
thẻ rfid dùng cho thiết bị
thẻ rfid dùng cho containers
thẻ rfid dùng cho khay
thẻ rfid dùng cho cáp
thẻ rfid khử trùng plasma
thẻ rfid dùng cho xe kéo
thẻ rfid dùng trong quản lý dụng cụ y tế, mẫu 1
thẻ rfid dùng trong quản lý dụng cụ y tế, mẫu 2
thẻ rfid thông tin, mẫu 1
thẻ rfid khu vực đóng gói và quy định, mẫu 2
thẻ quét cầm tay rfid rumed
thẻ rfid khu dịch vụ, mẫu 3
thẻ rfid cho bộ checkbox phòng mổ, mẫu 4
thẻ rfid checkbox in, mẫu 4
thẻ rfid checkbox out, mẫu 4
thẻ rfid trạm thông tin, mẫu 4
thẻ rfid cho bộ checkbox, mẫu 5
thẻ rfid dùng cho cổng, mẫu 6
thẻ rfid quản lý tình trạng thiết bị phòng mổ, mẫu 7
thẻ rfid quản lý tình trạng thiết bị trong trong hệ thống rumed, mẫu 8
cấu hình phần mềm rfid
thẻ rfid
mô đun tích hợp container ms2
mô-đun kiểm tra chức năng container ms2
lò xo kim loại cho nhãn trước, ms1
lò xo kim loại cho nhãn trước, miniset
lò xo kim loại cho nhãn trước, ms2
lò xo kim loại cho nhãn nắp, miniset
góc bảo vệ khay miniset, hộp 4 cái, cao 30 mm
góc bảo vệ khay miniset, hộp 4 cái, cao 38 mm
góc bảo vệ khay miniset, hộp 4 cái, cao 54 mm
căn chỉnh gioăng nắp microstop
hỗ trợ mở khay bên phải, dùng cho hệ thống ms2, số 1
lò xo cố định, dùng cho hệ thống ms2, số 6
chi tiết cố định, dùng cho hệ thống ms2, số 11
chỉ báo màu đỏ/xanh, dùng cho hệ thống ms2, số 14
vít, dùng cho hệ thống ms2, đường kính 2 mm, số 15
vít, dùng cho hệ thống ms2, đường kính 3 mm, số 16
tấm cầm tay hoàn chỉnh cho hệ thống ms ii
lò xo bên trái, dùng cho tay cầm vận chuyển, vị trí số 6 trong hệ thống
lò xo riêng biệt cho nắp bên, vị trí số 8 trong hệ thống
vít đai ốc, vị trí 4/14/15/16, số 2
vít & đai ốc vuông để giữ kính, số 1
đệm cao su cho vít điều chỉnh áp suất
giá đỡ kính marsafe
lò xo kim loại cho nhãn trước marsafe
dây đeo đầu ht medled chrome
dây đeo đầu st medled chrome
ốc vít, m2.3xø3.5 mm, , hộp 25 cái, 7 mm
ốc vít, m2.0xø3.0 mm, , hộp 25 cái, 8 mm
ốc vít, m4.0x ø6.0 mm, , hộp 25 cái, 12 mm
ốc vít, m4.0xø6.5 mm, , hộp 25 cái, 12.5 mm
ốc vít, m1.2xø1.6 mm, , hộp 25 cái, 3.4 mm
ốc vít lò xo, m2.3xø4.5 mm, , hộp 25 cái, 6.8 mm
ốc vít, m3.0xø4.5 mm, , hộp 25 cái, 7.5 mm
ốc vít, m2.6xø4.0 mm, , hộp 25 cái, 7.5 mm
ốc vít lò xo, m3.0x5.0 mm, , hộp 25 cái, 10 mm
ốc vít, m3xø4.5 mm, , hộp 25 cái, 8 mm
ốc vít facon, m2.0xø7.1 mm, , hộp 25 cái, 18 mm
ốc vít, m2.3xø3.0 mm, , hộp 25 cái, 5.5 mm
ốc vít lò xo, m2.3xø4.0 mm, , hộp 25 cái, 7.7 mm
ốc vít, m1.7xø2.2 mm, , hộp 25 cái, 5 mm
ốc vít, m3.0xø5.0 mm, , hộp 25 cái, 8.2 mm
ốc vít, m1.7xø2.5 mm, , hộp 25 cái, 5.2 mm
ốc vít, m3.0xø4.0 mm, , hộp 25 cái, 9.5 mm
ốc vít, m3.0xø5.0 mm, , hộp 25 cái, 9.6 mm
miếng chèn tc, 20x6x0.6mm, , hộp 10 cái
miếng chèn tc, 12x2x0.6mm, , hộp 10 cái
miếng chèn tc, 12x3.5x0.6mm, , hộp 10 cái
miếng chèn tc, 15x5x0.5mm, , hộp 10 cái
miếng chèn tc, 15x5x0.4mm, , hộp 10 cái
miếng chèn tc, 15x5x0.6mm, , hộp 10 cái
miếng chèn tc, 17x5.5x0.6mm, , hộp 10 cái
miếng chèn tc, 19x6x0.6mm, , hộp 10 cái
miếng chèn tc, 19x6x0.6mm
miếng chèn tc, 20x6x0.6mm
miếng chèn tc, 20x8x0.6mm
miếng chèn tc, 17x3.5x0.4mm
miếng chèn tc, 17x2x0.6mm
miếng chèn tc, 17x5.5x0.6mm
ốc vít, m2.0xø3.0x4.6mm, , hộp 25 cái
lò xo, hộp 5 cái
ốc vít lò xo, m3.5xø6.0x12mm
ốc vít lò xo, m2.6xø5.0x8.1mm
ốc vít, m2.0xø3.0x10.1mm
ốc vít, hộp 25 cái
tấm là thẳng da
ốc vít nhỏ có rãnh, dùng cho dụng cụ da liễu schick
nắp đậy cho thanh
lưỡi dao lẻ dự phòng
ốc vít giữa lưỡi dao
ốc vít rãnh có ren trong, dùng cho trục đệm
tấm căng kim loại có 3 lỗ khoan
ốc vít
ốc vít riêng lẻ
miếng chèn tc
dụng cụ bịt lỗ zeitlin
ốc vít dùng cho banh adson
ốc vít lò xo lẻ
lò xo lẻ
khoá dùng cho banh vết thương mollison
cò dùng cho banh vết thương mollison
lò xo và khoá lẻ dự phòng
lò xo và bánh cóc lẻ dự phòng
đinh vít (dưới) cho hộp
lò xo lẻ dùng cho banh bụng
nút bấm lò xo
ốc vít có rãnh dùng cho van
dây cáp usb medled chrome
dây đeo đầu thay thế ht, ncv medled chrome
bộ đệm thay thế medled spectra
bộ đầu thay thế medled spectra
pin thay thế, 2 cái medled spectra
đầu hút
tay cầm dụng cụ soi thanh quản
bóng đèn dự phòng, ,cỡ lớn
bóng đèn dự phòng, ,cỡ nhỏ
hộp đựng 4 lưỡi thẳng nội soi thanh quản
hộp đựng 4 lưỡi cong nội soi thanh quản
bóng đèn, 2.5v xenon
vít lò xo thay thế
lò xo thay thế
miếng chèn tc, 15x5x0.6mm/0.4mm
miếng chèn tc, 17x5.5x0.6/0.5mm
miếng chèn tc, 19x6x0.6mm/0.5mm
miếng chèn tc, 20x8x0.6mm/0.5mm
miếng chèn tc, 19x6x0.6mm/0.4mm
miếng chèn tc, 12x3.5x0.6/0.4mm
miếng chèn tc, 10x3.5x0.6/0.4 mm
miếng chèn tc, 17x3.5x0.6mm/0.3mm
miếng chèn tc, 19x6x0.6mm/0.3mm
miếng chèn tc, 15x5x0.4mm/0.2mm
miếng chèn tc, 17x5.5x0.4mm/0.2mm
ốc vít lò xo
lò xo
lưỡi dao thay thế cho kéo cắt nhựa
ốc vít thay thế
lưỡi dao thay thế
đệm chốt m3
ốc vít, 3x88 mm
ốc vít, 3x24 mm
bộ lò xo và nắp kẹp
công tắc chống quá tải cho cưa thạch cao
chốt giữa trục và cơ cấu truyền động
công tắc nguồn
trục (1995)
bộ khoá
cáp chống gập cho kéo nhựa
cặp chổi carbon cho máy cưa thạch cao
bạc đạn bi kim rnao
đinh chốt
máy cắt thạch cao tự động
bảng điều khiển thiết bị
vòng giữ, kích thước 4x4x1
vòng bi rãnh
vòng bi tự căn chỉnh
vòng giữ, kích thước 9.5x3
đai ốc vít gắn lưỡi cưa
cần quay gắn bánh răng nón
đai ốc liên kết cho drillfix
ốc vít rãnh cho cần tay điều chỉnh m5
trục cho bánh răng hình nón và cần điều chỉnh
mũi khoan máy moore
khoá
lò xo dự phòng cho kẹp điều hướng
bộ miếng chèn tc
miếng chèn cho kẹp
miếng chèn carbide tungsten
lò xo dự phòng
khoá dự phòng
bánh răng nhỏ / bánh răng côn
bánh răng lớn / bánh răng côn
mỏ cặp jakobs với khóa cho mỏ cặp ralk
đinh ốc cố định
tay cầm cho đục phẳng
bề mặt thay thế
nắp chụp ốc liên kết
tay cầm có chốt rivet ferrozell
mỏ lết có hàm thay thế
đinh vít
đinh vít thay thế
cặp lò xo thay thế
cặp lò xo lẻ
đinh vít lẻ
lò xo riêng cho đục cán rỗng
lò xo riêng cho máy cắt xương
lò xo cho kìm cắt xương brunner
tay cầm gắn ốc vít
máy kéo tuffier/ốc vặn có rãnh
bộ chuyển đổi luer (luer/lock)
cờ lê đa năng, dài 10 cm
dao đục có lỗ
chốt dự phòng
lò xo đôi dự phòng
nút cho dụng cụ banh mô mềm
vít chóp nón, đầu 11 mm
vít chóp nón, đầu 13 mm
vít chóp nón, đầu 8 mm
vít chóp nón, đầu 16 mm
cặp ống
đinh vít và đai ốc cho tay cầm nhỏ/cusco
đai ốc xẻ rãnh
tay cầm, ,cỡ lớn
đai ốc có rãnh và thanh ren
đai ốc xẻ rãnh cho mỏ vịt âm đạo
vít cho tay cầm, ,cỡ nhỏ
bộ ốc vít
đai ốc xẻ rãnh lớn
quả tạ dùng cho mỏ vịt âm đạo auvard
lò xo dự phòng cho ống soi âm đạo kogan
vòng đệm nối bộ phận máy chữ o
lò xo bản lề hartmann halle
lò xo riêng lẻ
lò xo bản lề riêng lẻ
phụ kiện cho vòng polyp
dẫn vòng
giá đỡ cho vòng polyp
kìm nạo mô kerrison
dây xích cho dụng cụ cố định miệng mckesson, dài 18 cm
lò xo lá cho dụng cụ banh miệng
nắp silicon cho dụng cụ banh miệng
miếng silicone cho dụng cụ banh miệng
lò xo cho dụng cụ banh miệng
đinh ốc cho kéo cắt amidan
cắt amidan bruenings
thanh dẫn giữa vòng và tay cầm
vòng ngón tay gắn lò xo và vít
bộ chuyển đổi nguồn cho om sharp 1
chốt, dài 3 mm
lò xo hình elip cho kìm cắt
vít cho lò xo hình elip
lò xo dự phòng cho kìm cắt móng
lò xo cho kìm cắt móng
thanh dụng cụ cơ bản, ngắn, dài 75 mm
lò xo, đường kính 162 mm, dài 30 mm
lò xo, đường kính 75 mm, dài 30 mm
khung cố định cho hộp đựng miniset
tay cầm cho nắp khay miniset
khung cài hộp marsafe, màu xám, màu xám
khung cài hộp marsafe, màu đỏ, màu đỏ
khung cài hộp marsafe, màu xanh dương, màu xanh dương
khung cài hộp marsafe, màu cam, màu cam
khung cài hộp marsafe, màu xanh lá, màu xanh lá
khung cài hộp marsafe, màu xám nhạt, màu xám nhạt
dụng cụ hỗ trợ thay khung cài  marsafe
cặp ghim màu xám, 2018 microstop, màu xám, màu xám
đĩa microstop màu xanh lá
dụng cụ hỗ trợ thay đĩa microstop
đĩa màu xanh biển microstop, 2018, 2018
kẹp màu đỏ microstop, 2018, 2018
kẹp màu xanh dương microstop, 2018, 2018
kẹp màu cam microstop, 2018, 2018
kẹp màu xanh lá microstop, 2018, 2018
đáy hộp đựng và bảo quản dụng cụ martray, cỡ mini, cỡ mini, dài 19 mm
đáy hộp đựng và bảo quản dụng cụ martray, cỡ mini, cỡ mini, dài 38 mm
tấm tay cầm miniset microstop
đĩa microstop màu vàng
đĩa microstop màu vàng k.storz
đĩa microstop màu vàng geuder
kẹp cố định
